#ifndef _BOOT_LOADER_H_
#define _BOOT_LOADER_H_
#if 0
#define BK3262_BOOT_SPACE      (0x18000)
//volatile uint32 const __attribute__((section(".bootloader"))) boot_code[BK3262_BOOT_SPACE >>2] = 
volatile uint8 const __attribute__((section(".bootloader"))) boot_code[BK3262_BOOT_SPACE] =
{ // 20170608(20170523bootloader)
0x00, 0x00, 0x00, 0x00, 0x00, 0x00, 0x00, 0x00, 0x0f, 0xb8, 0x00, 0x00, 0x00, 0x00, 0x00, 0x00,
0x4a, 0x85, 0xd8, 0x00, 0x18, 0x04, 0x00, 0x00, 0x4b, 0xc5, 0xd8, 0x00, 0x18, 0x04, 0x00, 0x00,
0x4b, 0x15, 0xd8, 0x00, 0x18, 0x04, 0x00, 0x00, 0x4b, 0xb5, 0xd8, 0x00, 0x18, 0x04, 0x00, 0x00,
0x4b, 0x4d, 0xd8, 0x00, 0x18, 0x04, 0x00, 0x00, 0x4a, 0xad, 0xd8, 0x00, 0x18, 0x04, 0x00, 0x00,
0x4b, 0xed, 0xd8, 0x00, 0x18, 0x04, 0x00, 0x00, 0x4a, 0x5d, 0xd8, 0x00, 0x18, 0x04, 0x00, 0x00,
0x00, 0x00, 0x00, 0x00, 0x00, 0x00, 0x00, 0x00, 0x00, 0x00, 0x00, 0x00, 0x00, 0x00, 0x00, 0x00,
0x4b, 0x1d, 0xd8, 0x00, 0x18, 0x04, 0x00, 0x00, 0x4a, 0xdd, 0xd8, 0x00, 0x18, 0x04, 0x00, 0x00,
0x4b, 0xbd, 0xd8, 0x00, 0x18, 0x04, 0x00, 0x00, 0x4a, 0x03, 0xd8, 0x00, 0x18, 0x04, 0x00, 0x98,
0x20, 0x3f, 0xe4, 0x82, 0x00, 0x94, 0x21, 0x1f, 0xff, 0xff, 0xff, 0x49, 0x40, 0x38, 0x4a, 0xaa,
0x00, 0x4a, 0xce, 0x00, 0x98, 0x60, 0x05, 0x20, 0x80, 0x00, 0x98, 0x80, 0x00, 0x00, 0x02, 0x00,
0x98, 0xa0, 0x3d, 0x10, 0x02, 0x00, 0xd3, 0x88, 0x50, 0x80, 0x2d, 0x03, 0x40, 0x2d, 0x04, 0x00,
0x00, 0x72, 0x00, 0x92, 0x0d, 0x3f, 0x98, 0x60, 0x3a, 0xb0, 0x80, 0x00, 0x98, 0x80, 0x03, 0x10,
0x02, 0x00, 0x98, 0xa0, 0x37, 0xf0, 0x02, 0x00, 0xd3, 0x88, 0x50, 0x80, 0x2d, 0x03, 0x40, 0x2d,
0x04, 0x00, 0x00, 0x72, 0x00, 0x92, 0x0d, 0x3f, 0x98, 0x60, 0x07, 0x40, 0x00, 0x00, 0x98, 0x80,
0x00, 0x14, 0x82, 0x00, 0x98, 0xa0, 0x00, 0x14, 0x82, 0x00, 0xd3, 0x88, 0x50, 0x80, 0x2d, 0x03,
0x40, 0x2d, 0x04, 0x00, 0x00, 0x72, 0x00, 0x92, 0x0d, 0x3f, 0x98, 0x60, 0x0f, 0xf0, 0x02, 0x00,
0x98, 0x80, 0x2c, 0x08, 0x02, 0x00, 0x4a, 0xf4, 0x00, 0x98, 0x60, 0x1c, 0x08, 0x02, 0x00, 0x98,
0x80, 0x2c, 0x6a, 0x02, 0x00, 0x49, 0xd4, 0x00, 0x98, 0x60, 0x1c, 0x6a, 0x02, 0x00, 0x98, 0x80,
0x1c, 0x6a, 0x02, 0x00, 0x4b, 0xe4, 0x00, 0x98, 0x60, 0x1c, 0x6a, 0x02, 0x00, 0x98, 0x80, 0x03,
0xe4, 0x82, 0x00, 0x49, 0x58, 0x00, 0x98, 0x40, 0x37, 0xf8, 0x02, 0x00, 0x4a, 0x50, 0x28, 0x00,
0x18, 0x0d, 0xff, 0xcc, 0x21, 0x1f, 0x7f, 0xd8, 0x21, 0x1f, 0x7f, 0x54, 0x41, 0xa0, 0x54, 0xa1,
0x88, 0x55, 0x01, 0xf8, 0x56, 0x01, 0xfc, 0x57, 0x01, 0xfa, 0xa9, 0xa0, 0x04, 0x00, 0x00, 0x00,
0xa9, 0xc0, 0x02, 0x00, 0x00, 0x00, 0xa9, 0xe0, 0x0c, 0x00, 0x00, 0x00, 0x55, 0xa1, 0xbe, 0x04,
0x61, 0x4b, 0xc0, 0x24, 0x51, 0xa1, 0xbe, 0xa9, 0xa0, 0x04, 0x00, 0x00, 0x01, 0xa9, 0xc0, 0x02,
0x00, 0x00, 0x01, 0xa9, 0xe0, 0x0c, 0x00, 0x00, 0x01, 0x50, 0x41, 0xa0, 0x50, 0xa1, 0x88, 0x51,
0x01, 0xf8, 0x52, 0x01, 0xfc, 0x53, 0x01, 0xfa, 0x2c, 0x21, 0x40, 0x04, 0x00, 0xd3, 0x86, 0x4c,
0x40, 0x00, 0x72, 0x90, 0xc0, 0xf7, 0x7d, 0xb5, 0x7b, 0xd3, 0xc6, 0x45, 0x00, 0xcc, 0xc3, 0x3f,
0xff, 0x0c, 0x3f, 0x00, 0x73, 0xd3, 0x86, 0x4d, 0x00, 0x20, 0xc3, 0x00, 0x00, 0x78, 0x0f, 0xbf,
0x47, 0xd0, 0x00, 0xd3, 0x86, 0x4b, 0x80, 0x00, 0x72, 0xd3, 0xc6, 0x45, 0x00, 0xcc, 0x03, 0x3f,
0xff, 0x0d, 0xbf, 0x00, 0x73, 0xd3, 0x86, 0x4d, 0x00, 0x20, 0x03, 0x00, 0x00, 0x78, 0x0f, 0xbf,
0x47, 0xd0, 0x00, 0xa8, 0x60, 0xa0, 0x00, 0x00, 0x00, 0xd2, 0x86, 0x04, 0xe0, 0xa8, 0x80, 0x88,
0x00, 0x00, 0x00, 0x94, 0x84, 0xef, 0xff, 0xff, 0xff, 0xa8, 0x80, 0x88, 0x00, 0x00, 0x01, 0x94,
0x63, 0x00, 0x00, 0x20, 0x00, 0xd2, 0x86, 0x01, 0x80, 0xa8, 0x00, 0x28, 0x00, 0x00, 0x01, 0x98,
0x60, 0x2f, 0xff, 0xff, 0xff, 0xa8, 0x60, 0xa8, 0x00, 0x00, 0x01, 0x0f, 0xb0, 0xa8, 0xa0, 0xa0,
0x00, 0x00, 0x00, 0x94, 0xc5, 0x00, 0xf0, 0x00, 0x00, 0x6c, 0xc6, 0x11, 0x00, 0xd4, 0x38, 0xe0,
0x80, 0x60, 0xe7, 0x36, 0x34, 0xa5, 0x0f, 0x6c, 0xa5, 0x21, 0x60, 0xc5, 0x34, 0x38, 0xa0, 0x80,
0x60, 0xa5, 0x36, 0x38, 0xc0, 0x00, 0xa8, 0xc0, 0xc0, 0x18, 0x00, 0x01, 0x08, 0xc7, 0xd3, 0x8a,
0x61, 0xff, 0x38, 0x84, 0x10, 0xa8, 0x80, 0x88, 0x00, 0x00, 0x01, 0x47, 0xd0, 0x00, 0xa8, 0x60,
0x60, 0x00, 0x00, 0x00, 0xd2, 0x86, 0x04, 0xe0, 0xa8, 0x80, 0x88, 0x00, 0x00, 0x00, 0x94, 0x84,
0xf7, 0xff, 0xff, 0xff, 0xa8, 0x80, 0x88, 0x00, 0x00, 0x01, 0x94, 0x63, 0x00, 0x00, 0x20, 0x00,
0xd2, 0x86, 0x01, 0x80, 0xa8, 0x00, 0x28, 0x00, 0x00, 0x01, 0x98, 0x60, 0x4f, 0xff, 0xff, 0xff,
0xa8, 0x60, 0xa8, 0x00, 0x00, 0x01, 0x0f, 0xb0, 0xa8, 0xa0, 0x60, 0x00, 0x00, 0x00, 0x94, 0xc5,
0x00, 0xf0, 0x00, 0x00, 0x6c, 0xc6, 0x11, 0x00, 0xd4, 0x38, 0xe0, 0x80, 0x60, 0xe7, 0x36, 0x34,
0xa5, 0x0f, 0x6c, 0xa5, 0x21, 0x60, 0xc5, 0x34, 0x38, 0xa0, 0x80, 0x60, 0xa5, 0x36, 0x38, 0xc0,
0x00, 0xa8, 0xc0, 0x40, 0x04, 0x00, 0x01, 0x08, 0xc7, 0xd3, 0x8a, 0x61, 0xff, 0x38, 0x84, 0x08,
0xa8, 0x80, 0x88, 0x00, 0x00, 0x01, 0x47, 0xd0, 0x00, 0x00, 0x00, 0x00, 0x00, 0x00, 0x00, 0x00,
0xcd, 0x41, 0x3f, 0xff, 0x05, 0x41, 0xcc, 0x6a, 0x2f, 0xff, 0x00, 0x10, 0xcc, 0xea, 0x6f, 0xff,
0x3e, 0x07, 0x34, 0x60, 0xc0, 0x35, 0x6c, 0xc6, 0xf9, 0x3e, 0x06, 0x30, 0x00, 0xff, 0xcc, 0xea,
0x2f, 0xff, 0x41, 0x06, 0x57, 0xcd, 0x41, 0x7f, 0xff, 0x47, 0xd2, 0x48, 0xcd, 0x41, 0x3f, 0xff,
0x05, 0x41, 0xcc, 0x6a, 0x37, 0xff, 0x0e, 0x60, 0xcc, 0x0a, 0x2f, 0xff, 0x0c, 0xc0, 0xcc, 0xea,
0x6f, 0xff, 0x00, 0xf8, 0xcc, 0xea, 0x2f, 0xff, 0xcc, 0xea, 0x6f, 0xff, 0x40, 0x07, 0x4f, 0xcc,
0xea, 0x77, 0xff, 0x3e, 0x07, 0x34, 0x60, 0xc0, 0x35, 0x6c, 0xc6, 0xf9, 0x3e, 0x06, 0x30, 0x00,
0xff, 0xcc, 0xea, 0x37, 0xff, 0x41, 0x06, 0xcb, 0xcd, 0x41, 0x7f, 0xff, 0x47, 0xd2, 0x48, 0xcd,
0x41, 0x3f, 0xff, 0x05, 0x41, 0xcc, 0x6a, 0x37, 0xff, 0x0f, 0xe0, 0xcc, 0x0a, 0x2f, 0xff, 0x0c,
0xc0, 0xcc, 0xea, 0x6f, 0xff, 0x00, 0xf8, 0xcc, 0xea, 0x2f, 0xff, 0xcc, 0xea, 0x6f, 0xff, 0x9f,
0x47, 0x46, 0x98, 0x00, 0x00, 0x47, 0x23, 0x7f, 0xcc, 0xea, 0x77, 0xff, 0x3e, 0x07, 0x34, 0x60,
0xc0, 0x35, 0x6c, 0xc6, 0xf9, 0x3e, 0x06, 0x30, 0x00, 0xff, 0xcc, 0xea, 0x37, 0xff, 0x41, 0x06,
0xb3, 0xcd, 0x41, 0x7f, 0xff, 0x47, 0xd2, 0x48, 0x47, 0xa4, 0x40, 0x31, 0x41, 0x08, 0x04, 0xe3,
0xc0, 0xea, 0xef, 0xff, 0x4b, 0xc2, 0xd0, 0x04, 0xe3, 0x40, 0x07, 0xe0, 0x00, 0xe8, 0x0c, 0x80,
0x00, 0xe0, 0x04, 0x67, 0x47, 0xb4, 0x40, 0xcd, 0x41, 0x3f, 0xff, 0x05, 0x41, 0x04, 0xe3, 0xc0,
0xea, 0xef, 0xff, 0x00, 0xe0, 0x04, 0x67, 0xcd, 0x41, 0x7f, 0xff, 0x47, 0xd2, 0x48, 0x47, 0xa4,
0x60, 0x31, 0x41, 0x04, 0x04, 0xe3, 0xcc, 0x8a, 0x17, 0xff, 0xcc, 0xaa, 0x27, 0xff, 0xcc, 0xca,
0x07, 0xff, 0xc0, 0xea, 0xf7, 0xff, 0xcc, 0xca, 0x67, 0xff, 0xcc, 0xea, 0x47, 0xff, 0x04, 0x66,
0x04, 0x87, 0xcc, 0xaa, 0x57, 0xff, 0x49, 0x91, 0x50, 0xcc, 0x6a, 0x2f, 0xff, 0xcc, 0xea, 0x6f,
0xff, 0x40, 0x07, 0x28, 0x98, 0x60, 0x09, 0x3f, 0x00, 0x00, 0xcc, 0x8a, 0x6f, 0xff, 0x49, 0x73,
0xd0, 0x00, 0xe8, 0x0c, 0x80, 0x00, 0xe0, 0x04, 0x67, 0x47, 0xb4, 0x60, 0x47, 0xa4, 0x40, 0x31,
0x41, 0x08, 0xcc, 0x6a, 0x2f, 0xff, 0xcc, 0x8a, 0x0f, 0xff, 0xcc, 0xea, 0x6f, 0xff, 0x24, 0xc7,
0x80, 0xcc, 0xea, 0x6f, 0xff, 0x30, 0xe7, 0x38, 0x04, 0x66, 0x04, 0x87, 0xcc, 0xaa, 0x4f, 0xff,
0x00, 0xc8, 0x48, 0xc7, 0xff, 0x04, 0xe3, 0x40, 0x07, 0xe0, 0x00, 0xe2, 0x0e, 0xdc, 0xcc, 0xea,
0x6f, 0xff, 0xc4, 0xe7, 0xd8, 0x40, 0x6c, 0xe7, 0x10, 0x3e, 0x07, 0x33, 0xcc, 0xea, 0x6f, 0xff,
0xc4, 0xe7, 0x58, 0x40, 0x3e, 0x07, 0x3b, 0x60, 0xe6, 0x39, 0x3e, 0x07, 0x3b, 0x9d, 0x87, 0xaa,
0x55, 0xff, 0xff, 0x47, 0x2e, 0x00, 0x00, 0xe4, 0x0e, 0x0c, 0xcc, 0xea, 0x6f, 0xff, 0x24, 0xe7,
0xc4, 0x6c, 0xc7, 0x18, 0xcc, 0xea, 0x6f, 0xff, 0x24, 0xe7, 0x44, 0x6c, 0xe7, 0x08, 0x60, 0xc6,
0x39, 0xcc, 0xea, 0x6f, 0xff, 0x24, 0xe7, 0x84, 0x6c, 0xe7, 0x10, 0x60, 0xc6, 0x39, 0xcc, 0xea,
0x6f, 0xff, 0x24, 0xe7, 0x04, 0x60, 0xe6, 0x39, 0x9d, 0xc7, 0x1a, 0x62, 0x82, 0x2a, 0x47, 0x2e,
0x00, 0x00, 0xe8, 0x0d, 0x84, 0xcc, 0xea, 0x6f, 0xff, 0x24, 0xe7, 0xaa, 0x6c, 0xc7, 0x18, 0xcc,
0xea, 0x6f, 0xff, 0x24, 0xe7, 0x2a, 0x6c, 0xe7, 0x08, 0x60, 0xc6, 0x39, 0xcc, 0xea, 0x6f, 0xff,
0x24, 0xe7, 0xca, 0x6c, 0xe7, 0x10, 0x60, 0xc6, 0x39, 0xcc, 0xea, 0x6f, 0xff, 0x24, 0xe7, 0x4a,
0x60, 0xe6, 0x39, 0x94, 0xe7, 0xff, 0xff, 0xff, 0x00, 0x9d, 0xc7, 0x62, 0x82, 0x2a, 0x00, 0x47,
0x2e, 0x00, 0x00, 0xe0, 0x0e, 0x88, 0xcc, 0xea, 0x6f, 0xff, 0x24, 0xe7, 0x8e, 0x6c, 0xc7, 0x18,
0xcc, 0xea, 0x6f, 0xff, 0x24, 0xe7, 0x0e, 0x6c, 0xe7, 0x08, 0x60, 0xc6, 0x39, 0xcc, 0xea, 0x6f,
0xff, 0x24, 0xe7, 0xf6, 0x6c, 0xe7, 0x10, 0x60, 0xc6, 0x39, 0xcc, 0xea, 0x6f, 0xff, 0x24, 0xe7,
0x76, 0x60, 0xe6, 0x39, 0x94, 0xe7, 0xff, 0xff, 0xff, 0x00, 0x9d, 0xc7, 0x62, 0x82, 0x2a, 0x00,
0x47, 0x2e, 0x00, 0x00, 0xe0, 0x0c, 0x80, 0x00, 0xec, 0x04, 0x67, 0x47, 0xb4, 0x40, 0x47, 0xa4,
0x50, 0x31, 0x41, 0x0c, 0xcc, 0x6a, 0x2b, 0xff, 0x04, 0xe4, 0xc0, 0xea, 0xcb, 0xff, 0xcc, 0xea,
0x6b, 0xff, 0xcc, 0xea, 0x27, 0xff, 0xcc, 0xea, 0x67, 0xff, 0x41, 0x07, 0x90, 0x38, 0xe0, 0x30,
0x46, 0xa4, 0xa0, 0xcc, 0xea, 0x67, 0xff, 0x24, 0xe7, 0x00, 0x40, 0x07, 0x24, 0xcc, 0xea, 0x67,
0xff, 0x24, 0xe7, 0x80, 0x04, 0x67, 0x4a, 0x09, 0xff, 0x04, 0xe3, 0xc0, 0xea, 0xc7, 0xff, 0xc4,
0xea, 0xc7, 0xff, 0x34, 0xe7, 0x80, 0x41, 0x07, 0x10, 0x00, 0xe0, 0x46, 0x5f, 0x20, 0xcc, 0xea,
0x67, 0xff, 0x20, 0x07, 0x00, 0xcc, 0xea, 0x67, 0xff, 0x20, 0x07, 0x80, 0xcc, 0xea, 0x67, 0xff,
0x24, 0xe7, 0x80, 0x04, 0x67, 0x4b, 0x3e, 0xff, 0x04, 0xe3, 0xc0, 0xea, 0xc7, 0xff, 0xc4, 0xea,
0xc7, 0xff, 0x34, 0xe7, 0x80, 0x40, 0x07, 0x10, 0x00, 0xec, 0x46, 0xd3, 0x20, 0xcc, 0x0a, 0x0f,
0xff, 0xcc, 0x6a, 0x67, 0xff, 0xcc, 0x8a, 0x4f, 0xff, 0x4b, 0x29, 0xff, 0x04, 0xe3, 0xc0, 0xea,
0xef, 0xff, 0xc4, 0xea, 0xef, 0xff, 0x41, 0xc7, 0x56, 0xcc, 0xea, 0x67, 0xff, 0xd8, 0xe7, 0x5b,
0x80, 0xcc, 0xea, 0x3b, 0xff, 0xcc, 0xea, 0x7b, 0xff, 0x00, 0xf2, 0x24, 0xe7, 0x00, 0x40, 0x07,
0x4a, 0xcc, 0xea, 0x7b, 0xff, 0x30, 0xe7, 0xd0, 0x24, 0xe7, 0x00, 0x6c, 0xc7, 0x18, 0xcc, 0xea,
0x7b, 0xff, 0x30, 0xe7, 0x50, 0x24, 0xe7, 0x00, 0x6c, 0xe7, 0x08, 0x60, 0xc6, 0x39, 0xcc, 0xea,
0x7b, 0xff, 0x30, 0xe7, 0x90, 0x24, 0xe7, 0x00, 0x6c, 0xe7, 0x10, 0x60, 0xc6, 0x39, 0xcc, 0xea,
0x7b, 0xff, 0x30, 0xe7, 0x10, 0x24, 0xe7, 0x00, 0x60, 0xe6, 0x39, 0xcc, 0xea, 0x0f, 0xff, 0xcc,
0x6a, 0x67, 0xff, 0xcc, 0x8a, 0x4f, 0xff, 0x4a, 0x9e, 0xff, 0x04, 0xe3, 0xc0, 0xea, 0xef, 0xff,
0xc4, 0xea, 0xef, 0xff, 0x41, 0x27, 0x90, 0x38, 0xe0, 0xb0, 0x46, 0xdc, 0x20, 0xc4, 0xea, 0xef,
0xff, 0x40, 0x47, 0x50, 0xc4, 0xea, 0xef, 0xff, 0x41, 0xc7, 0x10, 0x00, 0xe8, 0x46, 0x14, 0x20,
0xc4, 0xea, 0xef, 0xff, 0xd0, 0x60, 0x72, 0xe8, 0xcc, 0xea, 0x67, 0xff, 0x24, 0xe7, 0x11, 0x00,
0xc8, 0x60, 0xe6, 0x3e, 0x9d, 0x87, 0x00, 0x40, 0x00, 0x00, 0x47, 0x29, 0x00, 0x38, 0xe0, 0xb0,
0x46, 0xa0, 0x20, 0xcc, 0xea, 0x67, 0xff, 0x24, 0xe7, 0xce, 0x6c, 0xc7, 0x18, 0xcc, 0xea, 0x67,
0xff, 0x24, 0xe7, 0x4e, 0x6c, 0xe7, 0x08, 0x60, 0xc6, 0x39, 0xcc, 0xea, 0x67, 0xff, 0x24, 0xe7,
0x8e, 0x6c, 0xe7, 0x10, 0x60, 0xc6, 0x39, 0xcc, 0xea, 0x67, 0xff, 0x24, 0xe7, 0x0e, 0x60, 0xc6,
0x39, 0xcc, 0xea, 0x67, 0xff, 0x2c, 0xc7, 0x30, 0xcc, 0xea, 0x67, 0xff, 0x24, 0xc7, 0x51, 0xcc,
0xea, 0x67, 0xff, 0x20, 0xc7, 0xc0, 0xcc, 0xea, 0x67, 0xff, 0x24, 0xe7, 0xf6, 0x6c, 0xc7, 0x18,
0xcc, 0xea, 0x67, 0xff, 0x24, 0xe7, 0x76, 0x6c, 0xe7, 0x08, 0x60, 0xc6, 0x39, 0xcc, 0xea, 0x67,
0xff, 0x24, 0xe7, 0xb6, 0x6c, 0xe7, 0x10, 0x60, 0xc6, 0x39, 0xcc, 0xea, 0x67, 0xff, 0x24, 0xe7,
0x36, 0x60, 0xc6, 0x39, 0xcc, 0xea, 0x4f, 0xff, 0x08, 0xc7, 0xcc, 0xea, 0x67, 0xff, 0x2c, 0xc7,
0x28, 0xcc, 0xea, 0x67, 0xff, 0x24, 0xe7, 0x91, 0x00, 0xc8, 0x60, 0xe6, 0x3e, 0x3e, 0x07, 0x30,
0xcc, 0xea, 0x67, 0xff, 0x20, 0xc7, 0x40, 0xcc, 0xea, 0x67, 0xff, 0x24, 0xe7, 0xde, 0x6c, 0xc7,
0x18, 0xcc, 0xea, 0x67, 0xff, 0x24, 0xe7, 0x5e, 0x6c, 0xe7, 0x08, 0x60, 0xc6, 0x39, 0xcc, 0xea,
0x67, 0xff, 0x24, 0xe7, 0x9e, 0x6c, 0xe7, 0x10, 0x60, 0xc6, 0x39, 0xcc, 0xea, 0x67, 0xff, 0x24,
0xe7, 0x1e, 0x60, 0xc6, 0x39, 0xcc, 0xea, 0x67, 0xff, 0x2c, 0xc7, 0x08, 0xcc, 0xea, 0x67, 0xff,
0x24, 0xe7, 0xfe, 0x6c, 0xc7, 0x18, 0xcc, 0xea, 0x67, 0xff, 0x24, 0xe7, 0x7e, 0x6c, 0xe7, 0x08,
0x60, 0xc6, 0x39, 0xcc, 0xea, 0x67, 0xff, 0x24, 0xe7, 0xbe, 0x6c, 0xe7, 0x10, 0x60, 0xc6, 0x39,
0xcc, 0xea, 0x67, 0xff, 0x24, 0xe7, 0x3e, 0x60, 0xc6, 0x39, 0xcc, 0xea, 0x67, 0xff, 0x2c, 0xc7,
0x18, 0xcc, 0xea, 0x67, 0xff, 0x24, 0xe7, 0xee, 0x6c, 0xc7, 0x18, 0xcc, 0xea, 0x67, 0xff, 0x24,
0xe7, 0x6e, 0x6c, 0xe7, 0x08, 0x60, 0xc6, 0x39, 0xcc, 0xea, 0x67, 0xff, 0x24, 0xe7, 0xae, 0x6c,
0xe7, 0x10, 0x60, 0xc6, 0x39, 0xcc, 0xea, 0x67, 0xff, 0x24, 0xe7, 0x2e, 0x60, 0xc6, 0x39, 0xcc,
0xea, 0x4f, 0xff, 0x08, 0xc7, 0xcc, 0xea, 0x67, 0xff, 0xcc, 0xc7, 0x38, 0x40, 0xcc, 0xea, 0x67,
0xff, 0x28, 0x07, 0x10, 0xcc, 0xea, 0x67, 0xff, 0x00, 0xc2, 0x20, 0xc7, 0x00, 0xcc, 0xea, 0x67,
0xff, 0xcc, 0x07, 0x04, 0x40, 0x46, 0xb1, 0x40, 0xc4, 0xea, 0xef, 0xff, 0x41, 0x07, 0x94, 0xcc,
0xea, 0x67, 0xff, 0x24, 0xe7, 0x14, 0x6c, 0xe7, 0x10, 0x3e, 0x07, 0x33, 0xcc, 0xea, 0x67, 0xff,
0x24, 0xe7, 0xe4, 0x3e, 0x07, 0x3b, 0x60, 0xe6, 0x39, 0x3e, 0x07, 0x3b, 0x9d, 0x87, 0x00, 0x40,
0x00, 0x00, 0x47, 0x29, 0x00, 0x38, 0xe0, 0xb0, 0x46, 0xbe, 0x40, 0xcc, 0xea, 0x67, 0xff, 0x24,
0xe7, 0xcc, 0x6c, 0xe7, 0x10, 0x3e, 0x07, 0x33, 0xcc, 0xea, 0x67, 0xff, 0x24, 0xe7, 0x4c, 0x3e,
0x07, 0x3b, 0x60, 0xe6, 0x39, 0x3e, 0x07, 0x3b, 0x3e, 0x07, 0x3a, 0xcc, 0xea, 0x37, 0xff, 0xcc,
0xea, 0x77, 0xff, 0x41, 0x07, 0xac, 0xcc, 0xea, 0x67, 0xff, 0x24, 0xe7, 0xc2, 0x6c, 0xc7, 0x18,
0xcc, 0xea, 0x67, 0xff, 0x24, 0xe7, 0x42, 0x6c, 0xe7, 0x08, 0x60, 0xc6, 0x39, 0xcc, 0xea, 0x67,
0xff, 0x24, 0xe7, 0x82, 0x6c, 0xe7, 0x10, 0x60, 0xc6, 0x39, 0xcc, 0xea, 0x67, 0xff, 0x24, 0xe7,
0x02, 0x60, 0xe6, 0x39, 0xcc, 0xea, 0x37, 0xff, 0xcc, 0xea, 0x67, 0xff, 0xcc, 0xca, 0x77, 0xff,
0x2c, 0xc7, 0x30, 0xcc, 0xea, 0x67, 0xff, 0x24, 0xc7, 0x34, 0xcc, 0xea, 0x67, 0xff, 0x20, 0xc7,
0xc0, 0xcc, 0xea, 0x67, 0xff, 0x24, 0xe7, 0xc0, 0xcc, 0xca, 0x77, 0xff, 0x64, 0xe6, 0x3b, 0xcc,
0xea, 0x37, 0xff, 0xcc, 0xea, 0x67, 0xff, 0x24, 0xe7, 0xd4, 0x6c, 0xe7, 0x10, 0x3e, 0x07, 0x33,
0xcc, 0xea, 0x67, 0xff, 0x24, 0xe7, 0x54, 0x3e, 0x07, 0x3b, 0x60, 0xe6, 0x39, 0x3e, 0x07, 0x3b,
0x3e, 0x07, 0x3a, 0x04, 0xc7, 0xcc, 0xea, 0x4f, 0xff, 0x08, 0xc7, 0xcc, 0xea, 0x67, 0xff, 0x2c,
0xc7, 0x28, 0xcc, 0xea, 0x67, 0xff, 0x24, 0xc7, 0x94, 0xcc, 0xea, 0x67, 0xff, 0x20, 0xc7, 0x40,
0xcc, 0xea, 0x67, 0xff, 0x24, 0xe7, 0x74, 0x6c, 0xe7, 0x10, 0x3e, 0x07, 0x33, 0xcc, 0xea, 0x67,
0xff, 0x24, 0xe7, 0xb4, 0x3e, 0x07, 0x3b, 0x60, 0xe6, 0x39, 0x3e, 0x07, 0x3b, 0x3e, 0x07, 0x32,
0xcc, 0xea, 0x67, 0xff, 0x28, 0xc7, 0x10, 0xcc, 0xea, 0x67, 0xff, 0x24, 0xe7, 0x0c, 0x6c, 0xe7,
0x10, 0x3e, 0x07, 0x33, 0xcc, 0xea, 0x67, 0xff, 0x24, 0xe7, 0xf4, 0x3e, 0x07, 0x3b, 0x60, 0xe6,
0x39, 0x3e, 0x07, 0x3b, 0x3e, 0x07, 0x3a, 0xcc, 0xea, 0x17, 0xff, 0xcc, 0xea, 0x57, 0xff, 0x41,
0x07, 0xac, 0xcc, 0xea, 0x67, 0xff, 0x24, 0xe7, 0xfc, 0x6c, 0xc7, 0x18, 0xcc, 0xea, 0x67, 0xff,
0x24, 0xe7, 0x7c, 0x6c, 0xe7, 0x08, 0x60, 0xc6, 0x39, 0xcc, 0xea, 0x67, 0xff, 0x24, 0xe7, 0xbc,
0x6c, 0xe7, 0x10, 0x60, 0xc6, 0x39, 0xcc, 0xea, 0x67, 0xff, 0x24, 0xe7, 0x3c, 0x60, 0xe6, 0x39,
0xcc, 0xea, 0x17, 0xff, 0xcc, 0xea, 0x67, 0xff, 0x24, 0xe7, 0xd4, 0x6c, 0xe7, 0x10, 0x3e, 0x07,
0x33, 0xcc, 0xea, 0x67, 0xff, 0x24, 0xe7, 0x54, 0x3e, 0x07, 0x3b, 0x60, 0xe6, 0x39, 0x3e, 0x07,
0x3b, 0x3e, 0x07, 0x3a, 0xcc, 0xca, 0x57, 0xff, 0x60, 0xc6, 0x3d, 0xcc, 0xea, 0x77, 0xff, 0x60,
0xc6, 0x3d, 0xcc, 0xea, 0x67, 0xff, 0x28, 0xe7, 0x90, 0x6c, 0xe7, 0x21, 0x3e, 0x07, 0x3a, 0x60,
0xc6, 0x3d, 0xcc, 0xea, 0x67, 0xff, 0x24, 0xe7, 0x40, 0x64, 0xe6, 0x3d, 0x00, 0xf4, 0xcc, 0xea,
0x1b, 0xff, 0xcc, 0xea, 0x67, 0xff, 0xcc, 0xca, 0x5b, 0xff, 0x2c, 0xc7, 0x08, 0x00, 0xe8, 0xc0,
0xea, 0xef, 0xff, 0xcc, 0xea, 0x5b, 0xff, 0x9f, 0x47, 0x6f, 0xf0, 0x00, 0x00, 0x47, 0x29, 0x00,
0x00, 0xe4, 0xc0, 0xea, 0xef, 0xff, 0xcc, 0xea, 0x5b, 0xff, 0x9f, 0x47, 0x6f, 0xff, 0x00, 0x00,
0x47, 0x29, 0x00, 0x00, 0xec, 0xc0, 0xea, 0xef, 0xff, 0xc4, 0xea, 0xef, 0xff, 0x41, 0xc7, 0x5c,
0xcc, 0xea, 0x67, 0xff, 0x24, 0xe7, 0xd2, 0x6c, 0xc7, 0x18, 0xcc, 0xea, 0x67, 0xff, 0x24, 0xe7,
0x52, 0x6c, 0xe7, 0x08, 0x60, 0xc6, 0x39, 0xcc, 0xea, 0x67, 0xff, 0x24, 0xe7, 0x92, 0x6c, 0xe7,
0x10, 0x60, 0xc6, 0x39, 0xcc, 0xea, 0x67, 0xff, 0x24, 0xe7, 0x12, 0x60, 0xc6, 0x39, 0xcc, 0xea,
0x67, 0xff, 0x2c, 0xc7, 0x18, 0x0d, 0xa0, 0xcc, 0xea, 0x67, 0xff, 0x2c, 0xc7, 0x68, 0xcc, 0xea,
0x77, 0xff, 0x08, 0xc7, 0xcc, 0xea, 0x67, 0xff, 0x2c, 0xc7, 0x18, 0xcc, 0xea, 0x67, 0xff, 0x2c,
0xc7, 0x68, 0xcc, 0xea, 0x77, 0xff, 0x08, 0xc7, 0xcc, 0xea, 0x67, 0xff, 0x28, 0xe7, 0x90, 0x6c,
0xe7, 0x21, 0x3e, 0x07, 0x3a, 0x08, 0xc7, 0xcc, 0xea, 0x67, 0xff, 0xcc, 0xc7, 0x38, 0x40, 0xcc,
0xea, 0x67, 0xff, 0xc4, 0xca, 0xef, 0xff, 0x20, 0xc7, 0x00, 0xcc, 0xea, 0x67, 0xff, 0xcc, 0x07,
0x04, 0x40, 0xc8, 0xe2, 0x9a, 0x2c, 0x00, 0xf8, 0x3e, 0x07, 0x3a, 0xc8, 0xe2, 0x1a, 0x2c, 0xc8,
0xc2, 0x9a, 0x2c, 0xcc, 0xea, 0x67, 0xff, 0x28, 0xc7, 0x60, 0x98, 0x60, 0x25, 0x3f, 0x00, 0x00,
0x48, 0x4c, 0x50, 0x00, 0xe0, 0x04, 0x67, 0x47, 0xb4, 0x50, 0x47, 0xa4, 0x40, 0x31, 0x41, 0x08,
0xd8, 0x62, 0x36, 0x4f, 0x00, 0x80, 0x48, 0x55, 0x7f, 0x04, 0xe3, 0xcc, 0xea, 0x2f, 0xff, 0xcc,
0xea, 0x6f, 0xff, 0x40, 0x07, 0x28, 0x98, 0x60, 0x7d, 0x3f, 0x00, 0x00, 0xcc, 0x8a, 0x6f, 0xff,
0x48, 0x64, 0x50, 0x00, 0xe8, 0x0c, 0x80, 0x00, 0xe0, 0x04, 0x67, 0x47, 0xb4, 0x40, 0xcd, 0x41,
0x3f, 0xff, 0x05, 0x41, 0x04, 0xe3, 0xcc, 0x8a, 0x17, 0xff, 0xc0, 0xea, 0xf7, 0xff, 0xc4, 0xea,
0xf7, 0xff, 0x40, 0x07, 0x10, 0x38, 0xe0, 0xd0, 0x0c, 0x48, 0xc4, 0xea, 0xf7, 0xff, 0x6c, 0xc7,
0x40, 0xd8, 0xe2, 0x3a, 0x2c, 0x08, 0xe6, 0x2c, 0xe7, 0x40, 0xcc, 0xea, 0x2f, 0xff, 0xcc, 0xea,
0x6f, 0xff, 0x40, 0x07, 0x50, 0xcc, 0xea, 0x6f, 0xff, 0x20, 0x07, 0x00, 0xcc, 0xea, 0x57, 0xff,
0x40, 0x07, 0x50, 0xcc, 0xea, 0x57, 0xff, 0x20, 0x07, 0x00, 0xc4, 0xea, 0xf7, 0xff, 0x6c, 0xc7,
0x40, 0xd8, 0xe2, 0x3a, 0x2c, 0x08, 0xe6, 0xcc, 0xca, 0x57, 0xff, 0x2c, 0xc7, 0x00, 0x00, 0xe0,
0x04, 0x67, 0xcd, 0x41, 0x7f, 0xff, 0x47, 0xd2, 0x48, 0x47, 0xa4, 0x00, 0x31, 0x41, 0x10, 0x00,
0x60, 0xd8, 0x82, 0x36, 0x4f, 0x4a, 0x47, 0xff, 0x04, 0xe3, 0x41, 0x07, 0xb8, 0x4a, 0xcb, 0xff,
0x04, 0xe3, 0x40, 0x07, 0xd0, 0xc0, 0x02, 0x25, 0x2f, 0x00, 0xe8, 0x0d, 0x20, 0x00, 0xe8, 0xc0,
0xe2, 0x25, 0x2f, 0x00, 0xe0, 0x0c, 0x40, 0xc0, 0x02, 0x25, 0x2f, 0x00, 0xe8, 0x04, 0x67, 0x47,
0xb4, 0x00, 0xcd, 0x41, 0x3f, 0xff, 0x05, 0x41, 0xcc, 0x6a, 0x2f, 0xff, 0xcc, 0x8a, 0x0f, 0xff,
0xcc, 0xea, 0x4f, 0xff, 0x00, 0xf7, 0xcc, 0xea, 0x0f, 0xff, 0xcc, 0xea, 0x6f, 0xff, 0x2c, 0xe7,
0x48, 0x30, 0xc7, 0x7f, 0xcc, 0xea, 0x4f, 0xff, 0xd3, 0xcc, 0x71, 0x00, 0x00, 0xe0, 0x0c, 0xe0,
0xcc, 0xea, 0x6f, 0xff, 0x24, 0xe7, 0x40, 0x04, 0xc7, 0xcc, 0xea, 0x4f, 0xff, 0x64, 0xc6, 0x3b,
0xcc, 0xea, 0x6f, 0xff, 0xcc, 0xe7, 0x78, 0x40, 0x08, 0xe6, 0x04, 0x67, 0xcd, 0x41, 0x7f, 0xff,
0x47, 0xd2, 0x48, 0x47, 0xa4, 0x60, 0x31, 0x41, 0x04, 0xcc, 0x6a, 0x27, 0xff, 0xcc, 0x8a, 0x07,
0xff, 0xcc, 0xea, 0x47, 0xff, 0xd2, 0x20, 0x7c, 0x80, 0xcc, 0xea, 0x67, 0xff, 0x2c, 0xc7, 0x48,
0xcc, 0xea, 0x47, 0xff, 0xd3, 0xcc, 0x71, 0x00, 0x00, 0xe8, 0x0c, 0xf6, 0xcc, 0xea, 0x67, 0xff,
0x24, 0xe7, 0x00, 0xd0, 0x10, 0x75, 0x30, 0x43, 0x47, 0x10, 0x40, 0x87, 0xd0, 0x0e, 0xa6, 0xd0,
0xc8, 0x7c, 0x98, 0x0e, 0x62, 0xcc, 0xea, 0x47, 0xff, 0xcc, 0xea, 0x2f, 0xff, 0xcc, 0xea, 0x6f,
0xff, 0x6c, 0xe7, 0x81, 0xcc, 0xca, 0x6f, 0xff, 0x08, 0xe6, 0xcc, 0xea, 0x2f, 0xff, 0xcc, 0xea,
0x67, 0xff, 0x2c, 0xc7, 0x68, 0xcc, 0xea, 0x6f, 0xff, 0x6c, 0xe7, 0x91, 0x08, 0xe6, 0xcc, 0x6a,
0x67, 0xff, 0x04, 0x87, 0x49, 0x67, 0x00, 0x04, 0xe3, 0xd0, 0x40, 0x7b, 0xa8, 0xcc, 0xea, 0x6f,
0xff, 0x94, 0xe7, 0xff, 0x80, 0x00, 0x00, 0xcc, 0xca, 0x67, 0xff, 0x08, 0xe6, 0x24, 0xe7, 0x38,
0xcc, 0xea, 0x0f, 0xff, 0xcc, 0xea, 0x6f, 0xff, 0x00, 0xf8, 0xcc, 0xea, 0x2f, 0xff, 0xcc, 0xea,
0x67, 0xff, 0x2c, 0xc7, 0x68, 0xcc, 0xea, 0x6f, 0xff, 0x6c, 0xe7, 0x91, 0x08, 0xe6, 0xcc, 0x6a,
0x67, 0xff, 0x04, 0x87, 0x49, 0x6b, 0x00, 0x04, 0xe3, 0xd0, 0x40, 0x78, 0x48, 0xcc, 0xea, 0x6f,
0xff, 0x94, 0xe7, 0xff, 0x80, 0x00, 0x00, 0xcc, 0xca, 0x67, 0xff, 0x08, 0xe6, 0x24, 0xe7, 0x38,
0x6c, 0xe7, 0x10, 0xcc, 0xca, 0x4f, 0xff, 0x60, 0xe6, 0x39, 0xcc, 0xea, 0x0f, 0xff, 0xcc, 0xea,
0x47, 0xff, 0x34, 0xe7, 0x80, 0x40, 0x07, 0x30, 0xcc, 0xea, 0x4f, 0xff, 0x6c, 0xe7, 0x21, 0x0c,
0xc0, 0xcc, 0xea, 0x4f, 0xff, 0x94, 0xe7, 0xff, 0xf0, 0x00, 0x00, 0x0f, 0x5c, 0xcc, 0xea, 0x67,
0xff, 0x2c, 0xc7, 0x68, 0xcc, 0xea, 0x47, 0xff, 0x6c, 0xe7, 0x11, 0x08, 0xe6, 0xcc, 0x6a, 0x67,
0xff, 0x04, 0x87, 0x4b, 0x7d, 0x00, 0x04, 0xe3, 0xd0, 0x40, 0x76, 0x30, 0xcc, 0xea, 0x47, 0xff,
0x6c, 0xe7, 0x80, 0x94, 0xe7, 0xff, 0x80, 0x00, 0x00, 0x30, 0xe7, 0x18, 0xcc, 0xca, 0x67, 0xff,
0x08, 0xe6, 0x00, 0xf2, 0xcc, 0xea, 0x37, 0xff, 0xcc, 0xea, 0x77, 0xff, 0x00, 0xf8, 0x24, 0xe7,
0x00, 0x6c, 0xe7, 0x10, 0x3e, 0x07, 0x33, 0xcc, 0xea, 0x77, 0xff, 0x24, 0xe7, 0x00, 0x3e, 0x07,
0x3b, 0x60, 0xe6, 0x39, 0x3e, 0x07, 0x3b, 0x3e, 0x07, 0x3a, 0x0c, 0xc4, 0xcc, 0xea, 0x67, 0xff,
0x2c, 0xc7, 0x68, 0xcc, 0xea, 0x47, 0xff, 0x6c, 0xe7, 0xe1, 0x08, 0xe6, 0xcc, 0x6a, 0x67, 0xff,
0x04, 0x87, 0x48, 0xe5, 0x00, 0x04, 0xe3, 0x41, 0x07, 0xd6, 0xcc, 0xea, 0x47, 0xff, 0x6c, 0xe7,
0x40, 0x94, 0xe7, 0xff, 0x80, 0x00, 0x00, 0x30, 0xe7, 0x18, 0xcc, 0xca, 0x67, 0xff, 0x08, 0xe6,
0x00, 0xf2, 0xcc, 0xea, 0x37, 0xff, 0xcc, 0xea, 0x77, 0xff, 0x00, 0xfc, 0x24, 0xe7, 0x00, 0x6c,
0xc7, 0x18, 0xcc, 0xea, 0x77, 0xff, 0x00, 0xf4, 0x24, 0xe7, 0x00, 0x6c, 0xe7, 0x08, 0x60, 0xc6,
0x39, 0xcc, 0xea, 0x77, 0xff, 0x00, 0xf8, 0x24, 0xe7, 0x00, 0x6c, 0xe7, 0x10, 0x60, 0xc6, 0x39,
0xcc, 0xea, 0x77, 0xff, 0x24, 0xe7, 0x00, 0x60, 0xe6, 0x39, 0x94, 0xe7, 0xff, 0xff, 0xff, 0xf0,
0x0d, 0xa0, 0x00, 0xe8, 0x0d, 0x20, 0x00, 0x10, 0x0c, 0xc0, 0x00, 0x10, 0x0c, 0x40, 0x00, 0x10,
0x0c, 0x80, 0x00, 0x10, 0x00, 0xef, 0x04, 0x67, 0x47, 0xb4, 0x60, 0x47, 0xa4, 0x20, 0x31, 0x41,
0x18, 0xcc, 0x6a, 0x37, 0xff, 0x04, 0xe4, 0xc8, 0xea, 0x57, 0xff, 0xcc, 0xea, 0x77, 0xff, 0xc8,
0xca, 0xd7, 0xff, 0x28, 0xc7, 0x60, 0xcc, 0xea, 0x77, 0xff, 0x2c, 0xe7, 0x40, 0x24, 0xe7, 0x00,
0xd0, 0x48, 0x7b, 0x90, 0xcc, 0xea, 0x77, 0xff, 0x2c, 0xe7, 0x78, 0xd0, 0x70, 0x74, 0x90, 0xcc,
0xea, 0x77, 0xff, 0x2c, 0xe7, 0x40, 0x24, 0xe7, 0x40, 0x6c, 0xe7, 0x20, 0xc8, 0xea, 0x4f, 0xff,
0xcc, 0xea, 0x77, 0xff, 0x2c, 0xe7, 0x50, 0xcc, 0xea, 0x2f, 0xff, 0xcc, 0xea, 0x77, 0xff, 0x2c,
0xe7, 0x40, 0x2c, 0xc7, 0x48, 0xcc, 0xea, 0x6f, 0xff, 0xd3, 0xcc, 0x78, 0x40, 0x00, 0xe4, 0x0d,
0x76, 0xcc, 0xea, 0x6f, 0xff, 0x00, 0xf8, 0xcc, 0xea, 0x2f, 0xff, 0xc8, 0xca, 0xd7, 0xff, 0xc8,
0xea, 0xcf, 0xff, 0x60, 0xe6, 0x3d, 0xc8, 0xea, 0x57, 0xff, 0xc8, 0xca, 0xd7, 0xff, 0xc8, 0xea,
0xcf, 0xff, 0xd3, 0x8c, 0x7f, 0xbf, 0xcc, 0xea, 0x77, 0xff, 0xcc, 0xca, 0x6f, 0xff, 0x2c, 0xc7,
0x30, 0xcc, 0xea, 0x77, 0xff, 0x2c, 0xc7, 0x40, 0xcc, 0xea, 0x77, 0xff, 0x2c, 0xe7, 0x70, 0x04,
0x66, 0x04, 0x87, 0x4b, 0xe2, 0xff, 0x04, 0xc3, 0xc8, 0xea, 0xd7, 0xff, 0x6c, 0xe7, 0x21, 0x3e,
0x07, 0x3a, 0x08, 0xc7, 0xcc, 0xea, 0x77, 0xff, 0x2c, 0xc7, 0x08, 0x0c, 0xf2, 0xcc, 0xea, 0x77,
0xff, 0x2c, 0xe7, 0x50, 0xcc, 0xea, 0x2f, 0xff, 0xcc, 0xea, 0x6f, 0xff, 0x40, 0x87, 0xa8, 0xcc,
0xea, 0x77, 0xff, 0x2c, 0xe7, 0x40, 0x2c, 0xc7, 0x48, 0xcc, 0xea, 0x6f, 0xff, 0xd3, 0xcc, 0x71,
0x00, 0x00, 0xe4, 0x0d, 0xb2, 0xcc, 0xea, 0x6f, 0xff, 0x41, 0x07, 0xd4, 0xcc, 0xea, 0x77, 0xff,
0x2c, 0xe7, 0x40, 0x24, 0xe7, 0x00, 0x40, 0xc7, 0x08, 0xcc, 0xea, 0x77, 0xff, 0x2c, 0xe7, 0x40,
0x24, 0xe7, 0x00, 0x41, 0x27, 0x88, 0xcc, 0xea, 0x77, 0xff, 0x2c, 0xe7, 0x40, 0x2c, 0xe7, 0x58,
0xcc, 0xea, 0x2f, 0xff, 0xcc, 0xea, 0x6f, 0xff, 0x41, 0x07, 0xc2, 0xcc, 0xea, 0x77, 0xff, 0xcc,
0xca, 0x6f, 0xff, 0x2c, 0xc7, 0x30, 0xcc, 0xea, 0x77, 0xff, 0x2c, 0xe7, 0x40, 0x28, 0xe7, 0x90,
0xc8, 0xca, 0xd7, 0xff, 0xd3, 0xce, 0x61, 0x00, 0x00, 0xe4, 0x0f, 0xec, 0xcc, 0xea, 0x77, 0xff,
0x2c, 0xe7, 0x40, 0x2c, 0xc7, 0x58, 0xc8, 0xea, 0xd7, 0xff, 0x6c, 0xe7, 0x21, 0x3e, 0x07, 0x3a,
0x08, 0xc7, 0xcc, 0xea, 0x77, 0xff, 0x2c, 0xc7, 0x08, 0x0d, 0xe4, 0xcc, 0xea, 0x77, 0xff, 0x2c,
0xe7, 0x40, 0x24, 0xe7, 0x40, 0x6c, 0xe7, 0x20, 0xc8, 0xea, 0x4f, 0xff, 0x0f, 0xc8, 0xcc, 0xea,
0x77, 0xff, 0x2c, 0xe7, 0x40, 0x04, 0x67, 0xcc, 0x8a, 0x6f, 0xff, 0x48, 0x64, 0xff, 0xcc, 0x6a,
0x2f, 0xff, 0xcc, 0xea, 0x6f, 0xff, 0xd0, 0x7e, 0x71, 0x00, 0x00, 0xe8, 0x0e, 0xc4, 0xcc, 0xea,
0x6f, 0xff, 0xd2, 0x20, 0x76, 0x80, 0xcc, 0xea, 0x77, 0xff, 0x2c, 0xe7, 0x40, 0x2c, 0xc7, 0x48,
0xcc, 0xea, 0x6f, 0xff, 0xd3, 0xcc, 0x71, 0x00, 0x00, 0xe4, 0x0f, 0xd8, 0xc8, 0xca, 0xd7, 0xff,
0xc8, 0xea, 0xcf, 0xff, 0x60, 0xe6, 0x3d, 0xc8, 0xea, 0x57, 0xff, 0xc8, 0xca, 0xd7, 0xff, 0xc8,
0xea, 0xcf, 0xff, 0xd3, 0x8c, 0x7d, 0x5f, 0xcc, 0xea, 0x77, 0xff, 0xcc, 0xca, 0x6f, 0xff, 0x2c,
0xc7, 0x30, 0xcc, 0xea, 0x77, 0xff, 0x2c, 0xe7, 0x40, 0x04, 0x67, 0xcc, 0x8a, 0x6f, 0xff, 0x4b,
0x1f, 0x7f, 0x04, 0xc3, 0xc8, 0xea, 0xd7, 0xff, 0x6c, 0xe7, 0x21, 0x3e, 0x07, 0x3a, 0x08, 0xc7,
0xcc, 0xea, 0x77, 0xff, 0x2c, 0xc7, 0x08, 0xcc, 0xea, 0x77, 0xff, 0x2c, 0xc7, 0x40, 0xc8, 0xea,
0xd7, 0xff, 0x34, 0xe7, 0xf0, 0x6c, 0xe7, 0xa0, 0x30, 0xe7, 0x18, 0x08, 0xe6, 0x30, 0xc7, 0x20,
0xcc, 0xea, 0x77, 0xff, 0x2c, 0xc7, 0x28, 0x00, 0xe0, 0x04, 0x67, 0x47, 0xb4, 0x20, 0x47, 0xa4,
0x20, 0x31, 0x41, 0x18, 0xcc, 0x6a, 0x37, 0xff, 0xcc, 0x8a, 0x17, 0xff, 0xcc, 0xea, 0x77, 0xff,
0xcc, 0xe7, 0x44, 0x40, 0xcc, 0xea, 0x2f, 0xff, 0xcc, 0xca, 0x6f, 0xff, 0xcc, 0xea, 0x57, 0xff,
0xd2, 0x8c, 0x7d, 0xc0, 0xcc, 0xea, 0x57, 0xff, 0x40, 0x07, 0xcc, 0xcc, 0xea, 0x77, 0xff, 0x24,
0xc7, 0x80, 0xcc, 0xea, 0x77, 0xff, 0x30, 0xe7, 0x38, 0x04, 0x66, 0x04, 0x87, 0xcc, 0xaa, 0x57,
0xff, 0x00, 0xc8, 0x4b, 0x4f, 0x3f, 0x04, 0xe3, 0x40, 0x07, 0xe0, 0x00, 0xe8, 0x0c, 0x20, 0xcc,
0xea, 0x77, 0xff, 0xcc, 0xca, 0x57, 0xff, 0xcc, 0xc7, 0x04, 0x40, 0x00, 0xe0, 0x04, 0x67, 0x47,
0xb4, 0x20, 0xcd, 0x41, 0x3f, 0xff, 0x05, 0x41, 0xcc, 0x6a, 0x37, 0xff, 0xcc, 0x8a, 0x17, 0xff,
0xcc, 0x0a, 0x2f, 0xff, 0x0f, 0x18, 0xcc, 0xca, 0x77, 0xff, 0xcc, 0xea, 0x6f, 0xff, 0x08, 0xe6,
0x24, 0xe7, 0x00, 0x3e, 0x07, 0x39, 0x3c, 0x87, 0x5e, 0x47, 0x22, 0x20, 0xcc, 0xca, 0x77, 0xff,
0xcc, 0xea, 0x6f, 0xff, 0x08, 0xe6, 0x24, 0xe7, 0x00, 0x3e, 0x07, 0x39, 0x3c, 0xc7, 0x06, 0x47,
0x27, 0x40, 0xcc, 0xca, 0x77, 0xff, 0xcc, 0xea, 0x6f, 0xff, 0x08, 0xe6, 0xcc, 0xaa, 0x77, 0xff,
0xcc, 0xca, 0x6f, 0xff, 0x08, 0xc5, 0x24, 0xc6, 0x00, 0x3e, 0x06, 0x31, 0x3e, 0x06, 0x30, 0x30,
0xc6, 0x07, 0x3e, 0x06, 0x30, 0x3e, 0x06, 0x31, 0x20, 0xc7, 0x00, 0x00, 0x10, 0xcc, 0xea, 0x6f,
0xff, 0x00, 0xf8, 0xcc, 0xea, 0x2f, 0xff, 0xcc, 0xca, 0x6f, 0xff, 0xcc, 0xea, 0x57, 0xff, 0xd3,
0xce, 0x6e, 0x9f, 0xcd, 0x41, 0x7f, 0xff, 0x47, 0xd2, 0x48, 0x47, 0xa4, 0x50, 0x31, 0x41, 0x0c,
0xcc, 0x6a, 0x3b, 0xff, 0xcc, 0x8a, 0x1b, 0xff, 0x04, 0xe5, 0xc8, 0xea, 0x6b, 0xff, 0x00, 0xe2,
0xcc, 0xea, 0x37, 0xff, 0xcc, 0x0a, 0x17, 0xff, 0xcc, 0xea, 0x7b, 0xff, 0x2c, 0xc7, 0x40, 0xc8,
0xea, 0xeb, 0xff, 0x34, 0xe7, 0xf0, 0x6c, 0xe7, 0xa0, 0x30, 0xe7, 0x18, 0x08, 0xe6, 0x30, 0xc7,
0x20, 0xcc, 0xea, 0x7b, 0xff, 0x2c, 0xc7, 0x28, 0xcc, 0xea, 0x7b, 0xff, 0x2c, 0xe7, 0x68, 0xcc,
0xea, 0x27, 0xff, 0xcc, 0xea, 0x7b, 0xff, 0x2c, 0xe7, 0x40, 0x24, 0xe7, 0x00, 0xd0, 0x48, 0x7c,
0x54, 0xcc, 0xea, 0x67, 0xff, 0x24, 0xe7, 0x00, 0x9d, 0x87, 0xa1, 0x00, 0x00, 0x00, 0x47, 0x21,
0x40, 0x9e, 0x87, 0xa1, 0x00, 0x00, 0x00, 0x47, 0x25, 0x00, 0xd0, 0x00, 0x7b, 0x64, 0x46, 0xae,
0x40, 0x9d, 0x87, 0x03, 0x00, 0x00, 0x00, 0x47, 0x2f, 0xc0, 0x9d, 0x87, 0x83, 0x00, 0x00, 0x00,
0x47, 0x27, 0x70, 0x46, 0x06, 0x40, 0xc8, 0xe2, 0x86, 0x2c, 0x41, 0x07, 0xc4, 0xcc, 0xea, 0x67,
0xff, 0x00, 0xf2, 0x24, 0xe7, 0x00, 0x34, 0xe7, 0xfc, 0x3e, 0x07, 0x38, 0xc0, 0xe2, 0x46, 0x2c,
0xc8, 0xe2, 0x86, 0x2c, 0x00, 0xf8, 0x3e, 0x07, 0x3a, 0xc8, 0xe2, 0x06, 0x2c, 0x00, 0xe2, 0xcc,
0xea, 0x37, 0xff, 0x46, 0x89, 0x20, 0xc8, 0xe2, 0x86, 0x2c, 0xd0, 0x60, 0x7d, 0x50, 0xcc, 0xea,
0x67, 0xff, 0x30, 0xe7, 0xe8, 0x24, 0xe7, 0x00, 0x6c, 0xc7, 0x18, 0xcc, 0xea, 0x67, 0xff, 0x30,
0xe7, 0x68, 0x24, 0xe7, 0x00, 0x6c, 0xe7, 0x08, 0x60, 0xc6, 0x39, 0xcc, 0xea, 0x67, 0xff, 0x30,
0xe7, 0xa8, 0x24, 0xe7, 0x00, 0x6c, 0xe7, 0x10, 0x60, 0xc6, 0x39, 0xcc, 0xea, 0x67, 0xff, 0x30,
0xe7, 0x28, 0x24, 0xe7, 0x00, 0x60, 0xe6, 0x39, 0xcc, 0xe2, 0x26, 0x2c, 0xcc, 0xea, 0x67, 0xff,
0x30, 0xe7, 0xd0, 0x24, 0xe7, 0x00, 0x6c, 0xc7, 0x18, 0xcc, 0xea, 0x67, 0xff, 0x30, 0xe7, 0x50,
0x24, 0xe7, 0x00, 0x6c, 0xe7, 0x08, 0x60, 0xc6, 0x39, 0xcc, 0xea, 0x67, 0xff, 0x30, 0xe7, 0x90,
0x24, 0xe7, 0x00, 0x6c, 0xe7, 0x10, 0x60, 0xc6, 0x39, 0xcc, 0xea, 0x67, 0xff, 0x30, 0xe7, 0x10,
0x24, 0xe7, 0x00, 0x60, 0xe6, 0x39, 0xcc, 0xe2, 0x16, 0x2c, 0xcc, 0xea, 0x67, 0xff, 0x24, 0xe7,
0xc0, 0xc0, 0xe2, 0x36, 0x2c, 0xcc, 0xea, 0x67, 0xff, 0x24, 0xe7, 0x80, 0xc0, 0xe2, 0xb6, 0x2c,
0xc0, 0x02, 0x76, 0x2c, 0xc0, 0x02, 0xf6, 0x2c, 0xc8, 0xe2, 0x86, 0x2c, 0x00, 0xf8, 0x3e, 0x07,
0x3a, 0xc8, 0xe2, 0x06, 0x2c, 0x00, 0xe2, 0xcc, 0xea, 0x37, 0xff, 0x46, 0x9b, 0xc0, 0xc8, 0xe2,
0x86, 0x2c, 0xd0, 0x50, 0x70, 0xbc, 0xc4, 0xe2, 0x36, 0x2c, 0x3c, 0xa7, 0x48, 0x47, 0x23, 0xd0,
0xc4, 0xe2, 0x36, 0x2c, 0x3c, 0xa7, 0xf0, 0x47, 0x29, 0x00, 0xc4, 0xe2, 0x36, 0x2c, 0x0e, 0x80,
0x38, 0xe0, 0xf0, 0xcc, 0xea, 0x17, 0xff, 0xcc, 0x0a, 0x2f, 0xff, 0x0f, 0x78, 0xc4, 0xe2, 0xf6,
0x2c, 0x40, 0x07, 0x6c, 0xc4, 0xe2, 0x76, 0x2c, 0x04, 0xa7, 0xcc, 0xea, 0x6f, 0xff, 0x00, 0xf8,
0x6c, 0xe7, 0x80, 0xcc, 0xca, 0x67, 0xff, 0x08, 0xe6, 0x24, 0xe7, 0x00, 0x3e, 0x07, 0x31, 0xd8,
0xe2, 0x0e, 0x2c, 0x08, 0xe5, 0x20, 0xc7, 0x00, 0xc4, 0xe2, 0x76, 0x2c, 0x00, 0xf8, 0x3e, 0x07,
0x38, 0xc0, 0xe2, 0x76, 0x2c, 0x0f, 0xb0, 0xcc, 0xea, 0x6f, 0xff, 0x00, 0xf8, 0x6c, 0xe7, 0x80,
0xcc, 0xca, 0x67, 0xff, 0x08, 0xe6, 0x24, 0xe7, 0x00, 0x3c, 0x27, 0x74, 0x47, 0x20, 0x40, 0xcc,
0xea, 0x6f, 0xff, 0x00, 0xf8, 0x6c, 0xe7, 0x80, 0x00, 0xf8, 0xcc, 0xca, 0x67, 0xff, 0x08, 0xe6,
0x24, 0xe7, 0x00, 0x41, 0x07, 0x90, 0x00, 0xe8, 0xc0, 0xe2, 0xf6, 0x2c, 0xcc, 0xea, 0x6f, 0xff,
0x00, 0xf8, 0xcc, 0xea, 0x2f, 0xff, 0xcc, 0xca, 0x6f, 0xff, 0xcc, 0xea, 0x57, 0xff, 0xd3, 0xce,
0x6f, 0xef, 0xc4, 0xc2, 0x36, 0x2c, 0xcc, 0xea, 0x57, 0xff, 0x3e, 0x07, 0x38, 0x60, 0xe6, 0x3d,
0x3e, 0x07, 0x38, 0xc0, 0xe2, 0x36, 0x2c, 0x0c, 0x20, 0xc4, 0xe2, 0x36, 0x2c, 0x30, 0xe7, 0x8f,
0x3e, 0x07, 0x38, 0xc0, 0xe2, 0x36, 0x2c, 0xc4, 0xe2, 0x36, 0x2c, 0xd0, 0x40, 0x7c, 0x10, 0xcc,
0xea, 0x5b, 0xff, 0x30, 0xe7, 0x90, 0x04, 0x67, 0x38, 0x80, 0x04, 0x38, 0xa0, 0xb0, 0x4a, 0xbb,
0x78, 0xd8, 0x62, 0x0e, 0x2c, 0x00, 0x8c, 0x4b, 0x42, 0xff, 0xcc, 0xea, 0x5b, 0xff, 0x30, 0xe7,
0x48, 0x04, 0x67, 0xd8, 0x82, 0x0e, 0x2c, 0x00, 0xac, 0x48, 0xb9, 0x78, 0xcc, 0xea, 0x5b, 0xff,
0x38, 0xc0, 0x54, 0x20, 0xc7, 0x90, 0xcc, 0xea, 0x5b, 0xff, 0x38, 0xc0, 0x74, 0x20, 0xc7, 0x88,
0xcc, 0xea, 0x5b, 0xff, 0x20, 0x07, 0xa8, 0xc4, 0xc2, 0x46, 0x2c, 0xcc, 0xea, 0x5b, 0xff, 0x20,
0xc7, 0x10, 0xcc, 0xc2, 0x56, 0x2c, 0xcc, 0xea, 0x5b, 0xff, 0x2c, 0xc7, 0x00, 0xcc, 0xc2, 0x66,
0x2c, 0xcc, 0xea, 0x5b, 0xff, 0x2c, 0xc7, 0x18, 0xc4, 0xc2, 0xb6, 0x2c, 0xcc, 0xea, 0x5b, 0xff,
0x20, 0xc7, 0x68, 0xc8, 0x02, 0x06, 0x2c, 0xcc, 0x0a, 0x37, 0xff, 0x46, 0xee, 0x40, 0x00, 0xe2,
0xcc, 0xea, 0x37, 0xff, 0x46, 0x76, 0x40, 0x38, 0xe0, 0x10, 0xcc, 0xea, 0x37, 0xff, 0x00, 0x10,
0x46, 0x26, 0x40, 0xc8, 0x02, 0x06, 0x2c, 0x00, 0xe2, 0xcc, 0xea, 0x37, 0xff, 0x46, 0xea, 0x40,
0xcc, 0xea, 0x5b, 0xff, 0x30, 0xe7, 0x90, 0xcc, 0xea, 0x0f, 0xff, 0xcc, 0xea, 0x67, 0xff, 0x24,
0xe7, 0x00, 0x9d, 0x87, 0xa7, 0x00, 0x00, 0x00, 0x47, 0x2e, 0xc0, 0xcc, 0xea, 0x67, 0xff, 0x24,
0xe7, 0x00, 0x40, 0xa7, 0xb4, 0xcc, 0xea, 0x67, 0xff, 0x24, 0xe7, 0x00, 0x3c, 0x07, 0x04, 0x47,
0x20, 0x40, 0xcc, 0xea, 0x67, 0xff, 0x24, 0xe7, 0x00, 0x3c, 0x07, 0x74, 0x47, 0x2c, 0x80, 0xcc,
0xea, 0x67, 0xff, 0x30, 0xe7, 0xd0, 0x24, 0xe7, 0x00, 0x3c, 0x27, 0xf0, 0x47, 0x21, 0x00, 0x00,
0xe2, 0x46, 0xe0, 0x40, 0xcc, 0xea, 0x67, 0xff, 0x24, 0xe7, 0x00, 0x41, 0x07, 0x10, 0x38, 0xe0,
0x10, 0x0f, 0xbe, 0xcc, 0x0a, 0x2f, 0xff, 0x0e, 0xb0, 0xcc, 0xea, 0x6f, 0xff, 0xcc, 0xca, 0x67,
0xff, 0x08, 0xe6, 0x24, 0xe7, 0x00, 0xc0, 0xea, 0xc7, 0xff, 0xc4, 0xea, 0xc7, 0xff, 0x3e, 0x07,
0x31, 0xcc, 0xea, 0x4f, 0xff, 0x20, 0xc7, 0x00, 0xcc, 0xea, 0x4f, 0xff, 0x00, 0xf8, 0xcc, 0xea,
0x0f, 0xff, 0xcc, 0xea, 0x6f, 0xff, 0x00, 0xf8, 0xcc, 0xea, 0x2f, 0xff, 0xcc, 0xea, 0x6f, 0xff,
0x44, 0xe7, 0x93, 0xcc, 0xea, 0x5b, 0xff, 0x38, 0xc0, 0x04, 0x20, 0xc7, 0x88, 0xcc, 0xea, 0x5b,
0xff, 0x38, 0xc0, 0x04, 0x20, 0xc7, 0x48, 0xcc, 0xea, 0x5b, 0xff, 0x38, 0xc0, 0x04, 0x20, 0xc7,
0xc8, 0xcc, 0xea, 0x5b, 0xff, 0x38, 0xc0, 0x04, 0x20, 0xc7, 0x28, 0xcc, 0xea, 0x67, 0xff, 0x30,
0xe7, 0x10, 0x24, 0xe7, 0x00, 0x3c, 0x07, 0x04, 0x47, 0x2d, 0x60, 0xcc, 0xea, 0x4f, 0xff, 0x38,
0xc0, 0x74, 0x20, 0xc7, 0x00, 0xcc, 0xea, 0x4f, 0xff, 0x00, 0xf8, 0xcc, 0xea, 0x0f, 0xff, 0x38,
0xe0, 0x10, 0xcc, 0xea, 0x2f, 0xff, 0x0f, 0xf0, 0xcc, 0xea, 0x6f, 0xff, 0xcc, 0xca, 0x67, 0xff,
0x08, 0xe6, 0x24, 0xe7, 0x00, 0xc0, 0xea, 0xc7, 0xff, 0xc4, 0xea, 0xc7, 0xff, 0x3c, 0x27, 0x04,
0x47, 0x38, 0xc0, 0xc4, 0xea, 0xc7, 0xff, 0x3e, 0x07, 0x31, 0xcc, 0xea, 0x4f, 0xff, 0x20, 0xc7,
0x00, 0xcc, 0xea, 0x4f, 0xff, 0x00, 0xf8, 0xcc, 0xea, 0x0f, 0xff, 0xcc, 0xea, 0x6f, 0xff, 0x00,
0xf8, 0xcc, 0xea, 0x2f, 0xff, 0xcc, 0xea, 0x6f, 0xff, 0x3c, 0xc7, 0x50, 0x47, 0x23, 0xdf, 0x0c,
0x80, 0x00, 0x10, 0xcc, 0xea, 0x5b, 0xff, 0x20, 0x07, 0xa8, 0xcc, 0xea, 0x67, 0xff, 0x24, 0xc7,
0xd0, 0xcc, 0xea, 0x5b, 0xff, 0x20, 0xc7, 0x10, 0xcc, 0xea, 0x67, 0xff, 0x30, 0xe7, 0xf8, 0x24,
0xe7, 0x00, 0x6c, 0xc7, 0x18, 0xcc, 0xea, 0x67, 0xff, 0x30, 0xe7, 0x78, 0x24, 0xe7, 0x00, 0x6c,
0xe7, 0x08, 0x60, 0xc6, 0x39, 0xcc, 0xea, 0x67, 0xff, 0x30, 0xe7, 0xb8, 0x24, 0xe7, 0x00, 0x6c,
0xe7, 0x10, 0x60, 0xc6, 0x39, 0xcc, 0xea, 0x67, 0xff, 0x30, 0xe7, 0x38, 0x24, 0xe7, 0x00, 0x60,
0xc6, 0x39, 0xcc, 0xea, 0x5b, 0xff, 0x2c, 0xc7, 0x00, 0xcc, 0xea, 0x67, 0xff, 0x30, 0xe7, 0x98,
0x24, 0xe7, 0x00, 0x6c, 0xe7, 0x10, 0x3e, 0x07, 0x33, 0xcc, 0xea, 0x67, 0xff, 0x30, 0xe7, 0x18,
0x24, 0xe7, 0x00, 0x3e, 0x07, 0x3b, 0x60, 0xe6, 0x39, 0x3e, 0x07, 0x3b, 0x3e, 0x07, 0x32, 0xcc,
0xea, 0x5b, 0xff, 0x28, 0xc7, 0x20, 0xcc, 0xea, 0x67, 0xff, 0x30, 0xe7, 0xe8, 0x24, 0xe7, 0x00,
0x6c, 0xe7, 0x10, 0x3e, 0x07, 0x33, 0xcc, 0xea, 0x67, 0xff, 0x30, 0xe7, 0x68, 0x24, 0xe7, 0x00,
0x3e, 0x07, 0x3b, 0x60, 0xe6, 0x39, 0x3e, 0x07, 0x3b, 0x3e, 0x07, 0x32, 0xcc, 0xea, 0x5b, 0xff,
0x28, 0xc7, 0x60, 0xcc, 0xea, 0x67, 0xff, 0x30, 0xe7, 0xa8, 0x24, 0xe7, 0x00, 0x6c, 0xe7, 0x10,
0x3e, 0x07, 0x33, 0xcc, 0xea, 0x67, 0xff, 0x30, 0xe7, 0x28, 0x24, 0xe7, 0x00, 0x3e, 0x07, 0x3b,
0x60, 0xe6, 0x39, 0x3e, 0x07, 0x3b, 0x3e, 0x07, 0x3a, 0x6c, 0xc7, 0x08, 0xcc, 0xea, 0x67, 0xff,
0x30, 0xe7, 0xd8, 0x24, 0xe7, 0x00, 0x6c, 0xe7, 0x10, 0x3e, 0x07, 0x2b, 0xcc, 0xea, 0x67, 0xff,
0x30, 0xe7, 0x58, 0x24, 0xe7, 0x00, 0x3e, 0x07, 0x3b, 0x60, 0xe5, 0x39, 0x3e, 0x07, 0x3b, 0x3e,
0x07, 0x3a, 0x60, 0xc6, 0x39, 0xcc, 0xea, 0x5b, 0xff, 0x2c, 0xc7, 0x18, 0xcc, 0x0a, 0x37, 0xff,
0x0c, 0x80, 0x00, 0x10, 0xcc, 0xea, 0x77, 0xff, 0x04, 0x67, 0x47, 0xb4, 0x50, 0xcd, 0x41, 0x3f,
0xff, 0x05, 0x41, 0xcc, 0x6a, 0x2f, 0xff, 0xcc, 0x8a, 0x0f, 0xff, 0x04, 0xe5, 0xc0, 0xea, 0xf7,
0xff, 0xcc, 0xea, 0x6f, 0xff, 0xc4, 0xca, 0xf7, 0xff, 0x20, 0xc7, 0x60, 0xcc, 0xea, 0x4f, 0xff,
0x2c, 0xc7, 0x58, 0xcc, 0xea, 0x6f, 0xff, 0x2c, 0xc7, 0x08, 0xcc, 0xea, 0x4f, 0xff, 0x2c, 0xc7,
0x40, 0xcc, 0xea, 0x6f, 0xff, 0x2c, 0xc7, 0x30, 0xcc, 0xea, 0x6f, 0xff, 0x2c, 0x07, 0x10, 0xcc,
0xea, 0x6f, 0xff, 0x00, 0xcf, 0x20, 0xc7, 0xe0, 0xcc, 0xea, 0x6f, 0xff, 0xcc, 0x07, 0x18, 0x40,
0xcc, 0xea, 0x6f, 0xff, 0xd8, 0xc2, 0x36, 0x4f, 0x2c, 0xc7, 0x00, 0xc8, 0xc2, 0xce, 0x4f, 0xcc,
0xea, 0x6f, 0xff, 0x28, 0xc7, 0x20, 0xcc, 0xea, 0x4f, 0xff, 0x24, 0xe7, 0x68, 0x04, 0xc7, 0xcc,
0xea, 0x6f, 0xff, 0xcc, 0xc7, 0x38, 0x40, 0x00, 0xe0, 0x04, 0x67, 0xcd, 0x41, 0x7f, 0xff, 0x47,
0xd2, 0x48, 0xcd, 0x41, 0x3f, 0xff, 0x05, 0x41, 0xcc, 0x6a, 0x2f, 0xff, 0xcc, 0xea, 0x6f, 0xff,
0x40, 0x07, 0xb0, 0xcc, 0xea, 0x6f, 0xff, 0x24, 0xe7, 0x00, 0x41, 0x07, 0x10, 0x38, 0xe0, 0x90,
0x0c, 0x80, 0x00, 0xe0, 0x04, 0x67, 0xcd, 0x41, 0x7f, 0xff, 0x47, 0xd2, 0x48, 0x47, 0xa4, 0x20,
0x31, 0x41, 0x18, 0xcc, 0x6a, 0x37, 0xff, 0xcc, 0xea, 0x77, 0xff, 0x2c, 0xe7, 0x40, 0x04, 0x67,
0x49, 0x0f, 0xff, 0xcc, 0x6a, 0x2f, 0xff, 0xcc, 0xea, 0x6f, 0xff, 0x41, 0x07, 0x50, 0xcc, 0xea,
0x77, 0xff, 0x2c, 0x07, 0x00, 0xcc, 0xea, 0x6f, 0xff, 0x04, 0x67, 0x47, 0xb4, 0x20, 0x47, 0xa4,
0x30, 0x31, 0x41, 0x1c, 0xcc, 0x6a, 0x2b, 0xff, 0xcc, 0x8a, 0x0b, 0xff, 0xcc, 0xaa, 0x33, 0xff,
0xcc, 0xca, 0x13, 0xff, 0xcc, 0x0a, 0x0f, 0xff, 0xcc, 0xea, 0x4b, 0xff, 0xcc, 0xea, 0x17, 0xff,
0xcc, 0xea, 0x53, 0xff, 0x2c, 0x07, 0x00, 0xcc, 0xea, 0x6b, 0xff, 0x2c, 0xe7, 0x40, 0x04, 0x67,
0x49, 0x3b, 0xff, 0xcc, 0x6a, 0x27, 0xff, 0xcc, 0xea, 0x67, 0xff, 0x40, 0x07, 0x50, 0xcc, 0xea,
0x67, 0xff, 0x46, 0x1b, 0x40, 0xcc, 0xea, 0x6b, 0xff, 0x24, 0xe7, 0x60, 0x34, 0xe7, 0x80, 0x41,
0x07, 0x10, 0x00, 0xee, 0x46, 0x63, 0x40, 0xcc, 0xea, 0x6b, 0xff, 0x2c, 0xc7, 0x70, 0xcc, 0xea,
0x6b, 0xff, 0x2c, 0xe7, 0x50, 0x60, 0xe6, 0x3d, 0xcc, 0xea, 0x07, 0xff, 0xcc, 0xca, 0x73, 0xff,
0xcc, 0xea, 0x47, 0xff, 0xd3, 0x8e, 0x63, 0x94, 0xcc, 0xea, 0x47, 0xff, 0xcc, 0xea, 0x33, 0xff,
0x46, 0x09, 0x40, 0xcc, 0xea, 0x6b, 0xff, 0x2c, 0xe7, 0x50, 0x94, 0xe7, 0xff, 0x80, 0x00, 0x00,
0xd0, 0x40, 0x75, 0x78, 0xcc, 0xea, 0x6b, 0xff, 0x24, 0xc7, 0xe0, 0xcc, 0xea, 0x6b, 0xff, 0x2c,
0xe7, 0x40, 0x24, 0xe7, 0x40, 0xd3, 0xce, 0x6f, 0x50, 0xcc, 0xea, 0x6b, 0xff, 0x2c, 0xe7, 0x40,
0x24, 0xe7, 0x00, 0x41, 0x27, 0xe2, 0xcc, 0xea, 0x6b, 0xff, 0xcc, 0xe7, 0x78, 0x40, 0x41, 0xc7,
0x3c, 0xcc, 0xea, 0x6b, 0xff, 0x2c, 0xc7, 0x48, 0xcc, 0xea, 0x6b, 0xff, 0x2c, 0xe7, 0x50, 0xd8,
0xe7, 0xff, 0x80, 0x6c, 0xa7, 0x91, 0xcc, 0xea, 0x6b, 0xff, 0x2c, 0xe7, 0x40, 0x24, 0xe7, 0x40,
0x08, 0xe5, 0x30, 0xa7, 0xff, 0xcc, 0xea, 0x6b, 0xff, 0x2c, 0xe7, 0x40, 0x24, 0xe7, 0x40, 0x64,
0xe5, 0x3d, 0x08, 0xe6, 0xcc, 0xea, 0x2f, 0xff, 0x0e, 0x30, 0xcc, 0xea, 0x6b, 0xff, 0x2c, 0xe7,
0x50, 0x41, 0x07, 0x30, 0xcc, 0xea, 0x6b, 0xff, 0x2c, 0xe7, 0x48, 0x0d, 0x60, 0xcc, 0xea, 0x6b,
0xff, 0x2c, 0xc7, 0x40, 0xcc, 0xea, 0x6b, 0xff, 0xcc, 0xe7, 0x68, 0x40, 0x04, 0x66, 0x04, 0x87,
0x4b, 0x37, 0x3f, 0x04, 0xe3, 0xcc, 0xea, 0x2f, 0xff, 0xcc, 0xea, 0x6f, 0xff, 0xd1, 0xe0, 0x71,
0x00, 0x00, 0xe4, 0x0f, 0x9e, 0xcc, 0xea, 0x6f, 0xff, 0xd0, 0x7e, 0x71, 0x00, 0x00, 0xe8, 0x0f,
0x6e, 0xcc, 0xea, 0x6b, 0xff, 0xcc, 0xca, 0x6f, 0xff, 0xcc, 0xc7, 0x28, 0x40, 0xcc, 0xea, 0x6b,
0xff, 0x20, 0x07, 0xe0, 0xcc, 0xea, 0x6b, 0xff, 0x2c, 0xc7, 0x40, 0xcc, 0xea, 0x6b, 0xff, 0xcc,
0xe7, 0x68, 0x40, 0x04, 0x66, 0x04, 0x87, 0x4b, 0x63, 0x3f, 0xcc, 0x6a, 0x3b, 0xff, 0xcc, 0xea,
0x7b, 0xff, 0x41, 0x07, 0xe0, 0x00, 0xe4, 0x0f, 0x16, 0xcc, 0xea, 0x6b, 0xff, 0x24, 0xe7, 0xe0,
0xcc, 0xca, 0x7b, 0xff, 0x08, 0xe6, 0xcc, 0xea, 0x3b, 0xff, 0xcc, 0xea, 0x73, 0xff, 0x6c, 0xe7,
0x91, 0xcc, 0xea, 0x37, 0xff, 0xcc, 0xea, 0x77, 0xff, 0xd0, 0x00, 0x7d, 0x10, 0xcc, 0xea, 0x6b,
0xff, 0x24, 0xe7, 0xe0, 0x04, 0xc7, 0xcc, 0xea, 0x77, 0xff, 0x08, 0xc7, 0xcc, 0xea, 0x6b, 0xff,
0x2c, 0xe7, 0x40, 0x24, 0xe7, 0x40, 0xd3, 0x8e, 0x67, 0x80, 0xcc, 0xea, 0x6b, 0xff, 0x2c, 0xe7,
0x40, 0x24, 0xe7, 0x40, 0x04, 0xc7, 0xcc, 0xea, 0x6b, 0xff, 0x24, 0xe7, 0xe0, 0x60, 0xe6, 0x3d,
0xcc, 0xea, 0x37, 0xff, 0xcc, 0xea, 0x6b, 0xff, 0x2c, 0xe7, 0x40, 0x24, 0xc7, 0x80, 0xcc, 0xea,
0x77, 0xff, 0x3e, 0x07, 0x38, 0x04, 0x66, 0xcc, 0x8a, 0x57, 0xff, 0xcc, 0xaa, 0x7b, 0xff, 0x04,
0xc7, 0x4a, 0xfd, 0x5f, 0x04, 0xe3, 0x40, 0x07, 0xe0, 0x00, 0xe8, 0x0f, 0xe2, 0xcc, 0xea, 0x6b,
0xff, 0x24, 0xc7, 0xe0, 0xcc, 0xea, 0x77, 0xff, 0x3e, 0x07, 0x38, 0x08, 0xe6, 0x3e, 0x07, 0x30,
0xcc, 0xea, 0x6b, 0xff, 0x20, 0xc7, 0xe0, 0xcc, 0xea, 0x77, 0xff, 0x6c, 0xe7, 0x90, 0xcc, 0xea,
0x0f, 0xff, 0x0e, 0x54, 0xcc, 0xea, 0x6b, 0xff, 0xcc, 0xc7, 0x58, 0x40, 0xcc, 0xea, 0x7b, 0xff,
0xd2, 0x8c, 0x7d, 0x40, 0xcc, 0xea, 0x6b, 0xff, 0x2c, 0xe7, 0x40, 0x24, 0xc7, 0x80, 0xcc, 0xea,
0x6b, 0xff, 0x30, 0xe7, 0x28, 0x04, 0x66, 0x04, 0x87, 0xcc, 0xaa, 0x7b, 0xff, 0x00, 0xc8, 0x4b,
0xe5, 0x5f, 0x04, 0xe3, 0x40, 0x07, 0xe0, 0x00, 0xe8, 0x0e, 0x0c, 0xcc, 0xea, 0x6b, 0xff, 0xcc,
0xca, 0x7b, 0xff, 0xcc, 0xc7, 0x18, 0x40, 0xcc, 0xea, 0x6b, 0xff, 0x24, 0xe7, 0xe0, 0x00, 0xf8,
0x3e, 0x07, 0x30, 0xcc, 0xea, 0x6b, 0xff, 0x20, 0xc7, 0xe0, 0xcc, 0xea, 0x6b, 0xff, 0x2c, 0xe7,
0x50, 0x94, 0xe7, 0xff, 0x80, 0x00, 0x00, 0xd8, 0xc0, 0x00, 0x40, 0x60, 0xe6, 0x3d, 0xcc, 0xea,
0x0f, 0xff, 0xcc, 0xca, 0x4f, 0xff, 0xcc, 0xea, 0x73, 0xff, 0xd3, 0x8e, 0x63, 0x00, 0xcc, 0xea,
0x73, 0xff, 0xcc, 0xea, 0x0f, 0xff, 0xcc, 0xea, 0x6b, 0xff, 0x2c, 0xe7, 0x50, 0x94, 0xe7, 0xff,
0x80, 0x00, 0x00, 0x30, 0xe7, 0x08, 0xcc, 0xca, 0x6b, 0xff, 0x08, 0xe6, 0x00, 0xf2, 0xcc, 0x6a,
0x57, 0xff, 0x04, 0x87, 0xcc, 0xaa, 0x4f, 0xff, 0x4a, 0xbf, 0x38, 0xcc, 0xca, 0x57, 0xff, 0xcc,
0xea, 0x4f, 0xff, 0x08, 0xe6, 0xcc, 0xea, 0x17, 0xff, 0xcc, 0xea, 0x6b, 0xff, 0x2c, 0xc7, 0x50,
0xcc, 0xea, 0x4f, 0xff, 0x08, 0xc7, 0xcc, 0xea, 0x6b, 0xff, 0x2c, 0xc7, 0x10, 0xcc, 0xea, 0x53,
0xff, 0x2c, 0xc7, 0x40, 0xcc, 0xea, 0x4f, 0xff, 0x08, 0xc7, 0xcc, 0xea, 0x53, 0xff, 0x2c, 0xc7,
0x00, 0xcc, 0xca, 0x73, 0xff, 0xcc, 0xea, 0x4f, 0xff, 0x60, 0xe6, 0x3d, 0xcc, 0xea, 0x33, 0xff,
0xcc, 0xea, 0x73, 0xff, 0xd0, 0x40, 0x7f, 0x6b, 0x00, 0xe0, 0x04, 0x67, 0x47, 0xb4, 0x30, 0x47,
0xa4, 0x10, 0x31, 0x41, 0x14, 0xcc, 0x6a, 0x3b, 0xff, 0xcc, 0x8a, 0x1b, 0xff, 0xcc, 0xea, 0x7b,
0xff, 0x2c, 0xe7, 0x40, 0x04, 0x67, 0x48, 0xd8, 0xff, 0xcc, 0x6a, 0x37, 0xff, 0xcc, 0xea, 0x77,
0xff, 0x40, 0x07, 0x50, 0xcc, 0xea, 0x77, 0xff, 0x46, 0x42, 0x40, 0xcc, 0xea, 0x7b, 0xff, 0x2c,
0xc7, 0x70, 0xcc, 0xea, 0x5b, 0xff, 0xd3, 0x8c, 0x7f, 0x00, 0xcc, 0xea, 0x7b, 0xff, 0x2c, 0xe7,
0x70, 0xcc, 0xea, 0x1b, 0xff, 0xcc, 0xea, 0x7b, 0xff, 0x2c, 0xe7, 0x50, 0xcc, 0xea, 0x17, 0xff,
0xcc, 0x0a, 0x0f, 0xff, 0xcc, 0xea, 0x7b, 0xff, 0xcc, 0xca, 0x4f, 0xff, 0x2c, 0xc7, 0x10, 0xcc,
0xea, 0x7b, 0xff, 0x00, 0xcf, 0x20, 0xc7, 0xe0, 0xcc, 0xea, 0x5b, 0xff, 0xd0, 0x00, 0x7e, 0x58,
0xcc, 0xea, 0x7b, 0xff, 0x2c, 0xe7, 0x40, 0x24, 0xe7, 0x40, 0x6c, 0xe7, 0x90, 0xcc, 0xea, 0x27,
0xff, 0xcc, 0xea, 0x57, 0xff, 0x40, 0x07, 0xda, 0xcc, 0xea, 0x5b, 0xff, 0x30, 0xc7, 0xff, 0xcc,
0xea, 0x67, 0xff, 0x64, 0xc6, 0x3d, 0xcc, 0xea, 0x57, 0xff, 0x30, 0xa7, 0xff, 0xcc, 0xea, 0x67,
0xff, 0x64, 0xe5, 0x3d, 0xd3, 0xce, 0x63, 0xc0, 0xcc, 0xea, 0x57, 0xff, 0x30, 0xc7, 0xff, 0xcc,
0xea, 0x67, 0xff, 0x60, 0xe0, 0x3d, 0x60, 0xc6, 0x38, 0xcc, 0xea, 0x7b, 0xff, 0x2c, 0xc7, 0x10,
0xcc, 0xea, 0x7b, 0xff, 0x2c, 0xe7, 0x50, 0xcc, 0xca, 0x5b, 0xff, 0x60, 0xe6, 0x3d, 0xcc, 0xea,
0x1b, 0xff, 0xcc, 0xea, 0x7b, 0xff, 0xcc, 0xe7, 0x68, 0x40, 0xcc, 0xea, 0x2f, 0xff, 0x0e, 0x60,
0xcc, 0xea, 0x7b, 0xff, 0x2c, 0xe7, 0x48, 0xcc, 0xea, 0x2f, 0xff, 0xcc, 0xea, 0x7b, 0xff, 0xcc,
0xca, 0x6f, 0xff, 0xcc, 0xc7, 0x28, 0x40, 0xcc, 0xea, 0x6f, 0xff, 0xd0, 0x00, 0x71, 0x88, 0x0f,
0x24, 0xcc, 0xea, 0x7b, 0xff, 0x2c, 0xe7, 0x40, 0x24, 0xe7, 0x00, 0x41, 0x27, 0x58, 0xcc, 0xea,
0x7b, 0xff, 0xcc, 0xe7, 0x78, 0x40, 0x41, 0xc7, 0xf0, 0xcc, 0xea, 0x6f, 0xff, 0x00, 0xf8, 0xcc,
0xea, 0x2f, 0xff, 0x0d, 0xa0, 0xcc, 0xea, 0x7b, 0xff, 0x2c, 0xe7, 0x40, 0x04, 0x67, 0xcc, 0x8a,
0x6f, 0xff, 0x4a, 0x04, 0x3f, 0xcc, 0x6a, 0x2f, 0xff, 0xcc, 0xea, 0x6f, 0xff, 0xd0, 0x7e, 0x71,
0x00, 0x00, 0xe8, 0x0f, 0x92, 0xcc, 0xea, 0x6f, 0xff, 0xd2, 0x20, 0x76, 0x80, 0xcc, 0xea, 0x7b,
0xff, 0x2c, 0xe7, 0x40, 0x2c, 0xc7, 0x48, 0xcc, 0xea, 0x6f, 0xff, 0xd3, 0xcc, 0x71, 0x00, 0x00,
0xe4, 0x0e, 0x42, 0xcc, 0xea, 0x7b, 0xff, 0xcc, 0xca, 0x6f, 0xff, 0xcc, 0xc7, 0x28, 0x40, 0xcc,
0xea, 0x7b, 0xff, 0x2c, 0xc7, 0x50, 0xcc, 0xea, 0x67, 0xff, 0x08, 0xc7, 0xcc, 0xea, 0x7b, 0xff,
0x2c, 0xc7, 0x10, 0xcc, 0xca, 0x5b, 0xff, 0xcc, 0xea, 0x67, 0xff, 0x60, 0xe6, 0x3d, 0xcc, 0xea,
0x1b, 0xff, 0xcc, 0xca, 0x5b, 0xff, 0xcc, 0xea, 0x67, 0xff, 0xd3, 0xcc, 0x7e, 0x6f, 0xcc, 0xea,
0x7b, 0xff, 0x2c, 0xc7, 0x50, 0xcc, 0xea, 0x5b, 0xff, 0x08, 0xc7, 0xcc, 0xea, 0x7b, 0xff, 0x2c,
0xc7, 0x10, 0xcc, 0xea, 0x5b, 0xff, 0x6c, 0xe7, 0x91, 0x3e, 0x07, 0x30, 0xcc, 0xea, 0x7b, 0xff,
0x20, 0xc7, 0xe0, 0xcc, 0xea, 0x5b, 0xff, 0x94, 0xe7, 0xff, 0x80, 0x00, 0x00, 0x40, 0x07, 0x62,
0xcc, 0xea, 0x7b, 0xff, 0x2c, 0xe7, 0x40, 0x04, 0x67, 0xcc, 0x8a, 0x6f, 0xff, 0x4a, 0x87, 0xdf,
0xcc, 0x6a, 0x0f, 0xff, 0xcc, 0xea, 0x4f, 0xff, 0x41, 0x07, 0xe0, 0x00, 0xe4, 0x0e, 0xf8, 0xcc,
0xea, 0x7b, 0xff, 0x24, 0xe7, 0xe0, 0xcc, 0xca, 0x4f, 0xff, 0x08, 0xe6, 0xcc, 0xea, 0x0f, 0xff,
0xcc, 0xea, 0x7b, 0xff, 0x24, 0xe7, 0xe0, 0x00, 0xf8, 0x3e, 0x07, 0x30, 0xcc, 0xea, 0x7b, 0xff,
0x20, 0xc7, 0xe0, 0xcc, 0xea, 0x7b, 0xff, 0x2c, 0xe7, 0x50, 0x94, 0xe7, 0xff, 0x80, 0x00, 0x00,
0x40, 0x07, 0x62, 0xcc, 0xea, 0x7b, 0xff, 0xcc, 0xc7, 0x58, 0x40, 0xcc, 0xea, 0x4f, 0xff, 0xd2,
0x8c, 0x7e, 0xc0, 0xcc, 0xea, 0x7b, 0xff, 0x2c, 0xe7, 0x40, 0x24, 0xc7, 0x80, 0xcc, 0xea, 0x7b,
0xff, 0x30, 0xe7, 0x28, 0x04, 0x66, 0x04, 0x87, 0xcc, 0xaa, 0x4f, 0xff, 0x00, 0xc8, 0x48, 0x07,
0x9f, 0x04, 0xe3, 0x40, 0x07, 0xe0, 0x00, 0xe8, 0x0d, 0x20, 0xcc, 0xea, 0x7b, 0xff, 0xcc, 0xca,
0x4f, 0xff, 0xcc, 0xc7, 0x18, 0x40, 0xcc, 0xea, 0x77, 0xff, 0x04, 0x67, 0x47, 0xb4, 0x10, 0x47,
0xa4, 0x58, 0x31, 0x41, 0x0e, 0xcc, 0x6a, 0x39, 0xff, 0xcc, 0x8a, 0x19, 0xff, 0xcc, 0xaa, 0x29,
0xff, 0xc8, 0x0a, 0x6f, 0xff, 0xc8, 0x0a, 0x2f, 0xff, 0xcc, 0x0a, 0x0f, 0xff, 0xcc, 0x0a, 0x37,
0xff, 0xcc, 0x0a, 0x17, 0xff, 0xd8, 0xe2, 0x32, 0x0f, 0xcc, 0xea, 0x27, 0xff, 0xd8, 0xe2, 0x36,
0x4f, 0xcc, 0xea, 0x3d, 0xff, 0xcc, 0xea, 0x79, 0xff, 0x24, 0xe7, 0xe0, 0xcc, 0xea, 0x1b, 0xff,
0x38, 0xe0, 0x08, 0xc8, 0xea, 0x47, 0xff, 0xcc, 0xea, 0x7d, 0xff, 0x24, 0xe7, 0x40, 0x6c, 0xe7,
0x20, 0xc8, 0xea, 0x07, 0xff, 0xcc, 0xea, 0x79, 0xff, 0x24, 0xe7, 0x60, 0x40, 0x07, 0x90, 0xcc,
0x0a, 0x23, 0xff, 0x0e, 0x20, 0xcc, 0xea, 0x79, 0xff, 0x2c, 0xe7, 0x40, 0xcc, 0xea, 0x23, 0xff,
0x0c, 0x80, 0x00, 0x10, 0xc8, 0xca, 0xef, 0xff, 0xc8, 0xea, 0x87, 0xff, 0x68, 0xe6, 0x3d, 0x3e,
0x07, 0x3a, 0x41, 0x07, 0xb8, 0x30, 0xca, 0x3d, 0xc8, 0xea, 0xef, 0xff, 0x04, 0x66, 0x04, 0x87,
0x4b, 0x64, 0x3f, 0xcc, 0x6a, 0x3b, 0xff, 0xcc, 0xea, 0x7b, 0xff, 0xd0, 0x40, 0x70, 0x08, 0xc8,
0xca, 0xef, 0xff, 0xc8, 0xea, 0xc7, 0xff, 0x68, 0xe6, 0x3d, 0x3e, 0x07, 0x3a, 0x41, 0x07, 0x9c,
0xc8, 0xca, 0xef, 0xff, 0xc8, 0xea, 0x87, 0xff, 0x68, 0xe6, 0x3d, 0x3e, 0x07, 0x3a, 0x40, 0x07,
0xb0, 0xcc, 0xea, 0x73, 0xff, 0x00, 0xf8, 0xcc, 0xea, 0x33, 0xff, 0xcc, 0xca, 0x7d, 0xff, 0xcc,
0xea, 0x73, 0xff, 0x04, 0x66, 0x04, 0x87, 0x4b, 0xb9, 0x3f, 0xcc, 0x6a, 0x3b, 0xff, 0xcc, 0xea,
0x7b, 0xff, 0xd0, 0x40, 0x7b, 0xd0, 0x30, 0xaa, 0x3d, 0x30, 0xca, 0x05, 0xc8, 0xea, 0xef, 0xff,
0x04, 0x65, 0x04, 0x86, 0x04, 0xa7, 0x48, 0x8b, 0x3f, 0xcc, 0x6a, 0x3b, 0xff, 0xc8, 0xea, 0xef,
0xff, 0x00, 0xf8, 0xc8, 0xea, 0x6f, 0xff, 0xcc, 0xea, 0x7b, 0xff, 0x41, 0x07, 0x9e, 0xc4, 0xea,
0x15, 0xff, 0x34, 0xe7, 0x04, 0x40, 0x07, 0xf6, 0x30, 0xea, 0x05, 0x30, 0xe7, 0x90, 0xcc, 0xea,
0x0f, 0xff, 0xcc, 0x6a, 0x4f, 0xff, 0x38, 0x80, 0x74, 0x4b, 0x33, 0xd8, 0xcc, 0x6a, 0x37, 0xff,
0xcc, 0x6a, 0x59, 0xff, 0x38, 0x80, 0x74, 0x4a, 0x93, 0xd8, 0xcc, 0x6a, 0x17, 0xff, 0xcc, 0x6a,
0x77, 0xff, 0xcc, 0x8a, 0x57, 0xff, 0x00, 0xa2, 0x4a, 0xbe, 0xd8, 0x04, 0xe3, 0x41, 0x07, 0x54,
0x98, 0x60, 0xcb, 0x3f, 0x00, 0x00, 0xcc, 0x8a, 0x4f, 0xff, 0x49, 0xfa, 0xa0, 0x30, 0xea, 0x05,
0x98, 0x60, 0x7b, 0x3f, 0x00, 0x00, 0x04, 0x87, 0x48, 0x3a, 0xa0, 0xc8, 0xea, 0xaf, 0xff, 0x00,
0xf8, 0xc8, 0xea, 0x2f, 0xff, 0x0f, 0xc0, 0x98, 0x60, 0xcb, 0x3f, 0x00, 0x00, 0xcc, 0x8a, 0x4f,
0xff, 0x4b, 0xaa, 0xa0, 0xcc, 0xea, 0x7b, 0xff, 0x40, 0x27, 0xf0, 0xcc, 0xea, 0x7b, 0xff, 0x3c,
0x27, 0x10, 0x47, 0x20, 0x77, 0x0c, 0xc0, 0x00, 0x10, 0x0e, 0x6d, 0x00, 0x10, 0x0c, 0x80, 0x00,
0x10, 0xc8, 0xea, 0xaf, 0xff, 0x41, 0x87, 0x04, 0x30, 0xea, 0x05, 0xcc, 0x6a, 0x67, 0xff, 0x04,
0x87, 0x00, 0xa8, 0x49, 0x6f, 0xbf, 0xcc, 0xea, 0x69, 0xff, 0xcc, 0xca, 0x67, 0xff, 0x2c, 0xc7,
0x00, 0x00, 0xe0, 0x0c, 0x80, 0x00, 0xe8, 0x04, 0x67, 0x47, 0xb4, 0x58, 0x47, 0xa4, 0x20, 0x31,
0x41, 0x18, 0xcc, 0x6a, 0x37, 0xff, 0xcc, 0x8a, 0x17, 0xff, 0xcc, 0x0a, 0x0f, 0xff, 0xcc, 0x0a,
0x2f, 0xff, 0xcc, 0xe2, 0x61, 0x4f, 0xcc, 0xea, 0x0f, 0xff, 0xc8, 0x0a, 0x2f, 0xff, 0xc0, 0x0a,
0xef, 0xff, 0xc4, 0xe2, 0x36, 0x4f, 0x41, 0x47, 0xd0, 0x00, 0xe8, 0xc0, 0xea, 0x6f, 0xff, 0x0d,
0x80, 0xc0, 0x0a, 0x6f, 0xff, 0x30, 0xea, 0x0f, 0x04, 0x67, 0xcc, 0x8a, 0x77, 0xff, 0xcc, 0xaa,
0x57, 0xff, 0x4a, 0xde, 0xff, 0x04, 0xe3, 0x04, 0x67, 0x47, 0xb4, 0x20, 0xcd, 0x41, 0x3f, 0xff,
0x05, 0x41, 0x04, 0xe3, 0xc0, 0xea, 0xf7, 0xff, 0x98, 0xe0, 0x38, 0x08, 0x01, 0x00, 0x2c, 0xe7,
0x40, 0xcc, 0xea, 0x2f, 0xff, 0x98, 0xe0, 0x38, 0x08, 0x01, 0x00, 0xc4, 0xaa, 0xf7, 0xff, 0xcc,
0xca, 0x6f, 0xff, 0x94, 0xc6, 0x0f, 0x80, 0x00, 0x00, 0x60, 0xa5, 0x31, 0xcc, 0xca, 0x6f, 0xff,
0x94, 0xc6, 0x00, 0x40, 0x00, 0x00, 0x60, 0xa5, 0x31, 0xcc, 0xca, 0x6f, 0xff, 0x94, 0xc6, 0x00,
0x3f, 0xff, 0xc0, 0x60, 0xa5, 0x31, 0xcc, 0xca, 0x6f, 0xff, 0x94, 0xc6, 0x00, 0x00, 0x00, 0x20,
0x60, 0xc5, 0x31, 0x2c, 0xc7, 0x00, 0x00, 0x10, 0x98, 0xe0, 0x00, 0x08, 0x01, 0x00, 0x2c, 0xe7,
0x40, 0x45, 0x07, 0xef, 0x98, 0xe0, 0x00, 0x08, 0x01, 0x00, 0x2c, 0xe7, 0x40, 0xcc, 0xea, 0x2f,
0xff, 0x98, 0xe0, 0x00, 0x08, 0x01, 0x00, 0xcc, 0xca, 0x6f, 0xff, 0x94, 0xc6, 0x00, 0x00, 0x00,
0x02, 0x98, 0xc6, 0x00, 0x00, 0x00, 0xa4, 0x2c, 0xc7, 0x00, 0x00, 0x10, 0x98, 0xe0, 0x00, 0x08,
0x01, 0x00, 0x2c, 0xe7, 0x40, 0x45, 0x07, 0xef, 0x98, 0xe0, 0x20, 0x08, 0x01, 0x00, 0x2c, 0xe7,
0x40, 0xcc, 0xea, 0x2f, 0xff, 0x98, 0xe0, 0x20, 0x08, 0x01, 0x00, 0x2c, 0xe7, 0x40, 0xcc, 0xea,
0x2f, 0xff, 0x98, 0xe0, 0x20, 0x08, 0x01, 0x00, 0x2c, 0xe7, 0x40, 0xcc, 0xea, 0x2f, 0xff, 0x98,
0xe0, 0x20, 0x08, 0x01, 0x00, 0x2c, 0xe7, 0x40, 0xcc, 0xea, 0x2f, 0xff, 0x98, 0xe0, 0x20, 0x08,
0x01, 0x00, 0x2c, 0xe7, 0x40, 0xcc, 0xea, 0x2f, 0xff, 0x98, 0xe0, 0x20, 0x08, 0x01, 0x00, 0x2c,
0xe7, 0x40, 0xcc, 0xea, 0x2f, 0xff, 0x98, 0xe0, 0x20, 0x08, 0x01, 0x00, 0x2c, 0xe7, 0x40, 0xcc,
0xea, 0x2f, 0xff, 0x98, 0xe0, 0x20, 0x08, 0x01, 0x00, 0x2c, 0xe7, 0x40, 0xcc, 0xea, 0x2f, 0xff,
0xcd, 0x41, 0x7f, 0xff, 0x47, 0xd2, 0x48, 0xcd, 0x41, 0x3f, 0xff, 0x05, 0x41, 0x00, 0x10, 0x98,
0xe0, 0x00, 0x08, 0x01, 0x00, 0x2c, 0xe7, 0x40, 0x45, 0x07, 0xef, 0x98, 0xe0, 0x38, 0x08, 0x01,
0x00, 0x2c, 0xe7, 0x40, 0xcc, 0xea, 0x2f, 0xff, 0x98, 0xe0, 0x38, 0x08, 0x01, 0x00, 0xcc, 0xca,
0x6f, 0xff, 0x94, 0xc6, 0xff, 0xc0, 0x00, 0x20, 0x98, 0xc6, 0x00, 0x0b, 0x00, 0x00, 0x2c, 0xc7,
0x00, 0x98, 0xe0, 0x00, 0x08, 0x01, 0x00, 0x2c, 0xe7, 0x40, 0xcc, 0xea, 0x2f, 0xff, 0x98, 0xe0,
0x00, 0x08, 0x01, 0x00, 0xcc, 0xca, 0x6f, 0xff, 0x94, 0xc6, 0xff, 0xff, 0xff, 0x00, 0x98, 0xc6,
0x00, 0x00, 0x00, 0xe6, 0x2c, 0xc7, 0x00, 0x00, 0x10, 0x98, 0xe0, 0x00, 0x08, 0x01, 0x00, 0x2c,
0xe7, 0x40, 0x45, 0x07, 0xef, 0xcd, 0x41, 0x7f, 0xff, 0x47, 0xd2, 0x48, 0xcd, 0x41, 0x3f, 0xff,
0x05, 0x41, 0x04, 0xe3, 0xc0, 0xea, 0xf7, 0xff, 0x00, 0x10, 0x98, 0xe0, 0x00, 0x08, 0x01, 0x00,
0x2c, 0xe7, 0x40, 0x45, 0x07, 0xef, 0x98, 0xe0, 0x38, 0x08, 0x01, 0x00, 0x2c, 0xe7, 0x40, 0xcc,
0xea, 0x2f, 0xff, 0xcc, 0xea, 0x6f, 0xff, 0x94, 0xe7, 0xff, 0xf0, 0x7f, 0xff, 0xcc, 0xea, 0x2f,
0xff, 0xcc, 0xe2, 0x6e, 0x2c, 0x9d, 0x87, 0x00, 0x00, 0x5d, 0x00, 0x47, 0x20, 0x80, 0xcc, 0xe2,
0x6e, 0x2c, 0x9d, 0xc7, 0x28, 0x04, 0x43, 0x00, 0x47, 0x20, 0x60, 0xc4, 0xea, 0xf7, 0xff, 0x41,
0x87, 0xd8, 0x98, 0xe0, 0x38, 0x08, 0x01, 0x00, 0xcc, 0xca, 0x6f, 0xff, 0x34, 0xc6, 0xf0, 0x98,
0xc6, 0x00, 0x0f, 0x00, 0x20, 0x2c, 0xc7, 0x00, 0x0c, 0x60, 0x98, 0xe0, 0x38, 0x08, 0x01, 0x00,
0xcc, 0xca, 0x6f, 0xff, 0x34, 0xc6, 0xf0, 0x98, 0xc6, 0x00, 0x00, 0x00, 0x20, 0x2c, 0xc7, 0x00,
0x98, 0xe0, 0x00, 0x08, 0x01, 0x00, 0x2c, 0xe7, 0x40, 0xcc, 0xea, 0x2f, 0xff, 0x98, 0xe0, 0x00,
0x08, 0x01, 0x00, 0xcc, 0xca, 0x6f, 0xff, 0x94, 0xc6, 0xff, 0xff, 0xff, 0x00, 0x98, 0xc6, 0x00,
0x00, 0x00, 0x26, 0x2c, 0xc7, 0x00, 0x0f, 0x8c, 0xcc, 0xe2, 0x6e, 0x2c, 0x9d, 0xc7, 0x28, 0xc4,
0x43, 0x00, 0x47, 0x20, 0x60, 0xc4, 0xea, 0xf7, 0xff, 0x41, 0x87, 0xd8, 0x98, 0xe0, 0x38, 0x08,
0x01, 0x00, 0xcc, 0xca, 0x6f, 0xff, 0x34, 0xc6, 0xf0, 0x98, 0xc6, 0x00, 0x0f, 0x00, 0x20, 0x2c,
0xc7, 0x00, 0x0c, 0x60, 0x98, 0xe0, 0x38, 0x08, 0x01, 0x00, 0xcc, 0xca, 0x6f, 0xff, 0x34, 0xc6,
0xf0, 0x98, 0xc6, 0x00, 0x00, 0x00, 0x20, 0x2c, 0xc7, 0x00, 0x98, 0xe0, 0x00, 0x08, 0x01, 0x00,
0x2c, 0xe7, 0x40, 0xcc, 0xea, 0x2f, 0xff, 0x98, 0xe0, 0x00, 0x08, 0x01, 0x00, 0xcc, 0xca, 0x6f,
0xff, 0x94, 0xc6, 0xff, 0xff, 0xff, 0x00, 0x98, 0xc6, 0x00, 0x00, 0x00, 0x26, 0x2c, 0xc7, 0x00,
0x0e, 0xe8, 0xc4, 0xea, 0xf7, 0xff, 0x41, 0x87, 0xd8, 0x98, 0xe0, 0x38, 0x08, 0x01, 0x00, 0xcc,
0xca, 0x6f, 0xff, 0x34, 0xc6, 0xf0, 0x98, 0xc6, 0x00, 0x00, 0x00, 0xa0, 0x2c, 0xc7, 0x00, 0x0c,
0x60, 0x98, 0xe0, 0x38, 0x08, 0x01, 0x00, 0xcc, 0xca, 0x6f, 0xff, 0x34, 0xc6, 0xf0, 0x98, 0xc6,
0x00, 0x00, 0x00, 0x20, 0x2c, 0xc7, 0x00, 0x98, 0xe0, 0x00, 0x08, 0x01, 0x00, 0x2c, 0xe7, 0x40,
0xcc, 0xea, 0x2f, 0xff, 0x98, 0xe0, 0x00, 0x08, 0x01, 0x00, 0xcc, 0xca, 0x6f, 0xff, 0x94, 0xc6,
0xff, 0xff, 0xff, 0x00, 0x98, 0xc6, 0x00, 0x00, 0x00, 0xe6, 0x2c, 0xc7, 0x00, 0x00, 0x10, 0x98,
0xe0, 0x00, 0x08, 0x01, 0x00, 0x2c, 0xe7, 0x40, 0x45, 0x07, 0xef, 0xcd, 0x41, 0x7f, 0xff, 0x47,
0xd2, 0x48, 0xcd, 0x41, 0x3f, 0xff, 0x05, 0x41, 0x98, 0xe0, 0x38, 0x08, 0x01, 0x00, 0x2c, 0xe7,
0x40, 0xcc, 0xea, 0x2f, 0xff, 0x98, 0xe0, 0x38, 0x08, 0x01, 0x00, 0xcc, 0xca, 0x6f, 0xff, 0x94,
0xc6, 0xf0, 0x7f, 0xff, 0xe0, 0x2c, 0xc7, 0x00, 0xcd, 0x41, 0x7f, 0xff, 0x47, 0xd2, 0x48, 0xcd,
0x41, 0x3f, 0xff, 0x05, 0x41, 0x98, 0xe0, 0x38, 0x08, 0x01, 0x00, 0x2c, 0xe7, 0x40, 0xcc, 0xea,
0x2f, 0xff, 0x98, 0xe0, 0x38, 0x08, 0x01, 0x00, 0xcc, 0xca, 0x6f, 0xff, 0x94, 0xc6, 0xf0, 0x7f,
0xff, 0xe0, 0x38, 0xc6, 0x08, 0x2c, 0xc7, 0x00, 0x98, 0xe0, 0x00, 0x08, 0x01, 0x00, 0x2c, 0xe7,
0x40, 0xcc, 0xea, 0x2f, 0xff, 0x98, 0xe0, 0x00, 0x08, 0x01, 0x00, 0xcc, 0xca, 0x6f, 0xff, 0x94,
0xc6, 0x00, 0x00, 0x00, 0x02, 0x98, 0xc6, 0x00, 0x00, 0x00, 0x6c, 0x2c, 0xc7, 0x00, 0x00, 0x10,
0x98, 0xe0, 0x00, 0x08, 0x01, 0x00, 0x2c, 0xe7, 0x40, 0x45, 0x07, 0xef, 0xcd, 0x41, 0x7f, 0xff,
0x47, 0xd2, 0x48, 0x47, 0xa4, 0x20, 0x31, 0x41, 0x18, 0xcc, 0x6a, 0x37, 0xff, 0x38, 0x60, 0x10,
0x48, 0xe8, 0xff, 0x00, 0x68, 0x48, 0x8c, 0x00, 0x00, 0x10, 0x98, 0xe0, 0x00, 0x08, 0x01, 0x00,
0x2c, 0xe7, 0x40, 0x45, 0x07, 0xef, 0x98, 0xe0, 0x00, 0x08, 0x01, 0x00, 0x2c, 0xe7, 0x40, 0xcc,
0xea, 0x2f, 0xff, 0x98, 0xe0, 0x00, 0x08, 0x01, 0x00, 0xcc, 0xca, 0x6f, 0xff, 0x94, 0xa6, 0x00,
0x00, 0x00, 0x02, 0xcc, 0xca, 0x77, 0xff, 0x60, 0xc5, 0x31, 0x98, 0xc6, 0x00, 0x00, 0x00, 0xb4,
0x2c, 0xc7, 0x00, 0x00, 0x10, 0x98, 0xe0, 0x00, 0x08, 0x01, 0x00, 0x2c, 0xe7, 0x40, 0x45, 0x07,
0xef, 0x00, 0x68, 0x49, 0xb8, 0x00, 0x00, 0x6a, 0x48, 0x80, 0xff, 0x47, 0xb4, 0x20, 0x47, 0xa4,
0x20, 0x31, 0x41, 0x18, 0xcc, 0x6a, 0x37, 0xff, 0x38, 0x60, 0x10, 0x4a, 0x3f, 0x7f, 0x00, 0x68,
0x4a, 0x68, 0x00, 0x00, 0x10, 0x98, 0xe0, 0x00, 0x08, 0x01, 0x00, 0x2c, 0xe7, 0x40, 0x45, 0x07,
0xef, 0x98, 0xe0, 0x00, 0x08, 0x01, 0x00, 0x2c, 0xe7, 0x40, 0xcc, 0xea, 0x2f, 0xff, 0x98, 0xe0,
0x00, 0x08, 0x01, 0x00, 0xcc, 0xca, 0x6f, 0xff, 0x94, 0xa6, 0x00, 0x00, 0x00, 0x02, 0xcc, 0xca,
0x77, 0xff, 0x60, 0xc5, 0x31, 0x98, 0xc6, 0x00, 0x00, 0x00, 0xf4, 0x2c, 0xc7, 0x00, 0x00, 0x10,
0x98, 0xe0, 0x00, 0x08, 0x01, 0x00, 0x2c, 0xe7, 0x40, 0x45, 0x07, 0xef, 0x00, 0x68, 0x4b, 0x40,
0x00, 0x00, 0x6a, 0x4a, 0x67, 0x7f, 0x47, 0xb4, 0x20, 0x47, 0xa4, 0x20, 0x31, 0x41, 0x18, 0xcc,
0x6a, 0x37, 0xff, 0xcc, 0x0a, 0x2f, 0xff, 0xcc, 0xea, 0x77, 0xff, 0x40, 0x87, 0x88, 0xd2, 0x60,
0x79, 0x00, 0x40, 0x47, 0x3c, 0x0d, 0xf0, 0x48, 0x55, 0xff, 0x0f, 0x70, 0x4b, 0x15, 0xff, 0x98,
0xe0, 0x38, 0x08, 0x01, 0x00, 0x98, 0xc0, 0x38, 0x08, 0x01, 0x00, 0x2c, 0xc6, 0x40, 0x94, 0xc6,
0xf1, 0xff, 0xff, 0xff, 0x2c, 0xc7, 0x00, 0x98, 0xe0, 0x38, 0x08, 0x01, 0x00, 0x98, 0xc0, 0x38,
0x08, 0x01, 0x00, 0x2c, 0xc6, 0x40, 0x38, 0xc6, 0x08, 0x2c, 0xc7, 0x00, 0x0e, 0x40, 0x48, 0x89,
0xff, 0x0c, 0x80, 0x00, 0x10, 0x00, 0x10, 0x98, 0xe0, 0x00, 0x08, 0x01, 0x00, 0x2c, 0xe7, 0x40,
0x45, 0x07, 0xef, 0x98, 0xe0, 0x00, 0x08, 0x01, 0x00, 0x2c, 0xe7, 0x40, 0xcc, 0xea, 0x2f, 0xff,
0x98, 0xe0, 0x00, 0x08, 0x01, 0x00, 0xcc, 0xca, 0x6f, 0xff, 0x94, 0xc6, 0x00, 0x00, 0x00, 0x02,
0x98, 0xc6, 0x00, 0x00, 0x00, 0xa4, 0x2c, 0xc7, 0x00, 0x00, 0x10, 0x98, 0xe0, 0x00, 0x08, 0x01,
0x00, 0x2c, 0xe7, 0x40, 0x45, 0x07, 0xef, 0x98, 0xe0, 0x20, 0x08, 0x01, 0x00, 0x2c, 0xe7, 0x40,
0xcc, 0xea, 0x2f, 0xff, 0x98, 0xe0, 0x20, 0x08, 0x01, 0x00, 0x2c, 0xe7, 0x40, 0xcc, 0xea, 0x2f,
0xff, 0x98, 0xe0, 0x20, 0x08, 0x01, 0x00, 0x2c, 0xe7, 0x40, 0xcc, 0xea, 0x2f, 0xff, 0x98, 0xe0,
0x20, 0x08, 0x01, 0x00, 0x2c, 0xe7, 0x40, 0xcc, 0xea, 0x2f, 0xff, 0x98, 0xe0, 0x20, 0x08, 0x01,
0x00, 0x2c, 0xe7, 0x40, 0xcc, 0xea, 0x2f, 0xff, 0x98, 0xe0, 0x20, 0x08, 0x01, 0x00, 0x2c, 0xe7,
0x40, 0xcc, 0xea, 0x2f, 0xff, 0x98, 0xe0, 0x20, 0x08, 0x01, 0x00, 0x2c, 0xe7, 0x40, 0xcc, 0xea,
0x2f, 0xff, 0x98, 0xe0, 0x20, 0x08, 0x01, 0x00, 0x2c, 0xe7, 0x40, 0xcc, 0xea, 0x2f, 0xff, 0x47,
0xb4, 0x20, 0xcd, 0x41, 0x3f, 0xff, 0x05, 0x41, 0x00, 0x10, 0x98, 0xe0, 0x00, 0x08, 0x01, 0x00,
0x2c, 0xe7, 0x40, 0x45, 0x07, 0xef, 0x98, 0xe0, 0x00, 0x08, 0x01, 0x00, 0x2c, 0xe7, 0x40, 0xcc,
0xea, 0x2f, 0xff, 0x98, 0xe0, 0x00, 0x08, 0x01, 0x00, 0xcc, 0xca, 0x6f, 0xff, 0x94, 0xc6, 0xff,
0xff, 0xff, 0x02, 0x98, 0xc6, 0x00, 0x00, 0x00, 0xc4, 0x2c, 0xc7, 0x00, 0x00, 0x10, 0x98, 0xe0,
0x00, 0x08, 0x01, 0x00, 0x2c, 0xe7, 0x40, 0x45, 0x07, 0xef, 0x98, 0xe0, 0x28, 0x08, 0x01, 0x00,
0x2c, 0xe7, 0x40, 0xcc, 0xea, 0x0f, 0xff, 0xcc, 0xea, 0x4f, 0xff, 0x04, 0x67, 0xcd, 0x41, 0x7f,
0xff, 0x47, 0xd2, 0x48, 0xcd, 0x41, 0x3f, 0xff, 0x05, 0x41, 0x00, 0x10, 0x98, 0xe0, 0x00, 0x08,
0x01, 0x00, 0x2c, 0xe7, 0x40, 0x45, 0x07, 0xef, 0x98, 0xe0, 0x00, 0x08, 0x01, 0x00, 0x2c, 0xe7,
0x40, 0xcc, 0xea, 0x2f, 0xff, 0x98, 0xe0, 0x00, 0x08, 0x01, 0x00, 0xcc, 0xca, 0x6f, 0xff, 0x94,
0xc6, 0xff, 0xff, 0xff, 0x02, 0x98, 0xc6, 0x00, 0x00, 0x00, 0x64, 0x2c, 0xc7, 0x00, 0x00, 0x10,
0x98, 0xe0, 0x00, 0x08, 0x01, 0x00, 0x2c, 0xe7, 0x40, 0x45, 0x07, 0xef, 0x98, 0xe0, 0x28, 0x08,
0x01, 0x00, 0x2c, 0xe7, 0x40, 0xcc, 0xea, 0x0f, 0xff, 0xcc, 0xea, 0x4f, 0xff, 0x04, 0x67, 0xcd,
0x41, 0x7f, 0xff, 0x47, 0xd2, 0x48, 0x47, 0xa4, 0x40, 0x31, 0x41, 0x08, 0xcc, 0x0a, 0x2f, 0xff,
0x49, 0x33, 0xff, 0x04, 0xe3, 0x34, 0xe7, 0xff, 0xcc, 0xca, 0x6f, 0xff, 0x60, 0xe6, 0x39, 0xcc,
0xea, 0x2f, 0xff, 0x4a, 0x07, 0xff, 0x04, 0xe3, 0x6c, 0xe7, 0x10, 0x94, 0xe7, 0xff, 0xff, 0x00,
0x00, 0xcc, 0xca, 0x6f, 0xff, 0x60, 0xe6, 0x39, 0xcc, 0xea, 0x2f, 0xff, 0x98, 0xe0, 0x38, 0x08,
0x01, 0x00, 0x2c, 0xe7, 0x40, 0xcc, 0xea, 0x0f, 0xff, 0xcc, 0xea, 0x4f, 0xff, 0x94, 0xe7, 0xff,
0xc0, 0x00, 0x3f, 0xcc, 0xea, 0x0f, 0xff, 0x98, 0xe0, 0x38, 0x08, 0x01, 0x00, 0xcc, 0xca, 0x6f,
0xff, 0x6c, 0xa6, 0x50, 0xcc, 0xca, 0x4f, 0xff, 0x60, 0xc5, 0x31, 0x2c, 0xc7, 0x00, 0x47, 0xb4,
0x40, 0xcd, 0x41, 0x3f, 0xff, 0x05, 0x41, 0x00, 0x10, 0x98, 0xe0, 0x00, 0x08, 0x01, 0x00, 0x2c,
0xe7, 0x40, 0x45, 0x07, 0xef, 0x98, 0xe0, 0x00, 0x08, 0x01, 0x00, 0x2c, 0xe7, 0x40, 0xcc, 0xea,
0x2f, 0xff, 0x98, 0xe0, 0x00, 0x08, 0x01, 0x00, 0xcc, 0xca, 0x6f, 0xff, 0x94, 0xc6, 0xff, 0xff,
0xff, 0x02, 0x98, 0xc6, 0x00, 0x00, 0x00, 0x2c, 0x2c, 0xc7, 0x00, 0x00, 0x10, 0x98, 0xe0, 0x00,
0x08, 0x01, 0x00, 0x2c, 0xe7, 0x40, 0x45, 0x07, 0xef, 0x98, 0xe0, 0x08, 0x08, 0x01, 0x00, 0x2c,
0xe7, 0x40, 0xcc, 0xea, 0x0f, 0xff, 0xcc, 0xea, 0x4f, 0xff, 0x94, 0xe7, 0xff, 0xff, 0xff, 0x00,
0x04, 0x67, 0xcd, 0x41, 0x7f, 0xff, 0x47, 0xd2, 0x48, 0x47, 0xa4, 0x40, 0x31, 0x41, 0x08, 0xcc,
0x0a, 0x2f, 0xff, 0x38, 0x60, 0x10, 0x49, 0x9c, 0x7f, 0x00, 0x60, 0x49, 0xca, 0xff, 0x48, 0xa9,
0xff, 0x04, 0xe3, 0xcc, 0xca, 0x6f, 0xff, 0x60, 0xe6, 0x39, 0xcc, 0xea, 0x2f, 0xff, 0x49, 0x95,
0xff, 0x04, 0xe3, 0x6c, 0xe7, 0x10, 0xcc, 0xca, 0x6f, 0xff, 0x60, 0xe6, 0x39, 0xcc, 0xea, 0x2f,
0xff, 0x48, 0x1b, 0xff, 0x04, 0xe3, 0xcc, 0xe2, 0x2e, 0x2c, 0x38, 0x60, 0x50, 0x4a, 0x9d, 0x48,
0x4a, 0x2b, 0xff, 0xcc, 0x6a, 0x0f, 0xff, 0xcc, 0xc2, 0x6e, 0x2c, 0xcc, 0xea, 0x4f, 0xff, 0xd2,
0x8c, 0x7b, 0x00, 0xd8, 0x60, 0xff, 0xf0, 0x4a, 0xc1, 0xd8, 0x0c, 0x00, 0xcc, 0xe2, 0x6e, 0x2c,
0x98, 0x60, 0xcf, 0x3f, 0x00, 0x00, 0x04, 0x87, 0x48, 0x0a, 0xc0, 0x98, 0x60, 0xe0, 0xbf, 0x00,
0x00, 0xcc, 0x8a, 0x6f, 0xff, 0x4b, 0x32, 0xc0, 0x00, 0x68, 0x4b, 0xec, 0xff, 0x00, 0x6a, 0x4a,
0xd8, 0x7f, 0x47, 0xb4, 0x40, 0xcd, 0x41, 0x3f, 0xff, 0x05, 0x41, 0xcc, 0x6a, 0x23, 0xff, 0xcc,
0x8a, 0x03, 0xff, 0xcc, 0xaa, 0x3d, 0xff, 0xcc, 0xea, 0x43, 0xff, 0x94, 0xe7, 0x07, 0xff, 0xff,
0xff, 0xcc, 0xea, 0x0f, 0xff, 0x30, 0xea, 0x13, 0xcc, 0xea, 0x37, 0xff, 0xcc, 0xea, 0x7d, 0xff,
0xd0, 0x00, 0x78, 0xf0, 0x00, 0x10, 0x98, 0xe0, 0x00, 0x08, 0x01, 0x00, 0x2c, 0xe7, 0x40, 0x45,
0x07, 0xef, 0x0f, 0xac, 0x98, 0xe0, 0x00, 0x08, 0x01, 0x00, 0x2c, 0xe7, 0x40, 0xcc, 0xea, 0x17,
0xff, 0x98, 0xe0, 0x00, 0x08, 0x01, 0x00, 0xcc, 0xca, 0x57, 0xff, 0x94, 0xa6, 0x00, 0x00, 0x00,
0x02, 0xcc, 0xca, 0x4f, 0xff, 0x60, 0xc5, 0x31, 0x98, 0xc6, 0x00, 0x00, 0x00, 0xa4, 0x2c, 0xc7,
0x00, 0x00, 0x10, 0x98, 0xe0, 0x00, 0x08, 0x01, 0x00, 0x2c, 0xe7, 0x40, 0x45, 0x07, 0xef, 0xcc,
0xea, 0x4f, 0xff, 0x30, 0xe7, 0x04, 0xcc, 0xea, 0x0f, 0xff, 0xcc, 0x0a, 0x2f, 0xff, 0x0e, 0x90,
0x98, 0xe0, 0x10, 0x08, 0x01, 0x00, 0x2c, 0xc7, 0x40, 0xcc, 0xea, 0x6f, 0xff, 0x6c, 0xe7, 0x40,
0x30, 0xaa, 0x1f, 0x08, 0xe5, 0xcc, 0xc7, 0x0b, 0xff, 0xcc, 0xea, 0x6f, 0xff, 0x00, 0xf8, 0xcc,
0xea, 0x2f, 0xff, 0xcc, 0xea, 0x6f, 0xff, 0xd2, 0x38, 0x79, 0xbf, 0xcc, 0xea, 0x43, 0xff, 0x34,
0xe7, 0xf8, 0xcc, 0xea, 0x2f, 0xff, 0x0e, 0x88, 0xcc, 0xca, 0x77, 0xff, 0xcc, 0xea, 0x6f, 0xff,
0x08, 0xe6, 0x24, 0xc7, 0x00, 0xcc, 0xea, 0x63, 0xff, 0x20, 0xc7, 0x00, 0xcc, 0xea, 0x63, 0xff,
0x00, 0xf8, 0xcc, 0xea, 0x23, 0xff, 0xcc, 0xea, 0x43, 0xff, 0x00, 0xf8, 0xcc, 0xea, 0x03, 0xff,
0xcc, 0xea, 0x7d, 0xff, 0x00, 0xff, 0xcc, 0xea, 0x3d, 0xff, 0xcc, 0xea, 0x7d, 0xff, 0x40, 0x07,
0x98, 0xcc, 0xea, 0x6f, 0xff, 0x00, 0xf8, 0xcc, 0xea, 0x2f, 0xff, 0xcc, 0xea, 0x6f, 0xff, 0x3c,
0xe7, 0xf8, 0x47, 0x26, 0xdf, 0x0c, 0x80, 0x00, 0x10, 0xcc, 0xea, 0x7d, 0xff, 0xd0, 0x40, 0x7e,
0x4f, 0xcd, 0x41, 0x7f, 0xff, 0x47, 0xd2, 0x48, 0x47, 0xa4, 0x48, 0x31, 0x41, 0x0a, 0xcc, 0x6a,
0x3d, 0xff, 0xcc, 0x8a, 0x1d, 0xff, 0xcc, 0xaa, 0x2d, 0xff, 0xcc, 0xea, 0x5d, 0xff, 0x94, 0xe7,
0x07, 0xff, 0xff, 0xff, 0xcc, 0xea, 0x0f, 0xff, 0x30, 0xea, 0x13, 0xcc, 0xea, 0x37, 0xff, 0x30,
0xea, 0x23, 0x04, 0x67, 0x48, 0x48, 0xd8, 0xcc, 0xea, 0x5d, 0xff, 0x34, 0xe7, 0xf8, 0x40, 0x07,
0x88, 0xcc, 0x6a, 0x77, 0xff, 0xcc, 0x8a, 0x4f, 0xff, 0x38, 0xa0, 0x04, 0x4a, 0x65, 0xff, 0x38,
0x60, 0x10, 0x49, 0x7d, 0xbf, 0x00, 0x60, 0x49, 0x1b, 0x7f, 0x00, 0x10, 0x98, 0xe0, 0x00, 0x08,
0x01, 0x00, 0x2c, 0xe7, 0x40, 0x45, 0x07, 0xef, 0x0c, 0x9c, 0xcc, 0xea, 0x5d, 0xff, 0x34, 0xe7,
0xf8, 0xcc, 0xea, 0x2f, 0xff, 0x0e, 0x88, 0xcc, 0xca, 0x77, 0xff, 0xcc, 0xea, 0x6f, 0xff, 0x08,
0xe6, 0xcc, 0xca, 0x7d, 0xff, 0x24, 0xc6, 0x00, 0x20, 0xc7, 0x00, 0xcc, 0xea, 0x7d, 0xff, 0x00,
0xf8, 0xcc, 0xea, 0x3d, 0xff, 0xcc, 0xea, 0x5d, 0xff, 0x00, 0xf8, 0xcc, 0xea, 0x1d, 0xff, 0xcc,
0xea, 0x6d, 0xff, 0x00, 0xff, 0xcc, 0xea, 0x2d, 0xff, 0xcc, 0xea, 0x6d, 0xff, 0x40, 0x07, 0x98,
0xcc, 0xea, 0x6f, 0xff, 0x00, 0xf8, 0xcc, 0xea, 0x2f, 0xff, 0xcc, 0xea, 0x6f, 0xff, 0x3c, 0xe7,
0xf8, 0x47, 0x26, 0xdf, 0x0c, 0x80, 0x00, 0x10, 0xcc, 0x0a, 0x2f, 0xff, 0x0e, 0x90, 0x98, 0xc0,
0x20, 0x08, 0x01, 0x00, 0xcc, 0xea, 0x6f, 0xff, 0x6c, 0xe7, 0x40, 0x30, 0xaa, 0x1f, 0x08, 0xe5,
0xcc, 0xe7, 0x4b, 0xff, 0x2c, 0xe6, 0x00, 0xcc, 0xea, 0x6f, 0xff, 0x00, 0xf8, 0xcc, 0xea, 0x2f,
0xff, 0xcc, 0xea, 0x6f, 0xff, 0xd2, 0x38, 0x79, 0xbf, 0x98, 0xe0, 0x00, 0x08, 0x01, 0x00, 0x2c,
0xe7, 0x40, 0xcc, 0xea, 0x17, 0xff, 0x98, 0xe0, 0x00, 0x08, 0x01, 0x00, 0xcc, 0xca, 0x57, 0xff,
0x94, 0xa6, 0x00, 0x00, 0x00, 0x02, 0xcc, 0xca, 0x4f, 0xff, 0x60, 0xc5, 0x31, 0x98, 0xc6, 0x00,
0x00, 0x00, 0x34, 0x2c, 0xc7, 0x00, 0x00, 0x10, 0x98, 0xe0, 0x00, 0x08, 0x01, 0x00, 0x2c, 0xe7,
0x40, 0x45, 0x07, 0xef, 0xcc, 0xea, 0x4f, 0xff, 0x30, 0xe7, 0x04, 0xcc, 0xea, 0x0f, 0xff, 0xcc,
0x6a, 0x77, 0xff, 0x38, 0x80, 0xff, 0x38, 0xa0, 0x04, 0x4b, 0xa8, 0xd8, 0xcc, 0xea, 0x6d, 0xff,
0xd0, 0x40, 0x75, 0x8f, 0x00, 0x68, 0x4b, 0x19, 0x7f, 0x00, 0x6a, 0x4a, 0x3e, 0xbf, 0xd8, 0x60,
0x10, 0x52, 0x00, 0x80, 0x4b, 0xb5, 0xe8, 0xcc, 0xea, 0x63, 0xff, 0x04, 0x67, 0x49, 0x73, 0x58,
0x47, 0xb4, 0x48, 0x47, 0xa4, 0x60, 0x31, 0x41, 0x04, 0x04, 0xe3, 0xcc, 0x8a, 0x17, 0xff, 0xcc,
0xaa, 0x27, 0xff, 0xcc, 0xca, 0x07, 0xff, 0xc0, 0xea, 0xf7, 0xff, 0xcc, 0xea, 0x57, 0xff, 0x34,
0xe7, 0xe0, 0xcc, 0xea, 0x17, 0xff, 0x98, 0xe0, 0x20, 0x00, 0x1f, 0x00, 0xcc, 0xca, 0x47, 0xff,
0x2c, 0xc7, 0x00, 0x98, 0xe0, 0x10, 0x00, 0x1f, 0x00, 0xcc, 0xca, 0x67, 0xff, 0x2c, 0xc7, 0x00,
0x98, 0xe0, 0x00, 0x00, 0x1f, 0x00, 0xc4, 0xca, 0xf7, 0xff, 0x6c, 0xa6, 0x20, 0xcc, 0xca, 0x57,
0xff, 0x6c, 0xc6, 0x80, 0x60, 0xc5, 0x31, 0x38, 0xc6, 0x80, 0x2c, 0xc7, 0x00, 0x00, 0x6a, 0x4b,
0x37, 0x88, 0x0c, 0x80, 0x00, 0x10, 0x98, 0xe0, 0x24, 0x00, 0x1f, 0x00, 0x2c, 0xe7, 0x40, 0xcc,
0xea, 0x2f, 0xff, 0xcc, 0xea, 0x6f, 0xff, 0x34, 0xe7, 0xe0, 0x41, 0x07, 0x38, 0x49, 0x64, 0x40,
0x04, 0xe3, 0x41, 0x07, 0x47, 0x98, 0xe0, 0x24, 0x00, 0x1f, 0x00, 0xcc, 0xca, 0x6f, 0xff, 0x2c,
0xc7, 0x00, 0x00, 0xe8, 0x0e, 0xa8, 0x00, 0x10, 0x98, 0xe0, 0x24, 0x00, 0x1f, 0x00, 0x00, 0xce,
0x2c, 0xc7, 0x00, 0xcc, 0xea, 0x6f, 0xff, 0x34, 0xe7, 0x80, 0x41, 0x07, 0xb0, 0xcc, 0xea, 0x6f,
0xff, 0x34, 0xe7, 0x20, 0x40, 0x07, 0xe0, 0x00, 0xe8, 0x0c, 0x30, 0xcc, 0xea, 0x6f, 0xff, 0x94,
0xe7, 0x00, 0x10, 0x00, 0x00, 0x40, 0x07, 0x44, 0xc4, 0xea, 0xf7, 0xff, 0x3c, 0x07, 0x94, 0x47,
0x21, 0x80, 0xc4, 0xea, 0xf7, 0xff, 0x40, 0x47, 0x88, 0xc4, 0xea, 0xf7, 0xff, 0x3c, 0x07, 0x90,
0x47, 0x2e, 0x00, 0x00, 0xe4, 0x0c, 0x80, 0x00, 0xe0, 0x04, 0x67, 0x47, 0xb4, 0x60, 0xcd, 0x41,
0x3f, 0xff, 0x05, 0x41, 0xcc, 0x6a, 0x2f, 0xff, 0x98, 0xe0, 0x08, 0x00, 0x1f, 0x00, 0xcc, 0xca,
0x6f, 0xff, 0x2c, 0xc7, 0x00, 0x98, 0xe0, 0x30, 0x00, 0x1f, 0x00, 0x98, 0xc0, 0x80, 0x04, 0x40,
0x00, 0x2c, 0xc7, 0x00, 0xcd, 0x41, 0x7f, 0xff, 0x47, 0xd2, 0x48, 0x47, 0xa4, 0x40, 0x31, 0x41,
0x08, 0x98, 0xe0, 0x24, 0x00, 0x1f, 0x00, 0x2c, 0xe7, 0x40, 0xcc, 0xea, 0x2f, 0xff, 0x98, 0xe0,
0x24, 0x00, 0x1f, 0x00, 0xcc, 0xca, 0x6f, 0xff, 0x2c, 0xc7, 0x00, 0x98, 0xe0, 0x2c, 0x00, 0x1f,
0x00, 0x98, 0xc0, 0x2c, 0x00, 0x1f, 0x00, 0x2c, 0xc6, 0x40, 0x98, 0xc6, 0x00, 0x00, 0xc0, 0x00,
0x2c, 0xc7, 0x00, 0x38, 0x60, 0x10, 0x48, 0x3c, 0xa8, 0x98, 0xe0, 0x14, 0x00, 0x1f, 0x00, 0x2c,
0x07, 0x00, 0x98, 0xe0, 0x2c, 0x00, 0x1f, 0x00, 0xd8, 0xc0, 0x80, 0x80, 0x2c, 0xc7, 0x00, 0x47,
0xb4, 0x40, 0x47, 0xa4, 0x20, 0x31, 0x41, 0x18, 0x04, 0xe3, 0xc0, 0xea, 0xf7, 0xff, 0x38, 0x60,
0x50, 0x4a, 0x25, 0x88, 0x98, 0xe0, 0x20, 0x00, 0x01, 0x00, 0x2c, 0xe7, 0x40, 0xcc, 0xea, 0x2f,
0xff, 0xcc, 0xea, 0x6f, 0xff, 0x94, 0xe7, 0xff, 0xff, 0x3f, 0xff, 0xcc, 0xea, 0x2f, 0xff, 0xc4,
0xea, 0xf7, 0xff, 0x6c, 0xe7, 0x08, 0xcc, 0xca, 0x6f, 0xff, 0x60, 0xe6, 0x39, 0xcc, 0xea, 0x2f,
0xff, 0xcc, 0xea, 0x6f, 0xff, 0x94, 0xe7, 0xff, 0xff, 0xff, 0x7f, 0xcc, 0xea, 0x2f, 0xff, 0x98,
0xe0, 0x20, 0x00, 0x01, 0x00, 0xcc, 0xca, 0x6f, 0xff, 0x2c, 0xc7, 0x00, 0x47, 0xb4, 0x20, 0x47,
0xa4, 0x00, 0x31, 0x41, 0x10, 0x00, 0x60, 0x00, 0x82, 0x98, 0xa0, 0x00, 0x00, 0x0c, 0x00, 0x00,
0xc0, 0x49, 0x11, 0xff, 0x04, 0xe3, 0x04, 0x67, 0x47, 0xb4, 0x00, 0x47, 0xa4, 0x00, 0x31, 0x41,
0x10, 0x38, 0x60, 0x10, 0x00, 0x82, 0x98, 0xa0, 0x00, 0x00, 0x0c, 0x00, 0xd8, 0xc0, 0x55, 0x80,
0x4b, 0x01, 0xff, 0x04, 0xe3, 0x04, 0x67, 0x47, 0xb4, 0x00, 0x47, 0xa4, 0x00, 0x31, 0x41, 0x10,
0x00, 0x64, 0x00, 0x8e, 0x98, 0xa0, 0x00, 0x00, 0x0c, 0x00, 0x00, 0xc0, 0x4b, 0x9e, 0xff, 0x04,
0xe3, 0x04, 0x67, 0x47, 0xb4, 0x00, 0x47, 0xa4, 0x40, 0x31, 0x41, 0x08, 0x00, 0x6c, 0x00, 0x8a,
0x98, 0xa0, 0x00, 0x00, 0x0c, 0x00, 0x00, 0xc0, 0x4b, 0x4e, 0xff, 0xcc, 0x6a, 0x2f, 0xff, 0xcc,
0xea, 0x6f, 0xff, 0x41, 0x07, 0x68, 0x98, 0xe0, 0x28, 0x00, 0x1f, 0x00, 0x2c, 0xe7, 0x40, 0x6c,
0xe7, 0x09, 0x3e, 0x07, 0x3a, 0xc8, 0xe2, 0x7e, 0x2c, 0xcc, 0xea, 0x6f, 0xff, 0x04, 0x67, 0x47,
0xb4, 0x40, 0x47, 0xa4, 0x20, 0x31, 0x41, 0x18, 0xc8, 0xe2, 0xfe, 0x2c, 0x6c, 0xe7, 0x08, 0x38,
0x60, 0x90, 0x00, 0x8e, 0x98, 0xa0, 0x00, 0x00, 0x0c, 0x00, 0x04, 0xc7, 0x4b, 0x86, 0xff, 0xcc,
0x6a, 0x2f, 0xff, 0xcc, 0xea, 0x6f, 0xff, 0xd0, 0x40, 0x7b, 0x30, 0x00, 0x64, 0x4a, 0x86, 0x88,
0x98, 0xe0, 0x18, 0x00, 0x1f, 0x00, 0x2c, 0xe7, 0x40, 0x6c, 0xe7, 0x09, 0x34, 0xe7, 0xf0, 0x00,
0xc8, 0x60, 0xe6, 0x3e, 0x3e, 0x07, 0x3a, 0xc8, 0xe2, 0x3e, 0x2c, 0x98, 0xe0, 0x28, 0x00, 0x1f,
0x00, 0x2c, 0xe7, 0x40, 0x6c, 0xe7, 0x79, 0x41, 0x07, 0x66, 0x98, 0xe0, 0x18, 0x00, 0x1f, 0x00,
0x2c, 0xe7, 0x40, 0x94, 0xe7, 0xff, 0xc0, 0x00, 0x00, 0x6c, 0xc7, 0x40, 0x98, 0xe0, 0x38, 0x00,
0x1f, 0x00, 0x2c, 0xe7, 0x40, 0x6c, 0xe7, 0x79, 0x60, 0xe6, 0x39, 0xcc, 0xea, 0x0f, 0xff, 0x98,
0xe0, 0x38, 0x00, 0x1f, 0x00, 0x2c, 0xe7, 0x40, 0x6c, 0xe7, 0xf1, 0x34, 0xe7, 0xe0, 0xcc, 0xea,
0x37, 0xff, 0xcc, 0xea, 0x4f, 0xff, 0x30, 0xc7, 0x80, 0xcc, 0xea, 0x77, 0xff, 0x00, 0xf4, 0x60,
0xe6, 0x3e, 0xcc, 0xe2, 0x1e, 0x2c, 0xcc, 0xc2, 0x5e, 0x2c, 0xc8, 0xe2, 0xbe, 0x2c, 0x6c, 0xe7,
0x91, 0x3e, 0x07, 0x3a, 0x64, 0xe6, 0x3b, 0xcc, 0xe2, 0x1e, 0x2c, 0x0e, 0x30, 0x98, 0xe0, 0x18,
0x00, 0x1f, 0x00, 0x2c, 0xe7, 0x40, 0x34, 0xe7, 0xfc, 0x6c, 0xc7, 0x08, 0x98, 0xe0, 0x38, 0x00,
0x1f, 0x00, 0x2c, 0xe7, 0x40, 0x6c, 0xe7, 0x09, 0x60, 0xe6, 0x39, 0xcc, 0xea, 0x0f, 0xff, 0xcc,
0xea, 0x4f, 0xff, 0x00, 0xf8, 0x6c, 0xe7, 0x50, 0xcc, 0xe2, 0x1e, 0x2c, 0xd8, 0xe0, 0x00, 0x40,
0xc8, 0xe2, 0x3e, 0x2c, 0xcc, 0xea, 0x6f, 0xff, 0x04, 0x67, 0x47, 0xb4, 0x20, 0x47, 0xa4, 0x00,
0x31, 0x41, 0x10, 0xc8, 0xe2, 0xfe, 0x2c, 0x6c, 0xe7, 0x08, 0x00, 0x6e, 0x00, 0x8a, 0x98, 0xa0,
0x00, 0x00, 0x0c, 0x00, 0x04, 0xc7, 0x4a, 0xc4, 0xff, 0x00, 0xe0, 0x04, 0x67, 0x47, 0xb4, 0x00,
0x47, 0xa4, 0x20, 0x31, 0x41, 0x18, 0x04, 0xc3, 0x04, 0xe4, 0xcc, 0xaa, 0x17, 0xff, 0xc0, 0xca,
0xf7, 0xff, 0xc8, 0xea, 0x37, 0xff, 0xc8, 0xea, 0xb7, 0xff, 0x6c, 0xe7, 0x08, 0x38, 0x60, 0xec,
0x00, 0x8a, 0x98, 0xa0, 0x00, 0x00, 0x90, 0x00, 0x04, 0xc7, 0x4a, 0x68, 0xff, 0xcc, 0x6a, 0x2f,
0xff, 0xcc, 0xea, 0x6f, 0xff, 0x40, 0x07, 0x90, 0xcc, 0xea, 0x6f, 0xff, 0x0c, 0x90, 0x00, 0x6c,
0x49, 0x28, 0x88, 0xc4, 0xea, 0xf7, 0xff, 0x04, 0x67, 0x00, 0x8a, 0x98, 0xa0, 0x00, 0x00, 0x90,
0x00, 0xcc, 0xca, 0x57, 0xff, 0x49, 0xd0, 0xff, 0xcc, 0x6a, 0x2f, 0xff, 0xcc, 0xea, 0x6f, 0xff,
0x04, 0x67, 0x47, 0xb4, 0x20, 0x47, 0xa4, 0x40, 0x31, 0x41, 0x08, 0xc8, 0xe2, 0xfe, 0x2c, 0x00,
0x66, 0x04, 0x87, 0x00, 0xa0, 0x4b, 0x47, 0xff, 0xcc, 0x6a, 0x2f, 0xff, 0xcc, 0xea, 0x6f, 0xff,
0x04, 0x67, 0x47, 0xb4, 0x40, 0x47, 0xa4, 0x20, 0x31, 0x41, 0x18, 0x38, 0xe0, 0x28, 0xc8, 0xea,
0x4f, 0xff, 0xcc, 0x0a, 0x17, 0xff, 0xd8, 0x60, 0x05, 0xf0, 0x48, 0x7f, 0x08, 0x38, 0x60, 0x94,
0x00, 0x80, 0x98, 0xa0, 0x00, 0x01, 0xff, 0x02, 0x48, 0x6b, 0xff, 0xcc, 0x6a, 0x2f, 0xff, 0xcc,
0xea, 0x57, 0xff, 0x00, 0xf8, 0xcc, 0xea, 0x17, 0xff, 0xcc, 0xea, 0x6f, 0xff, 0x41, 0x07, 0x62,
0x00, 0x6c, 0x48, 0x2f, 0x08, 0x98, 0xe0, 0x28, 0x00, 0x1f, 0x00, 0x2c, 0xe7, 0x40, 0xcc, 0xea,
0x37, 0xff, 0xcc, 0xea, 0x77, 0xff, 0x42, 0x07, 0xf8, 0xcc, 0xea, 0x77, 0xff, 0x94, 0xe7, 0x00,
0x00, 0x00, 0x02, 0x40, 0x07, 0x90, 0xc8, 0x02, 0x41, 0x2c, 0x0f, 0x60, 0x38, 0xe0, 0x90, 0xc8,
0xe2, 0x41, 0x2c, 0x0d, 0x20, 0xc8, 0xca, 0xcf, 0xff, 0xcc, 0xea, 0x57, 0xff, 0xd3, 0x4c, 0x79,
0x9f, 0x0c, 0x80, 0x00, 0x10, 0xc8, 0xca, 0xcf, 0xff, 0xcc, 0xea, 0x57, 0xff, 0xd2, 0xcc, 0x77,
0x00, 0x98, 0xe0, 0x7f, 0xff, 0x00, 0x00, 0xcc, 0xea, 0x2f, 0xff, 0xcc, 0xea, 0x6f, 0xff, 0x04,
0x67, 0x47, 0xb4, 0x20, 0x47, 0xa4, 0x40, 0x31, 0x41, 0x08, 0x00, 0xea, 0xcc, 0xea, 0x2f, 0xff,
0xcc, 0x0a, 0x0f, 0xff, 0x0c, 0x80, 0x00, 0x10, 0x98, 0xe0, 0x24, 0x00, 0x1f, 0x00, 0x2c, 0xe7,
0x40, 0xcc, 0xea, 0x0f, 0xff, 0xcc, 0xea, 0x4f, 0xff, 0x34, 0xe7, 0x10, 0x40, 0x07, 0x90, 0xcc,
0x0a, 0x2f, 0xff, 0x0e, 0x70, 0xcc, 0xea, 0x4f, 0xff, 0x94, 0xe7, 0x00, 0x04, 0x00, 0x00, 0x40,
0x07, 0xd0, 0x00, 0xe2, 0xcc, 0xea, 0x2f, 0xff, 0x0c, 0x90, 0xcc, 0xea, 0x4f, 0xff, 0x34, 0xe7,
0x04, 0x40, 0x07, 0xd0, 0x00, 0xec, 0xcc, 0xea, 0x2f, 0xff, 0x0d, 0x20, 0x4b, 0x60, 0x80, 0x04,
0xe3, 0x41, 0x07, 0xad, 0x00, 0xec, 0xcc, 0xea, 0x2f, 0xff, 0x00, 0x10, 0x98, 0xe0, 0x24, 0x00,
0x1f, 0x00, 0xd8, 0xc0, 0x14, 0x04, 0x2c, 0xc7, 0x00, 0xcc, 0xea, 0x6f, 0xff, 0x04, 0x67, 0x47,
0xb4, 0x40, 0x47, 0xa4, 0x40, 0x31, 0x41, 0x08, 0xcc, 0x6a, 0x2f, 0xff, 0xcc, 0xea, 0x6f, 0xff,
0x38, 0x60, 0x48, 0x00, 0x8a, 0x98, 0xa0, 0x00, 0x00, 0x0c, 0x00, 0x04, 0xc7, 0x49, 0x8d, 0x7f,
0x04, 0xe3, 0x04, 0x67, 0x47, 0xb4, 0x40, 0x47, 0xa4, 0x40, 0x31, 0x41, 0x08, 0xcc, 0x6a, 0x2f,
0xff, 0xcc, 0xea, 0x6f, 0xff, 0x38, 0x60, 0x30, 0x00, 0x8a, 0x98, 0xa0, 0x00, 0x00, 0x0c, 0x00,
0x04, 0xc7, 0x4a, 0x15, 0x7f, 0x04, 0xe3, 0x04, 0x67, 0x47, 0xb4, 0x40, 0x47, 0xa4, 0x50, 0x31,
0x41, 0x0c, 0xcc, 0x6a, 0x3b, 0xff, 0xcc, 0x8a, 0x1b, 0xff, 0xcc, 0xaa, 0x2b, 0xff, 0xcc, 0x0a,
0x2f, 0xff, 0xcc, 0xea, 0x7b, 0xff, 0xcc, 0xea, 0x37, 0xff, 0xcc, 0xea, 0x6b, 0xff, 0xcc, 0xea,
0x17, 0xff, 0xcc, 0xea, 0x5b, 0xff, 0x40, 0x07, 0x50, 0xcc, 0xea, 0x6b, 0xff, 0x41, 0x07, 0xe0,
0x00, 0xef, 0x0e, 0xa6, 0x98, 0xe0, 0x20, 0x00, 0x01, 0x00, 0x98, 0xc0, 0x20, 0x00, 0x01, 0x00,
0x2c, 0xc6, 0x40, 0x94, 0xc6, 0xff, 0xfb, 0xff, 0xff, 0x2c, 0xc7, 0x00, 0x00, 0x6a, 0x48, 0xa9,
0x08, 0x0f, 0x92, 0x48, 0xab, 0x00, 0x04, 0xe3, 0x41, 0x07, 0xb0, 0x00, 0xe8, 0xcc, 0xea, 0x2f,
0xff, 0x0c, 0x80, 0x00, 0x10, 0x98, 0xe0, 0x24, 0x00, 0x1f, 0x00, 0x2c, 0xe7, 0x40, 0x94, 0xe7,
0x00, 0x00, 0x01, 0x00, 0x41, 0x07, 0xfb, 0xcc, 0xea, 0x6f, 0xff, 0xd0, 0x40, 0x7b, 0x88, 0xc8,
0xe2, 0xc1, 0x2c, 0xcc, 0xca, 0x77, 0xff, 0x60, 0xe6, 0x3e, 0x04, 0x67, 0x49, 0x93, 0xff, 0xcc,
0x6a, 0x2f, 0xff, 0xcc, 0xea, 0x6f, 0xff, 0xd0, 0x40, 0x7a, 0x08, 0x98, 0xe0, 0x2c, 0x00, 0x1f,
0x00, 0x98, 0xc0, 0x00, 0x00, 0x08, 0x00, 0x2c, 0xc7, 0x00, 0x98, 0xe0, 0x2c, 0x00, 0x1f, 0x00,
0x98, 0xc0, 0xff, 0xff, 0xc0, 0x00, 0x2c, 0xc7, 0x00, 0x98, 0x60, 0x00, 0x00, 0x0c, 0x00, 0x4b,
0xf5, 0x7f, 0xcc, 0x0a, 0x27, 0xff, 0x49, 0xd9, 0xff, 0xcc, 0x6a, 0x2f, 0xff, 0xcc, 0xea, 0x6f,
0xff, 0x40, 0x07, 0xd0, 0xcc, 0xea, 0x6f, 0xff, 0xd0, 0x48, 0x77, 0x30, 0xcc, 0x0a, 0x0f, 0xff,
0x0f, 0x28, 0xcc, 0xea, 0x67, 0xff, 0x00, 0xf8, 0xcc, 0xea, 0x27, 0xff, 0xcc, 0xea, 0x67, 0xff,
0x3c, 0xe7, 0x04, 0x47, 0x3d, 0x80, 0x0c, 0x80, 0x00, 0x10, 0x98, 0xe0, 0x2c, 0x00, 0x1f, 0x00,
0x2c, 0xe7, 0x40, 0x94, 0xe7, 0x00, 0x00, 0x20, 0x00, 0x40, 0x07, 0x9b, 0x0c, 0x80, 0x00, 0x10,
0xcc, 0xea, 0x4f, 0xff, 0x6c, 0xe7, 0x40, 0xcc, 0xca, 0x57, 0xff, 0x08, 0xe6, 0x98, 0xc0, 0x0c,
0x00, 0x1f, 0x00, 0x2c, 0xc6, 0x40, 0x2c, 0xc7, 0x00, 0xcc, 0xea, 0x4f, 0xff, 0x00, 0xf8, 0xcc,
0xea, 0x0f, 0xff, 0xc8, 0xe2, 0xbe, 0x2c, 0x6c, 0xe7, 0x41, 0x3e, 0x07, 0x3a, 0x04, 0xc7, 0xcc,
0xea, 0x4f, 0xff, 0xd3, 0x4c, 0x7a, 0xdf, 0xcc, 0xea, 0x57, 0xff, 0xd8, 0xe7, 0x00, 0x40, 0xcc,
0xea, 0x17, 0xff, 0xcc, 0xea, 0x77, 0xff, 0x00, 0xf8, 0xcc, 0xea, 0x37, 0xff, 0xcc, 0xea, 0x6f,
0xff, 0x40, 0x27, 0xfc, 0x98, 0x60, 0x00, 0x00, 0x0c, 0x00, 0x4a, 0xd9, 0xff, 0xcc, 0x6a, 0x2f,
0xff, 0xcc, 0xea, 0x6f, 0xff, 0x41, 0x07, 0xf4, 0xcc, 0xea, 0x5b, 0xff, 0x3e, 0x07, 0x3c, 0x60,
0xe0, 0x3d, 0x6c, 0xe7, 0xf9, 0x3e, 0x07, 0x38, 0xcc, 0xca, 0x5b, 0xff, 0x00, 0xdf, 0xcc, 0xca,
0x1b, 0xff, 0xd0, 0x40, 0x78, 0xb7, 0x0c, 0x20, 0x00, 0x10, 0x0c, 0xc0, 0x00, 0x10, 0x0c, 0x40,
0x00, 0x10, 0x0c, 0x80, 0x00, 0x10, 0x00, 0x68, 0x49, 0x7c, 0x08, 0x98, 0xe0, 0x20, 0x00, 0x01,
0x00, 0x98, 0xc0, 0x20, 0x00, 0x01, 0x00, 0x2c, 0xc6, 0x40, 0x98, 0xc6, 0x00, 0x04, 0x00, 0x00,
0x2c, 0xc7, 0x00, 0xcc, 0xea, 0x6f, 0xff, 0x04, 0x67, 0x47, 0xb4, 0x50, 0x47, 0xa4, 0x40, 0x31,
0x41, 0x08, 0x4a, 0x6e, 0x7f, 0x00, 0x6c, 0x4b, 0x51, 0x7f, 0x98, 0xe0, 0x20, 0x00, 0x01, 0x00,
0x98, 0xc0, 0x20, 0x00, 0x01, 0x00, 0x2c, 0xc6, 0x40, 0x94, 0xc6, 0xff, 0xfb, 0xff, 0xff, 0x2c,
0xc7, 0x00, 0x38, 0x60, 0x26, 0x4a, 0xd4, 0x08, 0x4b, 0x99, 0x7f, 0x38, 0x60, 0x4c, 0x48, 0x94,
0x08, 0x49, 0x79, 0x7f, 0x4a, 0x24, 0xff, 0xcc, 0x6a, 0x2f, 0xff, 0xcc, 0xea, 0x6f, 0xff, 0x41,
0x07, 0x86, 0x48, 0x45, 0x7f, 0xcc, 0x6a, 0x2f, 0xff, 0xcc, 0xea, 0x6f, 0xff, 0x41, 0x07, 0xea,
0x49, 0xa5, 0x7f, 0xcc, 0x6a, 0x2f, 0xff, 0xcc, 0xea, 0x6f, 0xff, 0x41, 0x07, 0xb2, 0x00, 0x64,
0x49, 0x2e, 0x7f, 0x4b, 0xf5, 0x7f, 0xcc, 0x6a, 0x2f, 0xff, 0xcc, 0xea, 0x6f, 0xff, 0x41, 0x07,
0x7c, 0x48, 0xd7, 0x7f, 0xcc, 0x6a, 0x2f, 0xff, 0xcc, 0xea, 0x6f, 0xff, 0x41, 0x07, 0x2c, 0x49,
0x90, 0xff, 0xcc, 0x6a, 0x2f, 0xff, 0xcc, 0xea, 0x6f, 0xff, 0x41, 0x07, 0x54, 0x00, 0xe8, 0xc8,
0xe2, 0x61, 0x2c, 0xd8, 0x60, 0x2f, 0x80, 0x4b, 0x70, 0x08, 0xcc, 0xea, 0x6f, 0xff, 0x0c, 0x10,
0x00, 0x10, 0x0c, 0xa0, 0x00, 0x10, 0x0c, 0x20, 0x00, 0x10, 0x0c, 0xc0, 0x00, 0x10, 0x0c, 0x40,
0x00, 0x10, 0x0c, 0x80, 0x00, 0x10, 0xc8, 0x02, 0x61, 0x2c, 0xcc, 0xea, 0x6f, 0xff, 0x04, 0x67,
0x47, 0xb4, 0x40, 0x47, 0xa4, 0x40, 0x31, 0x41, 0x08, 0xc8, 0xe2, 0xe1, 0x2c, 0x41, 0x87, 0xb6,
0x00, 0x6a, 0x48, 0x00, 0x08, 0x98, 0xe0, 0x20, 0x00, 0x01, 0x00, 0x98, 0xc0, 0x20, 0x00, 0x01,
0x00, 0x2c, 0xc6, 0x40, 0x94, 0xc6, 0xff, 0xfb, 0xff, 0xff, 0x2c, 0xc7, 0x00, 0x00, 0x6a, 0x4b,
0x1f, 0xf0, 0x98, 0xe0, 0x24, 0x00, 0x1f, 0x00, 0x2c, 0xe7, 0x40, 0xcc, 0xea, 0x2f, 0xff, 0x98,
0xe0, 0x24, 0x00, 0x1f, 0x00, 0xcc, 0xca, 0x6f, 0xff, 0x2c, 0xc7, 0x00, 0x98, 0xe0, 0x2c, 0x00,
0x1f, 0x00, 0x98, 0xc0, 0x2c, 0x00, 0x1f, 0x00, 0x2c, 0xc6, 0x40, 0x98, 0xc6, 0x00, 0x00, 0xc8,
0x00, 0x2c, 0xc7, 0x00, 0x00, 0x6a, 0x48, 0xd7, 0xf0, 0x98, 0xe0, 0x2c, 0x00, 0x1f, 0x00, 0xd8,
0xc0, 0x80, 0x80, 0x2c, 0xc7, 0x00, 0x00, 0xe0, 0x0f, 0x80, 0x49, 0x0d, 0xff, 0x04, 0xe3, 0x04,
0x67, 0x47, 0xb4, 0x40, 0x47, 0xa4, 0x22, 0xd9, 0x41, 0x18, 0x80, 0x04, 0xe3, 0xc0, 0xea, 0xf7,
0x7f, 0xd8, 0xea, 0x2f, 0x7f, 0x04, 0x67, 0x00, 0x80, 0xd8, 0xa0, 0x00, 0x80, 0x4b, 0x27, 0x18,
0xd8, 0xea, 0x2f, 0x7f, 0x04, 0x67, 0x98, 0x80, 0x00, 0x00, 0x40, 0x00, 0xd8, 0xa0, 0x00, 0x80,
0x4a, 0x8c, 0xbf, 0xcc, 0x0a, 0x2f, 0xff, 0x0d, 0x10, 0xcc, 0xea, 0x6f, 0xff, 0x30, 0xca, 0x1f,
0x08, 0xe6, 0xc4, 0xe7, 0x3f, 0x7f, 0x9d, 0x87, 0xff, 0x00, 0x00, 0x00, 0x47, 0x33, 0x80, 0xcc,
0xea, 0x6f, 0xff, 0x00, 0xf8, 0xcc, 0xea, 0x2f, 0xff, 0xcc, 0xea, 0x6f, 0xff, 0x9f, 0x07, 0xff,
0x00, 0x00, 0x00, 0x47, 0x26, 0xbf, 0x0c, 0x80, 0x00, 0x10, 0xcc, 0xea, 0x6f, 0xff, 0x9e, 0x87,
0xff, 0x00, 0x00, 0x00, 0x47, 0x29, 0x00, 0xc8, 0x02, 0x2b, 0x17, 0x0c, 0x40, 0x00, 0xef, 0xc8,
0xe2, 0x2b, 0x17, 0x98, 0xe0, 0x00, 0x01, 0xe0, 0x00, 0x24, 0xe7, 0x00, 0xc0, 0xe2, 0x6b, 0x17,
0xc0, 0x02, 0x21, 0x2c, 0x47, 0xb4, 0x22, 0xcd, 0x41, 0x3f, 0xff, 0x05, 0x41, 0xc4, 0xe2, 0xcb,
0xaf, 0x41, 0x07, 0xe0, 0x00, 0xe8, 0x0c, 0x80, 0x00, 0xe0, 0x04, 0x67, 0xcd, 0x41, 0x7f, 0xff,
0x47, 0xd2, 0x48, 0x47, 0xa4, 0x00, 0x31, 0x41, 0x10, 0x98, 0xe0, 0x20, 0x00, 0x01, 0x00, 0x98,
0xc0, 0x20, 0x00, 0x01, 0x00, 0x2c, 0xc6, 0x40, 0x94, 0xc6, 0xff, 0xfb, 0xff, 0xff, 0x2c, 0xc7,
0x00, 0x38, 0x60, 0x50, 0x49, 0xf5, 0xf0, 0x48, 0x78, 0x7f, 0x00, 0x68, 0x49, 0xb5, 0xf0, 0x98,
0xe0, 0x20, 0x00, 0x01, 0x00, 0x98, 0xc0, 0x20, 0x00, 0x01, 0x00, 0x2c, 0xc6, 0x40, 0x98, 0xc6,
0x00, 0x04, 0x00, 0x00, 0x2c, 0xc7, 0x00, 0x00, 0x68, 0x4a, 0x65, 0xf0, 0x47, 0xb4, 0x00, 0xcd,
0x41, 0x3f, 0xff, 0x05, 0x41, 0xcc, 0x6a, 0x37, 0xff, 0x98, 0xc0, 0x01, 0x5d, 0x31, 0x80, 0xcc,
0xea, 0x77, 0xff, 0x64, 0xe6, 0x3d, 0xcc, 0xea, 0x2f, 0xff, 0xcc, 0xea, 0x6f, 0xff, 0x00, 0xff,
0xcc, 0xea, 0x2f, 0xff, 0x98, 0xe0, 0x00, 0x01, 0x0f, 0x00, 0xcc, 0xca, 0x6f, 0xff, 0x6c, 0xc6,
0x10, 0x38, 0xc6, 0xd8, 0x2c, 0xc7, 0x00, 0x98, 0xe0, 0x20, 0x01, 0x0f, 0x00, 0xd8, 0xc0, 0x02,
0x02, 0x2c, 0xc7, 0x00, 0x98, 0xe0, 0x08, 0x01, 0x0f, 0x00, 0x2c, 0x07, 0x00, 0xcd, 0x41, 0x7f,
0xff, 0x47, 0xd2, 0x48, 0xcd, 0x41, 0x3f, 0xff, 0x05, 0x41, 0xcc, 0x6a, 0x2f, 0xff, 0xcc, 0x8a,
0x0f, 0xff, 0x0c, 0x30, 0x00, 0x10, 0x98, 0xe0, 0x10, 0x01, 0x0f, 0x00, 0x2c, 0xe7, 0x40, 0x94,
0xe7, 0x00, 0x00, 0x08, 0x00, 0x40, 0x07, 0x8f, 0x98, 0xe0, 0x30, 0x01, 0x0f, 0x00, 0xcc, 0xca,
0x6f, 0xff, 0x24, 0xc6, 0x00, 0x2c, 0xc7, 0x00, 0xcc, 0xea, 0x6f, 0xff, 0x00, 0xf8, 0xcc, 0xea,
0x2f, 0xff, 0xcc, 0xea, 0x4f, 0xff, 0x3e, 0x07, 0x3c, 0x60, 0xe0, 0x3d, 0x6c, 0xe7, 0xf9, 0x3e,
0x07, 0x38, 0xcc, 0xca, 0x4f, 0xff, 0x00, 0xdf, 0xcc, 0xca, 0x0f, 0xff, 0x41, 0x07, 0x1d, 0xcd,
0x41, 0x7f, 0xff, 0x47, 0xd2, 0x48, 0xcd, 0x41, 0x3f, 0xff, 0x05, 0x41, 0xcc, 0x6a, 0x2f, 0xff,
0xcc, 0x8a, 0x0f, 0xff, 0x0c, 0x30, 0x00, 0x10, 0x98, 0xe0, 0x10, 0x01, 0x0f, 0x00, 0x2c, 0xe7,
0x40, 0x94, 0xe7, 0x00, 0x00, 0x08, 0x00, 0x40, 0x07, 0x8f, 0x98, 0xe0, 0x30, 0x01, 0x0f, 0x00,
0xcc, 0xca, 0x6f, 0xff, 0x24, 0xc6, 0x00, 0x2c, 0xc7, 0x00, 0xcc, 0xea, 0x6f, 0xff, 0x00, 0xf8,
0xcc, 0xea, 0x2f, 0xff, 0xcc, 0xea, 0x4f, 0xff, 0x3e, 0x07, 0x3c, 0x60, 0xe0, 0x3d, 0x6c, 0xe7,
0xf9, 0x3e, 0x07, 0x38, 0xcc, 0xca, 0x4f, 0xff, 0x00, 0xdf, 0xcc, 0xca, 0x0f, 0xff, 0x41, 0x07,
0x1d, 0xcd, 0x41, 0x7f, 0xff, 0x47, 0xd2, 0x48, 0x30, 0x21, 0x0b, 0x2c, 0x81, 0x38, 0x2c, 0xa1,
0x04, 0x2c, 0xc1, 0x24, 0x2c, 0xe1, 0x14, 0x2d, 0x01, 0x34, 0x2d, 0x41, 0x28, 0x31, 0x41, 0x18,
0xcc, 0x6a, 0x37, 0xff, 0x00, 0xe0, 0x04, 0x67, 0x2d, 0x41, 0x68, 0x30, 0x21, 0x0c, 0x47, 0xd2,
0x48, 0x30, 0x21, 0x17, 0x2c, 0x81, 0x20, 0x2c, 0xa1, 0x10, 0x2c, 0xc1, 0x30, 0x2c, 0xe1, 0x08,
0x2d, 0x01, 0x28, 0x47, 0xa4, 0x20, 0x31, 0x41, 0x18, 0xcc, 0x6a, 0x37, 0xff, 0x30, 0xea, 0x20,
0xcc, 0xea, 0x0f, 0xff, 0xcc, 0xea, 0x4f, 0xff, 0xd8, 0x62, 0x35, 0x2f, 0xd8, 0x80, 0x00, 0x80,
0xcc, 0xaa, 0x77, 0xff, 0x04, 0xc7, 0x49, 0x89, 0x18, 0xcc, 0x6a, 0x2f, 0xff, 0xc0, 0x02, 0xd5,
0xaf, 0xd8, 0x62, 0x35, 0x2f, 0xcc, 0x8a, 0x6f, 0xff, 0x4a, 0xd3, 0xff, 0xcc, 0xea, 0x6f, 0xff,
0x04, 0x67, 0x47, 0xc4, 0x20, 0x30, 0x21, 0x18, 0x47, 0xd2, 0x48, 0xcd, 0x41, 0x3f, 0xff, 0x05,
0x41, 0xd8, 0xe2, 0x3b, 0xa8, 0x04, 0x67, 0xcd, 0x41, 0x7f, 0xff, 0x47, 0xd2, 0x48, 0x47, 0xa4,
0x00, 0x31, 0x41, 0x10, 0x48, 0xb1, 0xa8, 0xd8, 0x62, 0x3b, 0xa8, 0x98, 0x80, 0x00, 0x0f, 0xf0,
0x00, 0x38, 0xa0, 0x04, 0x4a, 0x31, 0x3f, 0xc4, 0xe2, 0x3b, 0xa8, 0xc4, 0xc2, 0xbb, 0xa8, 0x6c,
0xc6, 0x10, 0x60, 0xe6, 0x39, 0x3e, 0x07, 0x3a, 0x9d, 0xc7, 0xaa, 0x55, 0x00, 0x00, 0x47, 0x29,
0x00, 0xc0, 0x02, 0xcb, 0xaf, 0x0c, 0xc8, 0xc4, 0xe2, 0x3b, 0xa8, 0xc4, 0xc2, 0xbb, 0xa8, 0x6c,
0xc6, 0x10, 0x60, 0xe6, 0x39, 0x3e, 0x07, 0x3a, 0x9d, 0xc7, 0xfa, 0xfa, 0x00, 0x00, 0x47, 0x2d,
0x00, 0x00, 0xe4, 0xc0, 0xe2, 0xcb, 0xaf, 0x0d, 0x50, 0xc4, 0xe2, 0x3b, 0xa8, 0xc4, 0xc2, 0xbb,
0xa8, 0x6c, 0xc6, 0x10, 0x60, 0xe6, 0x39, 0x3e, 0x07, 0x3a, 0x9d, 0xc7, 0x5a, 0x5a, 0x00, 0x00,
0x47, 0x2d, 0x00, 0x00, 0xec, 0xc0, 0xe2, 0xcb, 0xaf, 0x0c, 0x40, 0x00, 0xe8, 0xc0, 0xe2, 0xcb,
0xaf, 0x98, 0xe0, 0x00, 0x01, 0x80, 0x00, 0xcc, 0xe2, 0x31, 0x2c, 0x47, 0xb4, 0x00, 0xcd, 0x41,
0x3f, 0xff, 0x05, 0x41, 0xcd, 0x41, 0x7f, 0xff, 0x47, 0xd2, 0x48, 0xcd, 0x41, 0x3f, 0xff, 0x05,
0x41, 0xcc, 0x6a, 0x2f, 0xff, 0x00, 0xef, 0x04, 0x67, 0xcd, 0x41, 0x7f, 0xff, 0x47, 0xd2, 0x48,
0xcd, 0x41, 0x3f, 0xff, 0x05, 0x41, 0xcc, 0x6a, 0x37, 0xff, 0xcc, 0x8a, 0x17, 0xff, 0x04, 0xe5,
0xc8, 0xea, 0x67, 0xff, 0xcc, 0xea, 0x77, 0xff, 0x41, 0x07, 0xb2, 0x98, 0xe0, 0xff, 0xff, 0x00,
0x00, 0x0f, 0x98, 0xcc, 0xea, 0x77, 0xff, 0x24, 0xe7, 0x00, 0xc0, 0xea, 0xef, 0xff, 0xcc, 0xea,
0x77, 0xff, 0x00, 0xf8, 0xcc, 0xea, 0x37, 0xff, 0xc8, 0xea, 0xe7, 0xff, 0x6c, 0xe7, 0x11, 0x3e,
0x07, 0x32, 0xc8, 0xaa, 0xe7, 0xff, 0xc4, 0xea, 0xef, 0xff, 0x60, 0xe5, 0x3a, 0x34, 0xe7, 0xff,
0x6c, 0xa7, 0x80, 0xd8, 0xe2, 0x1b, 0x17, 0x08, 0xe5, 0x28, 0xe7, 0x80, 0x60, 0xe6, 0x3a, 0xc8,
0xea, 0x67, 0xff, 0x0c, 0x80, 0x00, 0x10, 0xcc, 0xea, 0x57, 0xff, 0x3e, 0x07, 0x3c, 0x60, 0xe0,
0x3d, 0x6c, 0xe7, 0xf9, 0x3e, 0x07, 0x38, 0xcc, 0xca, 0x57, 0xff, 0x00, 0xdf, 0xcc, 0xca, 0x17,
0xff, 0x41, 0x07, 0x45, 0xc8, 0xea, 0xe7, 0xff, 0x04, 0x67, 0xcd, 0x41, 0x7f, 0xff, 0x47, 0xd2,
0x48, 0xcd, 0x41, 0x3f, 0xff, 0x05, 0x41, 0xcc, 0x6a, 0x37, 0xff, 0xcc, 0x8a, 0x17, 0xff, 0xcc,
0x0a, 0x2f, 0xff, 0x0f, 0x90, 0xcc, 0xea, 0x77, 0xff, 0x24, 0xe7, 0x00, 0xcc, 0xca, 0x6f, 0xff,
0x08, 0xe6, 0xcc, 0xea, 0x2f, 0xff, 0xcc, 0xea, 0x77, 0xff, 0x00, 0xf2, 0xcc, 0xea, 0x37, 0xff,
0xcc, 0xea, 0x57, 0xff, 0x00, 0xf3, 0xcc, 0xea, 0x17, 0xff, 0xcc, 0xea, 0x57, 0xff, 0xd1, 0xf0,
0x7e, 0xbf, 0x0f, 0x90, 0xcc, 0xea, 0x77, 0xff, 0x24, 0xe7, 0x00, 0xcc, 0xca, 0x6f, 0xff, 0x08,
0xe6, 0xcc, 0xea, 0x2f, 0xff, 0xcc, 0xea, 0x77, 0xff, 0x00, 0xf8, 0xcc, 0xea, 0x37, 0xff, 0xcc,
0xea, 0x57, 0xff, 0x00, 0xff, 0xcc, 0xea, 0x17, 0xff, 0xcc, 0xea, 0x57, 0xff, 0x41, 0x07, 0xeb,
0xcc, 0xea, 0x6f, 0xff, 0x04, 0x67, 0xcd, 0x41, 0x7f, 0xff, 0x47, 0xd2, 0x48, 0x47, 0xa4, 0x60,
0x31, 0x41, 0x04, 0x04, 0xe3, 0xc0, 0xea, 0xe7, 0xff, 0xc4, 0xe2, 0xcb, 0xaf, 0xd0, 0x10, 0x75,
0x88, 0xd8, 0x62, 0x22, 0x68, 0x98, 0x80, 0x00, 0x09, 0x80, 0x00, 0xd8, 0xa0, 0x00, 0x10, 0x49,
0x98, 0x3f, 0x98, 0xe0, 0x00, 0x09, 0x80, 0x00, 0xcc, 0xea, 0x2f, 0xff, 0x0d, 0x60, 0xcc, 0x6a,
0x6f, 0xff, 0x4a, 0x28, 0xdf, 0xcc, 0xea, 0x6f, 0xff, 0xd8, 0xe7, 0x00, 0x08, 0xcc, 0xea, 0x2f,
0xff, 0x00, 0x6a, 0x4b, 0xed, 0x70, 0xcc, 0xea, 0x6f, 0xff, 0x9f, 0x47, 0xff, 0xff, 0x80, 0x00,
0x47, 0x27, 0xbf, 0xc4, 0xe2, 0xcb, 0xaf, 0x41, 0x87, 0x02, 0xc4, 0xea, 0xe7, 0xff, 0x41, 0x87,
0x9c, 0x00, 0xe4, 0xcc, 0xea, 0x0f, 0xff, 0x0c, 0x90, 0x38, 0x60, 0x26, 0x49, 0xb5, 0x70, 0xcc,
0xea, 0x4f, 0xff, 0x6c, 0xe7, 0x08, 0xcc, 0xea, 0x2f, 0xff, 0xcc, 0x6a, 0x6f, 0xff, 0x48, 0x38,
0xdf, 0xcc, 0xea, 0x4f, 0xff, 0x00, 0xf8, 0xcc, 0xea, 0x0f, 0xff, 0xcc, 0xea, 0x4f, 0xff, 0x3c,
0xe7, 0xf0, 0x47, 0x2e, 0xbf, 0x0f, 0xb8, 0x00, 0xe4, 0xcc, 0xea, 0x0f, 0xff, 0x0e, 0x90, 0xcc,
0xea, 0x4f, 0xff, 0x6c, 0xe7, 0x08, 0xcc, 0xea, 0x2f, 0xff, 0xcc, 0x6a, 0x6f, 0xff, 0x48, 0x08,
0xdf, 0xd8, 0x60, 0x2f, 0x80, 0x4a, 0xd9, 0x70, 0xcc, 0xea, 0x4f, 0xff, 0x00, 0xf8, 0xcc, 0xea,
0x0f, 0xff, 0xcc, 0xea, 0x4f, 0xff, 0x3c, 0xe7, 0x70, 0x47, 0x26, 0xbf, 0x98, 0x60, 0x38, 0xbf,
0x00, 0x00, 0x49, 0xac, 0xff, 0xcc, 0x0a, 0x0f, 0xff, 0x0e, 0x50, 0xcc, 0xea, 0x4f, 0xff, 0xd8,
0xe7, 0x0f, 0x00, 0x6c, 0xe7, 0x30, 0xcc, 0xea, 0x2f, 0xff, 0xcc, 0x6a, 0x6f, 0xff, 0x4a, 0xa7,
0x5f, 0xd8, 0x60, 0x2f, 0x80, 0x4a, 0xd1, 0x70, 0xcc, 0xea, 0x4f, 0xff, 0x00, 0xf8, 0xcc, 0xea,
0x0f, 0xff, 0xcc, 0xea, 0x4f, 0xff, 0x3c, 0xe7, 0x30, 0x47, 0x24, 0xbf, 0x98, 0xe0, 0x00, 0x09,
0x80, 0x00, 0xcc, 0xea, 0x37, 0xff, 0xd8, 0x62, 0x22, 0x68, 0xcc, 0x8a, 0x77, 0xff, 0xd8, 0xa0,
0x00, 0x10, 0x49, 0x84, 0x3f, 0x0c, 0x80, 0x00, 0x10, 0x47, 0xb4, 0x60, 0x47, 0xa4, 0x38, 0x31,
0x41, 0x1e, 0xcc, 0x6a, 0x31, 0xff, 0xcc, 0x0a, 0x27, 0xff, 0xc0, 0x0a, 0xc7, 0xff, 0xcc, 0x0a,
0x1b, 0xff, 0x30, 0xea, 0xc9, 0x04, 0x67, 0x00, 0x80, 0x38, 0xa0, 0x84, 0x48, 0xbe, 0xe8, 0x30,
0xea, 0xc9, 0x00, 0xf8, 0xcc, 0xea, 0x2b, 0xff, 0x30, 0xe0, 0x55, 0xc0, 0xea, 0xc9, 0xff, 0xcc,
0xe2, 0x51, 0x2c, 0x2c, 0xe7, 0x70, 0xcc, 0xea, 0x0b, 0xff, 0xcc, 0x02, 0x29, 0xac, 0x30, 0xea,
0x2d, 0xcc, 0x6a, 0x71, 0xff, 0xd8, 0x82, 0x22, 0x68, 0xd8, 0xa0, 0x00, 0x40, 0x04, 0xc7, 0x4b,
0xf7, 0xef, 0xcc, 0x6a, 0x0f, 0xff, 0xcc, 0xea, 0x4f, 0xff, 0x40, 0x07, 0x10, 0x00, 0xeb, 0x46,
0x42, 0x60, 0xc4, 0xe2, 0x43, 0x68, 0x04, 0xc7, 0xc4, 0xe2, 0xc3, 0x68, 0x6c, 0xe7, 0x10, 0x60,
0xc6, 0x39, 0xc4, 0xe2, 0x23, 0x68, 0x6c, 0xe7, 0x08, 0x60, 0xc6, 0x39, 0xc4, 0xe2, 0xa3, 0x68,
0x6c, 0xe7, 0x18, 0x60, 0xe6, 0x39, 0xcc, 0xea, 0x1b, 0xff, 0xcc, 0xea, 0x5b, 0xff, 0x9d, 0xc7,
0x66, 0x66, 0x2a, 0x4c, 0x47, 0x2f, 0x00, 0x4a, 0x3c, 0x70, 0x38, 0x60, 0x4c, 0x4a, 0xaa, 0x70,
0x48, 0xcf, 0x68, 0xcc, 0x6a, 0x71, 0xff, 0x98, 0x80, 0x00, 0x1f, 0xe0, 0x00, 0x49, 0x05, 0x1f,
0x30, 0xea, 0x2d, 0xcc, 0x6a, 0x71, 0xff, 0xd8, 0x82, 0x22, 0x68, 0xd8, 0xa0, 0x00, 0x40, 0x04,
0xc7, 0x4a, 0xcb, 0xef, 0xcc, 0x6a, 0x0f, 0xff, 0xc4, 0xe2, 0x0e, 0x68, 0xc0, 0xe2, 0x33, 0xaf,
0xc4, 0xe2, 0x8e, 0x68, 0xc0, 0xe2, 0x62, 0x64, 0xc4, 0xe2, 0x4e, 0x68, 0xc0, 0xe2, 0x2b, 0xa0,
0xc8, 0xe2, 0xab, 0x17, 0x9d, 0x87, 0xff, 0xff, 0x00, 0x00, 0x47, 0x21, 0x00, 0x00, 0x68, 0x49,
0xee, 0xff, 0xcc, 0x6a, 0x71, 0xff, 0x98, 0x80, 0x00, 0x19, 0x80, 0x00, 0x4b, 0x31, 0x1f, 0x98,
0xe0, 0x00, 0x19, 0x80, 0x00, 0xcc, 0xea, 0x2f, 0xff, 0xcc, 0xea, 0x4b, 0xff, 0x90, 0xe7, 0x00,
0x16, 0x7f, 0xff, 0xcc, 0xea, 0x37, 0xff, 0x30, 0xea, 0x2d, 0xcc, 0x6a, 0x71, 0xff, 0xd8, 0x82,
0x22, 0x68, 0xd8, 0xa0, 0x00, 0x10, 0x04, 0xc7, 0x49, 0x9d, 0xef, 0xcc, 0x6a, 0x0f, 0xff, 0xcc,
0xea, 0x4f, 0xff, 0x40, 0x07, 0x10, 0x00, 0xeb, 0x46, 0x96, 0xa0, 0xd8, 0x62, 0x22, 0x68, 0xd8,
0x80, 0x00, 0x10, 0x49, 0xc2, 0xff, 0x04, 0xc3, 0xcc, 0xe2, 0x69, 0xac, 0x08, 0xe6, 0xcc, 0xe2,
0x29, 0xac, 0xd8, 0x62, 0x22, 0x68, 0xcc, 0x8a, 0x6f, 0xff, 0xd8, 0xa0, 0x00, 0x10, 0x49, 0x63,
0xdf, 0xc4, 0xe2, 0xcb, 0xaf, 0x41, 0x07, 0x10, 0x00, 0x68, 0x49, 0x53, 0x68, 0xcc, 0xea, 0x77,
0xff, 0xd8, 0xe7, 0x00, 0x1f, 0xcc, 0xea, 0x37, 0xff, 0xcc, 0xea, 0x6f, 0xff, 0xd8, 0xe7, 0x00,
0x10, 0xcc, 0xea, 0x2f, 0xff, 0xcc, 0xea, 0x77, 0xff, 0xd8, 0xc7, 0xff, 0xf0, 0x3d, 0x07, 0x00,
0x64, 0xe6, 0x3a, 0x6c, 0xe7, 0x32, 0x3e, 0x07, 0x38, 0x00, 0xff, 0xc0, 0xea, 0xf3, 0xff, 0xc0,
0x0a, 0x47, 0xff, 0x46, 0xdc, 0x20, 0xc4, 0xea, 0x47, 0xff, 0x00, 0xf8, 0xc0, 0xea, 0x47, 0xff,
0xc4, 0x8a, 0x47, 0xff, 0xc4, 0xea, 0xf3, 0xff, 0x9a, 0xe0, 0xc9, 0x24, 0x92, 0x49, 0x68, 0xc7,
0xbb, 0x64, 0xa7, 0xbb, 0x08, 0xc7, 0x6c, 0xc6, 0x42, 0x6c, 0xe7, 0xfa, 0x60, 0xe6, 0x3d, 0xd2,
0xc8, 0x79, 0x00, 0x48, 0x30, 0x10, 0x0d, 0x42, 0xc4, 0x8a, 0x47, 0xff, 0xc4, 0xea, 0xf3, 0xff,
0x6c, 0xe7, 0x80, 0x9a, 0xe0, 0xc9, 0x24, 0x92, 0x49, 0x68, 0xc7, 0xbb, 0x64, 0xa7, 0xbb, 0x08,
0xc7, 0x6c, 0xc6, 0x42, 0x6c, 0xe7, 0xfa, 0x60, 0xe6, 0x3d, 0xd2, 0xc8, 0x79, 0x00, 0x49, 0x20,
0x10, 0x0f, 0xec, 0xc4, 0x8a, 0x47, 0xff, 0xc4, 0xca, 0xf3, 0xff, 0x00, 0xec, 0x64, 0xe6, 0x3b,
0x9a, 0xe0, 0xc9, 0x24, 0x92, 0x49, 0x68, 0xc7, 0xbb, 0x64, 0xa7, 0xbb, 0x08, 0xc7, 0x6c, 0xc6,
0x42, 0x6c, 0xe7, 0xfa, 0x60, 0xe6, 0x3d, 0xd2, 0xc8, 0x79, 0x00, 0x49, 0xbf, 0xe0, 0x0d, 0x34,
0xc4, 0x8a, 0x47, 0xff, 0xc4, 0xea, 0xf3, 0xff, 0x6c, 0xe7, 0x40, 0x9a, 0xe0, 0xc9, 0x24, 0x92,
0x49, 0x68, 0xc7, 0xbb, 0x64, 0xa7, 0xbb, 0x08, 0xc7, 0x6c, 0xc6, 0x42, 0x6c, 0xe7, 0xfa, 0x60,
0xe6, 0x3d, 0xd2, 0xc8, 0x79, 0x00, 0x48, 0x6f, 0xe0, 0x0f, 0x84, 0xc4, 0x8a, 0x47, 0xff, 0xc4,
0xca, 0xf3, 0xff, 0x00, 0xea, 0x64, 0xe6, 0x3b, 0x9a, 0xe0, 0xc9, 0x24, 0x92, 0x49, 0x68, 0xc7,
0xbb, 0x64, 0xa7, 0xbb, 0x08, 0xc7, 0x6c, 0xc6, 0x42, 0x6c, 0xe7, 0xfa, 0x60, 0xe6, 0x3d, 0xd2,
0xc8, 0x79, 0x00, 0x4b, 0xb7, 0xe0, 0x0d, 0x68, 0xc4, 0x8a, 0x47, 0xff, 0xc4, 0xca, 0xf3, 0xff,
0x00, 0xe6, 0x64, 0xe6, 0x3b, 0x9a, 0xe0, 0xc9, 0x24, 0x92, 0x49, 0x68, 0xc7, 0xbb, 0x64, 0xa7,
0xbb, 0x08, 0xc7, 0x6c, 0xc6, 0x42, 0x6c, 0xe7, 0xfa, 0x60, 0xe6, 0x3d, 0xd2, 0xc8, 0x79, 0x00,
0x48, 0x67, 0xe0, 0x0e, 0xd0, 0xc4, 0x8a, 0x47, 0xff, 0xc4, 0xca, 0xf3, 0xff, 0x00, 0xee, 0x64,
0xe6, 0x3b, 0x9a, 0xe0, 0xc9, 0x24, 0x92, 0x49, 0x68, 0xc7, 0xbb, 0x64, 0xa7, 0xbb, 0x08, 0xc7,
0x6c, 0xc6, 0x42, 0x6c, 0xe7, 0xfa, 0x60, 0xe6, 0x3d, 0xd2, 0xc8, 0x7e, 0x00, 0x48, 0x7b, 0xe0,
0xcc, 0xca, 0x77, 0xff, 0xd8, 0xe0, 0x00, 0x08, 0x74, 0xe6, 0x3d, 0xcc, 0xea, 0x17, 0xff, 0x30,
0xea, 0x2d, 0xcc, 0x6a, 0x71, 0xff, 0xd8, 0x82, 0x22, 0x68, 0xcc, 0xaa, 0x57, 0xff, 0x04, 0xc7,
0x49, 0xc2, 0xef, 0xcc, 0x6a, 0x0f, 0xff, 0xcc, 0xea, 0x4f, 0xff, 0xd0, 0x40, 0x77, 0x24, 0xcc,
0xea, 0x6d, 0xff, 0xd8, 0x62, 0x22, 0x68, 0xcc, 0x8a, 0x6f, 0xff, 0x04, 0xa7, 0x4b, 0x6a, 0xdf,
0xcc, 0x0a, 0x1d, 0xff, 0x0c, 0x68, 0xd8, 0x60, 0x17, 0xc0, 0x48, 0x4d, 0xb0, 0xcc, 0xea, 0x6d,
0xff, 0xd8, 0x62, 0x2b, 0xaf, 0xcc, 0x8a, 0x6f, 0xff, 0x04, 0xa7, 0x49, 0x60, 0xdf, 0xcc, 0xea,
0x6d, 0xff, 0xd8, 0x62, 0x2b, 0xaf, 0xd8, 0x82, 0x22, 0x68, 0x04, 0xa7, 0x4b, 0x5f, 0x28, 0xcc,
0x6a, 0x13, 0xff, 0xcc, 0xea, 0x53, 0xff, 0x40, 0x07, 0xf4, 0xcc, 0xea, 0x6d, 0xff, 0xd8, 0x62,
0x22, 0x68, 0xcc, 0x8a, 0x6f, 0xff, 0x04, 0xa7, 0x48, 0x22, 0xdf, 0xd8, 0x60, 0x17, 0xc0, 0x4b,
0x05, 0xb0, 0xcc, 0xea, 0x5d, 0xff, 0x00, 0xf8, 0xcc, 0xea, 0x1d, 0xff, 0xcc, 0xea, 0x5d, 0xff,
0xd2, 0x10, 0x76, 0x5f, 0x0c, 0x80, 0x00, 0x10, 0xcc, 0xea, 0x5d, 0xff, 0xd0, 0x70, 0x77, 0xd0,
0xd8, 0xe2, 0x2b, 0xaf, 0xcc, 0xea, 0x23, 0xff, 0xd8, 0xe2, 0x22, 0x68, 0xcc, 0xea, 0x03, 0xff,
0x98, 0xe0, 0x38, 0x08, 0x01, 0x00, 0x2c, 0xe7, 0x40, 0x6c, 0xe7, 0x51, 0x94, 0xe7, 0xff, 0xff,
0x80, 0x00, 0x98, 0x60, 0xd4, 0xbf, 0x00, 0x00, 0x04, 0x87, 0x49, 0xf4, 0x7f, 0xcc, 0x0a, 0x3b,
0xff, 0x0e, 0x38, 0xcc, 0xea, 0x7b, 0xff, 0x6c, 0xe7, 0x40, 0xcc, 0xca, 0x63, 0xff, 0x08, 0xe6,
0x2c, 0xc7, 0x40, 0xcc, 0xea, 0x7b, 0xff, 0x6c, 0xe7, 0x40, 0xcc, 0xaa, 0x43, 0xff, 0x08, 0xe5,
0x2c, 0xe7, 0x40, 0xd2, 0x8c, 0x7a, 0x20, 0xcc, 0xea, 0x7b, 0xff, 0x6c, 0xe7, 0x40, 0x04, 0xc7,
0xcc, 0xea, 0x6f, 0xff, 0x60, 0xa6, 0x3c, 0xcc, 0xea, 0x7b, 0xff, 0x6c, 0xe7, 0x40, 0xcc, 0xca,
0x63, 0xff, 0x08, 0xe6, 0x2c, 0xc7, 0x40, 0xcc, 0xea, 0x7b, 0xff, 0x6c, 0xe7, 0x40, 0xcc, 0x8a,
0x43, 0xff, 0x08, 0xe4, 0x2c, 0xe7, 0x40, 0x98, 0x60, 0xfc, 0xbf, 0x00, 0x00, 0x04, 0x85, 0x04,
0xa6, 0x04, 0xc7, 0x4a, 0xa8, 0x7f, 0x0f, 0x60, 0xcc, 0xea, 0x7b, 0xff, 0x00, 0xf8, 0xcc, 0xea,
0x3b, 0xff, 0xcc, 0xca, 0x7b, 0xff, 0xcc, 0xea, 0x6d, 0xff, 0x6c, 0xe7, 0x41, 0xd3, 0xce, 0x66,
0x1f, 0x98, 0x60, 0x9a, 0xbf, 0x00, 0x00, 0x4a, 0x30, 0x7f, 0xcc, 0xea, 0x6f, 0xff, 0x9d, 0xc7,
0x00, 0x0f, 0xe0, 0x00, 0x47, 0x2f, 0xb0, 0xc4, 0xe2, 0xcb, 0xaf, 0xd0, 0x40, 0x71, 0xb0, 0xcc,
0x0a, 0x1d, 0xff, 0x0c, 0x88, 0xcc, 0xea, 0x5d, 0xff, 0xcc, 0xca, 0x6b, 0xff, 0x08, 0xe6, 0xcc,
0xca, 0x5d, 0xff, 0xd8, 0xa6, 0x02, 0x10, 0xd8, 0xc2, 0x22, 0x68, 0x08, 0xc5, 0x24, 0xc6, 0x00,
0x20, 0xc7, 0x00, 0xcc, 0xea, 0x5d, 0xff, 0xcc, 0xca, 0x6b, 0xff, 0x08, 0xe6, 0x24, 0xe7, 0x00,
0x40, 0x07, 0x84, 0xc4, 0xea, 0xc7, 0xff, 0x00, 0xf8, 0xc0, 0xea, 0xc7, 0xff, 0xcc, 0xea, 0x5d,
0xff, 0x00, 0xf8, 0xcc, 0xea, 0x1d, 0xff, 0xcc, 0xea, 0x5d, 0xff, 0xd2, 0x20, 0x75, 0xdf, 0x0c,
0x80, 0x00, 0x10, 0xc4, 0xea, 0xc7, 0xff, 0x41, 0x47, 0xda, 0xcc, 0x0a, 0x1d, 0xff, 0x0d, 0x88,
0xcc, 0xea, 0x5d, 0xff, 0x00, 0xf4, 0xcc, 0xca, 0x6b, 0xff, 0x08, 0xe6, 0xcc, 0xca, 0x5d, 0xff,
0xd8, 0xa6, 0x22, 0x10, 0xd8, 0xc2, 0x22, 0x68, 0x08, 0xc5, 0x24, 0xc6, 0x00, 0x20, 0xc7, 0x00,
0xcc, 0xea, 0x5d, 0xff, 0xcc, 0xca, 0x6b, 0xff, 0x08, 0xe6, 0x24, 0xe7, 0x00, 0x40, 0x07, 0xc4,
0xc4, 0xea, 0xc7, 0xff, 0x00, 0xf8, 0xc0, 0xea, 0xc7, 0xff, 0xcc, 0xea, 0x5d, 0xff, 0x00, 0xf8,
0xcc, 0xea, 0x1d, 0xff, 0xcc, 0xea, 0x5d, 0xff, 0x3c, 0xe7, 0x38, 0x47, 0x2a, 0xdf, 0x0c, 0x80,
0x00, 0x10, 0xc4, 0xea, 0xc7, 0xff, 0x40, 0x07, 0xb8, 0xc4, 0xea, 0xc7, 0xff, 0x3c, 0xa7, 0xf8,
0x47, 0x2c, 0x80, 0xc4, 0xea, 0xc7, 0xff, 0x00, 0xf4, 0x30, 0xca, 0xc9, 0x04, 0x66, 0x04, 0x87,
0x48, 0x85, 0xbf, 0xcc, 0xca, 0x77, 0xff, 0xcc, 0xea, 0x6d, 0xff, 0x60, 0xe6, 0x3d, 0xcc, 0xea,
0x37, 0xff, 0xcc, 0xea, 0x6d, 0xff, 0xcc, 0xca, 0x6f, 0xff, 0x08, 0xe6, 0xcc, 0xea, 0x2f, 0xff,
0xcc, 0xea, 0x77, 0xff, 0x40, 0x07, 0x28, 0x0c, 0x38, 0x98, 0x60, 0x76, 0xbf, 0x00, 0x00, 0xcc,
0x8a, 0x6f, 0xff, 0x4a, 0xa3, 0xbf, 0x0c, 0x04, 0xcc, 0xea, 0x57, 0xff, 0x00, 0xf3, 0xcc, 0xea,
0x17, 0xff, 0xcc, 0xca, 0x57, 0xff, 0xd8, 0xe2, 0x22, 0x68, 0x08, 0xe6, 0x24, 0xe7, 0x00, 0x04,
0xc7, 0xcc, 0xea, 0x57, 0xff, 0x30, 0xa7, 0x80, 0xd8, 0xe2, 0x22, 0x68, 0x08, 0xe5, 0x24, 0xe7,
0x00, 0x6c, 0xe7, 0x10, 0x60, 0xc6, 0x39, 0xcc, 0xea, 0x57, 0xff, 0x30, 0xa7, 0x40, 0xd8, 0xe2,
0x22, 0x68, 0x08, 0xe5, 0x24, 0xe7, 0x00, 0x6c, 0xe7, 0x08, 0x60, 0xc6, 0x39, 0xcc, 0xea, 0x57,
0xff, 0x30, 0xa7, 0xc0, 0xd8, 0xe2, 0x22, 0x68, 0x08, 0xe5, 0x24, 0xe7, 0x00, 0x6c, 0xe7, 0x18,
0x60, 0xe6, 0x39, 0xcc, 0xea, 0x27, 0xff, 0xd8, 0x62, 0x22, 0x68, 0xcc, 0x8a, 0x57, 0xff, 0x49,
0x04, 0x7f, 0x04, 0xc3, 0xcc, 0xe2, 0x69, 0xac, 0x08, 0xe6, 0xcc, 0xe2, 0x29, 0xac, 0xcc, 0xea,
0x77, 0xff, 0xd0, 0xc0, 0x72, 0x3d, 0xcc, 0xe2, 0x69, 0xac, 0x60, 0xe7, 0x3b, 0xcc, 0xe2, 0x29,
0xac, 0xcc, 0xea, 0x4f, 0xff, 0xd0, 0x40, 0x75, 0x50, 0xc4, 0xe2, 0xcb, 0xaf, 0x41, 0x87, 0x7c,
0xc4, 0xe2, 0x09, 0xac, 0x41, 0x47, 0x46, 0xcc, 0x0a, 0x1d, 0xff, 0x0d, 0x90, 0xcc, 0xaa, 0x5d,
0xff, 0xcc, 0xca, 0x5d, 0xff, 0xd8, 0xe2, 0xbc, 0x68, 0x08, 0xe6, 0x24, 0xc7, 0x00, 0xd8, 0xe2,
0xbf, 0xa8, 0x08, 0xe5, 0x20, 0xc7, 0x00, 0xcc, 0xea, 0x5d, 0xff, 0x00, 0xf8, 0xcc, 0xea, 0x1d,
0xff, 0xcc, 0xea, 0x5d, 0xff, 0xd2, 0x28, 0x71, 0xbf, 0x0e, 0xd0, 0x00, 0xe6, 0xcc, 0xea, 0x1d,
0xff, 0x0f, 0x60, 0xcc, 0xca, 0x5d, 0xff, 0xd8, 0xe2, 0xbf, 0xa8, 0x08, 0xe6, 0x00, 0xcf, 0x20,
0xc7, 0x00, 0xcc, 0xea, 0x5d, 0xff, 0x00, 0xf8, 0xcc, 0xea, 0x1d, 0xff, 0xcc, 0xea, 0x5d, 0xff,
0x3c, 0xe7, 0xfc, 0x47, 0x20, 0x7f, 0x98, 0xe0, 0x00, 0x0b, 0xf0, 0x00, 0xcc, 0xea, 0x3d, 0xff,
0xcc, 0x6a, 0x7d, 0xff, 0x4b, 0xec, 0x9f, 0x38, 0x60, 0x50, 0x48, 0x7b, 0x30, 0xd8, 0x62, 0xbf,
0xa8, 0xcc, 0x8a, 0x7d, 0xff, 0x38, 0xa0, 0x02, 0x48, 0x3e, 0x5f, 0xcc, 0xc2, 0x69, 0xac, 0xcc,
0xea, 0x67, 0xff, 0xd2, 0xcc, 0x71, 0x00, 0x00, 0xe0, 0x0c, 0x40, 0x00, 0xeb, 0x0c, 0x80, 0x00,
0xeb, 0x04, 0x67, 0x47, 0xb4, 0x38, 0x47, 0xa4, 0x30, 0x31, 0x41, 0x1c, 0xcc, 0x6a, 0x33, 0xff,
0xcc, 0xe2, 0x51, 0x2c, 0x2c, 0xe7, 0x70, 0xcc, 0xea, 0x27, 0xff, 0x98, 0xe0, 0x00, 0x19, 0x80,
0x00, 0xcc, 0xea, 0x37, 0xff, 0xcc, 0xea, 0x67, 0xff, 0x90, 0xe7, 0x00, 0x16, 0x7f, 0xff, 0xcc,
0xea, 0x2f, 0xff, 0x38, 0x60, 0x26, 0x48, 0xe3, 0x30, 0xcc, 0x6a, 0x73, 0xff, 0x98, 0x80, 0x00,
0x19, 0x80, 0x00, 0x48, 0xc8, 0xef, 0xcc, 0xea, 0x73, 0xff, 0x30, 0xe7, 0x28, 0x98, 0x60, 0x31,
0xbf, 0x00, 0x00, 0x04, 0x87, 0xcc, 0xaa, 0x73, 0xff, 0xd8, 0xc2, 0x22, 0x68, 0x4b, 0x7a, 0xbf,
0x30, 0xea, 0x0b, 0xcc, 0x6a, 0x73, 0xff, 0xd8, 0x82, 0x22, 0x68, 0xd8, 0xa0, 0x00, 0x10, 0x04,
0xc7, 0x4a, 0xfc, 0x6f, 0xcc, 0x6a, 0x07, 0xff, 0xcc, 0xea, 0x47, 0xff, 0xd0, 0x40, 0x7a, 0xb8,
0xcc, 0xea, 0x4b, 0xff, 0xd8, 0x62, 0x2b, 0xaf, 0xcc, 0x8a, 0x77, 0xff, 0x04, 0xa7, 0x4b, 0x90,
0x5f, 0xcc, 0xea, 0x4b, 0xff, 0xd8, 0x62, 0x2b, 0xaf, 0xd8, 0x82, 0x22, 0x68, 0x04, 0xa7, 0x48,
0x7f, 0xc8, 0xcc, 0x6a, 0x3b, 0xff, 0xcc, 0xea, 0x4b, 0xff, 0x98, 0x60, 0xf9, 0xbf, 0x00, 0x00,
0xcc, 0x8a, 0x77, 0xff, 0x04, 0xa7, 0x49, 0x12, 0xbf, 0xcc, 0xea, 0x4b, 0xff, 0xcc, 0xca, 0x6f,
0xff, 0x60, 0xe6, 0x3d, 0xcc, 0xea, 0x2f, 0xff, 0xcc, 0xea, 0x4b, 0xff, 0xcc, 0xca, 0x77, 0xff,
0x08, 0xe6, 0xcc, 0xea, 0x37, 0xff, 0x0f, 0x7a, 0xcc, 0xea, 0x77, 0xff, 0x9f, 0x47, 0xff, 0xff,
0x70, 0x00, 0x47, 0x39, 0xe8, 0xcc, 0xaa, 0x6f, 0xff, 0xcc, 0xca, 0x6f, 0xff, 0xd8, 0xe0, 0x00,
0x08, 0x9f, 0x45, 0x00, 0x08, 0x00, 0x00, 0x64, 0xe6, 0x3a, 0xcc, 0xea, 0x0f, 0xff, 0xcc, 0xea,
0x4f, 0xff, 0x9d, 0x87, 0x00, 0x08, 0x00, 0x00, 0x47, 0x28, 0x80, 0xcc, 0xea, 0x4f, 0xff, 0x94,
0xe7, 0x07, 0xff, 0xff, 0xff, 0xcc, 0xea, 0x0f, 0xff, 0x30, 0xea, 0x0b, 0xcc, 0x6a, 0x73, 0xff,
0xd8, 0x82, 0x22, 0x68, 0xcc, 0xaa, 0x4f, 0xff, 0x04, 0xc7, 0x48, 0x88, 0x6f, 0xcc, 0x6a, 0x07,
0xff, 0xcc, 0xea, 0x47, 0xff, 0xd0, 0x40, 0x7f, 0x08, 0xcc, 0xea, 0x4b, 0xff, 0xd8, 0x62, 0x2b,
0xaf, 0xcc, 0x8a, 0x77, 0xff, 0x04, 0xa7, 0x49, 0xdb, 0x9f, 0xcc, 0xea, 0x4b, 0xff, 0xd8, 0x62,
0x2b, 0xaf, 0xd8, 0x82, 0x22, 0x68, 0x04, 0xa7, 0x4b, 0xf3, 0xc8, 0xcc, 0x6a, 0x3b, 0xff, 0xcc,
0xea, 0x7b, 0xff, 0x41, 0x07, 0xac, 0xcc, 0xea, 0x4b, 0xff, 0x98, 0x60, 0xf9, 0xbf, 0x00, 0x00,
0xcc, 0x8a, 0x77, 0xff, 0x04, 0xa7, 0x49, 0x18, 0xbf, 0xcc, 0xea, 0x4b, 0xff, 0xcc, 0xca, 0x6f,
0xff, 0x60, 0xe6, 0x3d, 0xcc, 0xea, 0x2f, 0xff, 0xcc, 0xea, 0x4b, 0xff, 0xcc, 0xca, 0x77, 0xff,
0x08, 0xe6, 0xcc, 0xea, 0x37, 0xff, 0x0f, 0x74, 0x98, 0x60, 0x8d, 0xbf, 0x00, 0x00, 0xcc, 0x8a,
0x77, 0xff, 0x49, 0xb0, 0xbf, 0xd8, 0xe2, 0x2b, 0xaf, 0xcc, 0xea, 0x1b, 0xff, 0xd8, 0xe2, 0x22,
0x68, 0xcc, 0xea, 0x2b, 0xff, 0xcc, 0x0a, 0x17, 0xff, 0x0f, 0xd8, 0xcc, 0xea, 0x57, 0xff, 0x6c,
0xe7, 0x40, 0xcc, 0xca, 0x5b, 0xff, 0x08, 0xe6, 0x2c, 0xc7, 0x40, 0xcc, 0xea, 0x57, 0xff, 0x6c,
0xe7, 0x40, 0xcc, 0xaa, 0x6b, 0xff, 0x08, 0xe5, 0x2c, 0xe7, 0x40, 0xd2, 0x8c, 0x7c, 0x20, 0xcc,
0xea, 0x57, 0xff, 0x6c, 0xe7, 0x40, 0x04, 0xc7, 0xcc, 0xea, 0x77, 0xff, 0x60, 0xa6, 0x3c, 0xcc,
0xea, 0x57, 0xff, 0x6c, 0xe7, 0x40, 0xcc, 0xca, 0x5b, 0xff, 0x08, 0xe6, 0x2c, 0xc7, 0x40, 0xcc,
0xea, 0x57, 0xff, 0x6c, 0xe7, 0x40, 0xcc, 0x8a, 0x6b, 0xff, 0x08, 0xe4, 0x2c, 0xe7, 0x40, 0x98,
0x60, 0xfc, 0xbf, 0x00, 0x00, 0x04, 0x85, 0x04, 0xa6, 0x04, 0xc7, 0x4a, 0xf7, 0x3f, 0xcc, 0xea,
0x57, 0xff, 0x00, 0xf8, 0xcc, 0xea, 0x17, 0xff, 0xcc, 0xca, 0x57, 0xff, 0xcc, 0xea, 0x4b, 0xff,
0x6c, 0xe7, 0x41, 0xd3, 0xce, 0x61, 0x1f, 0x98, 0x60, 0x9a, 0xbf, 0x00, 0x00, 0x4b, 0x67, 0x3f,
0x00, 0xeb, 0x0e, 0xe0, 0x98, 0x60, 0x23, 0xbf, 0x00, 0x00, 0x49, 0xc7, 0x3f, 0x00, 0xeb, 0x0c,
0x20, 0xcc, 0xea, 0x6f, 0xff, 0xd0, 0x40, 0x7c, 0x17, 0x0c, 0x80, 0x00, 0x10, 0x00, 0xe0, 0x04,
0x67, 0x47, 0xb4, 0x30, 0x47, 0xa4, 0x50, 0x31, 0x41, 0x0c, 0xc8, 0x0a, 0x6f, 0xff, 0x0e, 0x60,
0xc8, 0xca, 0xef, 0xff, 0xd8, 0xe2, 0x35, 0xaf, 0x08, 0xe6, 0x20, 0x07, 0x00, 0xc8, 0xea, 0xef,
0xff, 0x00, 0xf8, 0xc8, 0xea, 0x6f, 0xff, 0xc8, 0xea, 0xef, 0xff, 0x3c, 0xe7, 0xf8, 0x47, 0x24,
0x7f, 0x30, 0xea, 0x2b, 0x04, 0x67, 0x98, 0x80, 0x2e, 0x1f, 0xe0, 0x00, 0x00, 0xa6, 0x4b, 0xa1,
0x9f, 0xc8, 0x0a, 0x6f, 0xff, 0x0c, 0x88, 0xc8, 0xaa, 0xef, 0xff, 0xc8, 0xea, 0xef, 0xff, 0x30,
0xca, 0x1f, 0x08, 0xe6, 0xc4, 0xc7, 0x3b, 0xff, 0xd8, 0xe2, 0xbc, 0x68, 0x08, 0xe5, 0x20, 0xc7,
0x00, 0xc8, 0xca, 0xef, 0xff, 0xc8, 0xea, 0xef, 0xff, 0x30, 0xaa, 0x1f, 0x08, 0xe5, 0xc4, 0xe7,
0x3b, 0xff, 0x98, 0x60, 0x7b, 0xbf, 0x00, 0x00, 0x04, 0x86, 0x04, 0xa7, 0x48, 0xfd, 0x3f, 0xc8,
0xea, 0xef, 0xff, 0x00, 0xf8, 0xc8, 0xea, 0x6f, 0xff, 0xc8, 0xea, 0xef, 0xff, 0xd2, 0x28, 0x75,
0xdf, 0xd8, 0x62, 0xbf, 0xa8, 0x98, 0x80, 0x00, 0x0b, 0xf0, 0x00, 0x38, 0xa0, 0x02, 0x4b, 0xb6,
0x9f, 0xc8, 0x0a, 0x2f, 0xff, 0xc8, 0x0a, 0x6f, 0xff, 0x0c, 0xd0, 0xc8, 0xca, 0xef, 0xff, 0xd8,
0xe2, 0xbf, 0xa8, 0x08, 0xe6, 0x24, 0xe7, 0x00, 0x9d, 0x87, 0xff, 0x00, 0x00, 0x00, 0x47, 0x2b,
0x00, 0xc8, 0xea, 0xaf, 0xff, 0x00, 0xf8, 0xc8, 0xea, 0x2f, 0xff, 0xc8, 0xea, 0xef, 0xff, 0x00,
0xf8, 0xc8, 0xea, 0x6f, 0xff, 0xc8, 0xea, 0xef, 0xff, 0xd2, 0x28, 0x74, 0xbf, 0xc8, 0xea, 0xaf,
0xff, 0xd2, 0x20, 0x7a, 0x80, 0x98, 0x60, 0x40, 0x7f, 0x00, 0x00, 0x4a, 0xc5, 0x3f, 0x00, 0xe8,
0xc0, 0xe2, 0x09, 0xac, 0x0c, 0x40, 0x00, 0xe4, 0xc0, 0xe2, 0x09, 0xac, 0xd8, 0x62, 0x35, 0xaf,
0x98, 0x80, 0x00, 0x0f, 0xf0, 0x00, 0x38, 0xa0, 0x04, 0x48, 0xca, 0x9f, 0xc4, 0xe2, 0x4d, 0xaf,
0x3c, 0x07, 0x5e, 0x47, 0x20, 0x80, 0xc4, 0xe2, 0x0d, 0xaf, 0x9d, 0xc7, 0x95, 0x00, 0x00, 0x00,
0x47, 0x2d, 0x00, 0x00, 0xe8, 0xc0, 0xe2, 0x89, 0xac, 0x0d, 0x80, 0xc0, 0x02, 0x89, 0xac, 0x47,
0xb4, 0x50, 0x47, 0xa4, 0x40, 0x31, 0x41, 0x08, 0xc8, 0x0a, 0x6f, 0xff, 0x0e, 0x60, 0xc8, 0xca,
0xef, 0xff, 0xd8, 0xe2, 0x35, 0xaf, 0x08, 0xe6, 0x20, 0x07, 0x00, 0xc8, 0xea, 0xef, 0xff, 0x00,
0xf8, 0xc8, 0xea, 0x6f, 0xff, 0xc8, 0xea, 0xef, 0xff, 0x3c, 0xe7, 0xf8, 0x47, 0x24, 0x7f, 0xd8,
0x62, 0xc0, 0x68, 0x00, 0x80, 0x38, 0xa0, 0x04, 0x48, 0x57, 0x28, 0xd8, 0x62, 0x22, 0x68, 0x98,
0x80, 0x00, 0x1f, 0xe0, 0x00, 0x38, 0xa0, 0x01, 0x4a, 0xec, 0x9f, 0xc4, 0xe2, 0x32, 0x68, 0xc0,
0xe2, 0x3f, 0xa8, 0xc4, 0xe2, 0x62, 0x68, 0x3e, 0x07, 0x39, 0x42, 0x07, 0xd0, 0x00, 0xe8, 0xc0,
0xe2, 0x22, 0x64, 0x0d, 0x80, 0xc0, 0x02, 0x22, 0x64, 0xd8, 0xe2, 0x1d, 0x68, 0xcc, 0xea, 0x0f,
0xff, 0xc8, 0x0a, 0x6f, 0xff, 0x0d, 0x90, 0xc8, 0xaa, 0xef, 0xff, 0xc8, 0xea, 0xef, 0xff, 0xcc,
0xca, 0x4f, 0xff, 0x08, 0xe6, 0x24, 0xc7, 0x00, 0xd8, 0xe2, 0xbf, 0xa8, 0x08, 0xe5, 0x20, 0xc7,
0x00, 0xc8, 0xea, 0xef, 0xff, 0x00, 0xf8, 0xc8, 0xea, 0x6f, 0xff, 0xc8, 0xea, 0xef, 0xff, 0xd2,
0x28, 0x71, 0xbf, 0xd8, 0xe2, 0x21, 0x68, 0xcc, 0xea, 0x0f, 0xff, 0xcc, 0xea, 0x4f, 0xff, 0x24,
0xe7, 0x00, 0xc0, 0xe2, 0xc0, 0x68, 0xcc, 0xea, 0x4f, 0xff, 0x24, 0xe7, 0x80, 0xc0, 0xe2, 0x20,
0x68, 0xc8, 0x0a, 0x6f, 0xff, 0x0f, 0x50, 0xc8, 0xea, 0xef, 0xff, 0x30, 0xa7, 0x10, 0xc8, 0xea,
0xef, 0xff, 0x00, 0xf2, 0xcc, 0xca, 0x4f, 0xff, 0x08, 0xe6, 0x24, 0xc7, 0x00, 0xd8, 0xe2, 0xbf,
0xa8, 0x08, 0xe5, 0x20, 0xc7, 0x00, 0xc8, 0xea, 0xef, 0xff, 0x00, 0xf8, 0xc8, 0xea, 0x6f, 0xff,
0xc8, 0xea, 0xef, 0xff, 0x3c, 0xe7, 0xb8, 0x47, 0x20, 0xbf, 0xd8, 0xe2, 0x22, 0x68, 0xcc, 0xea,
0x0f, 0xff, 0xcc, 0x6a, 0x4f, 0xff, 0x98, 0x80, 0x00, 0x0b, 0xf0, 0x00, 0x38, 0xa0, 0x02, 0x49,
0xa0, 0x9f, 0xc8, 0x0a, 0x2f, 0xff, 0xc8, 0x0a, 0x6f, 0xff, 0x0c, 0xd0, 0xc8, 0xea, 0xef, 0xff,
0xcc, 0xca, 0x4f, 0xff, 0x08, 0xe6, 0x24, 0xe7, 0x00, 0x9d, 0x87, 0xff, 0x00, 0x00, 0x00, 0x47,
0x2b, 0x00, 0xc8, 0xea, 0xaf, 0xff, 0x00, 0xf8, 0xc8, 0xea, 0x2f, 0xff, 0xc8, 0xea, 0xef, 0xff,
0x00, 0xf8, 0xc8, 0xea, 0x6f, 0xff, 0xc8, 0xea, 0xef, 0xff, 0xd2, 0x28, 0x74, 0xbf, 0xc8, 0xea,
0xaf, 0xff, 0xd2, 0x20, 0x76, 0xc0, 0xc8, 0x0a, 0x6f, 0xff, 0x0d, 0x90, 0xc8, 0xaa, 0xef, 0xff,
0xc8, 0xea, 0xef, 0xff, 0xcc, 0xca, 0x4f, 0xff, 0x08, 0xe6, 0x24, 0xc7, 0x00, 0xd8, 0xe2, 0xbf,
0xa8, 0x08, 0xe5, 0x20, 0xc7, 0x00, 0xc8, 0xea, 0xef, 0xff, 0x00, 0xf8, 0xc8, 0xea, 0x6f, 0xff,
0xc8, 0xea, 0xef, 0xff, 0xd2, 0x28, 0x71, 0xbf, 0xc8, 0x0a, 0x2f, 0xff, 0x00, 0xe6, 0xc8, 0xea,
0x6f, 0xff, 0x0c, 0xd0, 0xc8, 0xea, 0xef, 0xff, 0xcc, 0xca, 0x4f, 0xff, 0x08, 0xe6, 0x24, 0xe7,
0x00, 0x9d, 0xc7, 0xff, 0x00, 0x00, 0x00, 0x47, 0x3c, 0x40, 0xc8, 0xea, 0xaf, 0xff, 0x00, 0xf8,
0xc8, 0xea, 0x2f, 0xff, 0xc8, 0xea, 0xef, 0xff, 0x00, 0xf8, 0xc8, 0xea, 0x6f, 0xff, 0xc8, 0xea,
0xef, 0xff, 0x3c, 0xe7, 0xa4, 0x47, 0x2f, 0x3f, 0x0c, 0x80, 0x00, 0x10, 0xc8, 0xea, 0xaf, 0xff,
0xd2, 0x10, 0x71, 0x20, 0xd8, 0x62, 0xc0, 0x68, 0x00, 0x80, 0x38, 0xa0, 0x04, 0x4b, 0x01, 0x28,
0x00, 0xe6, 0xc8, 0xea, 0x2f, 0xff, 0x0d, 0x90, 0xc8, 0xaa, 0xaf, 0xff, 0xc8, 0xea, 0xaf, 0xff,
0xcc, 0xca, 0x4f, 0xff, 0x08, 0xe6, 0x24, 0xc7, 0x00, 0xd8, 0xe2, 0xbf, 0xa8, 0x08, 0xe5, 0x20,
0xc7, 0x00, 0xc8, 0xea, 0xaf, 0xff, 0x00, 0xf8, 0xc8, 0xea, 0x2f, 0xff, 0xc8, 0xca, 0xaf, 0xff,
0xc8, 0xea, 0xef, 0xff, 0xd3, 0xce, 0x62, 0xbf, 0xd8, 0x62, 0x35, 0xaf, 0x98, 0x80, 0x00, 0x0f,
0xf0, 0x00, 0x38, 0xa0, 0x04, 0x48, 0x03, 0x1f, 0xc4, 0xe2, 0x4d, 0xaf, 0x3c, 0x07, 0x5e, 0x47,
0x20, 0x80, 0xc4, 0xe2, 0x0d, 0xaf, 0x9d, 0xc7, 0x95, 0x00, 0x00, 0x00, 0x47, 0x2d, 0x00, 0x00,
0xe8, 0xc0, 0xe2, 0x89, 0xac, 0x0d, 0x80, 0xc0, 0x02, 0x89, 0xac, 0x47, 0xb4, 0x40, 0x47, 0xa4,
0x40, 0x31, 0x41, 0x08, 0x4a, 0xaf, 0x8f, 0xcc, 0x6a, 0x2f, 0xff, 0xcc, 0xea, 0x6f, 0xff, 0x41,
0x07, 0x64, 0x98, 0x60, 0xd8, 0x7f, 0x00, 0x00, 0x48, 0x1f, 0xdf, 0x98, 0x60, 0xd4, 0x7f, 0x00,
0x00, 0xd8, 0x82, 0x11, 0x2c, 0x4b, 0x8d, 0x6f, 0xcc, 0x6a, 0x0f, 0xff, 0xcc, 0xea, 0x4f, 0xff,
0x41, 0x07, 0x48, 0x0c, 0xe0, 0x98, 0x60, 0x9c, 0x7f, 0x00, 0x00, 0x4a, 0xf7, 0xdf, 0x00, 0xef,
0x0c, 0x1c, 0x98, 0x60, 0x32, 0x7f, 0x00, 0x00, 0x48, 0x37, 0xdf, 0x00, 0xef, 0x0f, 0x2c, 0x98,
0x60, 0xfa, 0x7f, 0x00, 0x00, 0x4b, 0x17, 0xdf, 0xcc, 0xe2, 0x51, 0x2c, 0x2c, 0xc7, 0x70, 0xcc,
0xe2, 0x51, 0x2c, 0x2c, 0xe7, 0x70, 0x6c, 0xe7, 0x09, 0x98, 0x60, 0xa5, 0x7f, 0x00, 0x00, 0x04,
0x86, 0x04, 0xa7, 0x4a, 0x87, 0xdf, 0x98, 0x60, 0xcb, 0x7f, 0x00, 0x00, 0x48, 0xfb, 0xdf, 0x98,
0x60, 0x6b, 0x7f, 0x00, 0x00, 0x98, 0x80, 0x17, 0x7f, 0x00, 0x00, 0x4a, 0xdb, 0xdf, 0x4b, 0xd0,
0xc8, 0x4b, 0x3f, 0x7f, 0x4a, 0xb6, 0x1f, 0x38, 0x60, 0x10, 0x49, 0x15, 0x6f, 0x00, 0x68, 0x49,
0x43, 0xef, 0x00, 0x60, 0x48, 0x60, 0xef, 0xcc, 0xe2, 0x51, 0x2c, 0x04, 0x67, 0x4b, 0xcd, 0x3f,
0x04, 0xe3, 0xcc, 0xea, 0x2f, 0xff, 0x98, 0x60, 0xef, 0x7f, 0x00, 0x00, 0xcc, 0x8a, 0x6f, 0xff,
0x48, 0x73, 0xdf, 0xcc, 0xea, 0x6f, 0xff, 0x40, 0x07, 0x90, 0xcc, 0xea, 0x6f, 0xff, 0x0d, 0x28,
0x98, 0x60, 0x10, 0xff, 0x00, 0x00, 0xcc, 0x8a, 0x6f, 0xff, 0x49, 0xe3, 0xdf, 0xcc, 0xea, 0x6f,
0xff, 0xd0, 0x6e, 0x7f, 0x00, 0x98, 0x60, 0x04, 0xff, 0x00, 0x00, 0x4a, 0xc3, 0xdf, 0x0e, 0x90,
0xcc, 0xea, 0x6f, 0xff, 0xd0, 0x5e, 0x7f, 0x00, 0x98, 0x60, 0x9c, 0xff, 0x00, 0x00, 0x49, 0x7d,
0xdf, 0x0d, 0x20, 0xcc, 0xea, 0x6f, 0xff, 0x41, 0x07, 0x30, 0x98, 0x60, 0x92, 0xff, 0x00, 0x00,
0x48, 0x5d, 0xdf, 0xcc, 0xe2, 0x51, 0x2c, 0x04, 0x67, 0x48, 0x89, 0x2f, 0xcc, 0xea, 0x6f, 0xff,
0x04, 0x67, 0x47, 0xb4, 0x40, 0x47, 0xa4, 0x40, 0x31, 0x41, 0x08, 0x04, 0xe3, 0xc8, 0xea, 0x6f,
0xff, 0x48, 0xdc, 0xc8, 0x04, 0xe3, 0x3e, 0x07, 0x32, 0xc8, 0xea, 0xef, 0xff, 0x60, 0xe6, 0x3d,
0x3e, 0x07, 0x3a, 0x04, 0x67, 0x47, 0xb4, 0x40, 0x47, 0xa4, 0x40, 0x31, 0x41, 0x08, 0xcc, 0x6a,
0x2f, 0xff, 0xd8, 0x60, 0x0b, 0xe0, 0x48, 0xe0, 0xd0, 0xc4, 0xe2, 0x3b, 0xa8, 0xc4, 0xc2, 0xbb,
0xa8, 0x6c, 0xc6, 0x10, 0x60, 0xe6, 0x39, 0x3e, 0x07, 0x3a, 0x9d, 0x87, 0x5a, 0x5a, 0x00, 0x00,
0x47, 0x24, 0x40, 0xc4, 0xe2, 0x22, 0x64, 0x40, 0x07, 0x08, 0xc4, 0xe2, 0x3f, 0xa8, 0x04, 0x67,
0x00, 0x80, 0x4a, 0xa6, 0x70, 0x0e, 0xc0, 0xc4, 0xe2, 0x3f, 0xa8, 0x04, 0x67, 0x00, 0x88, 0x48,
0x46, 0x70, 0xcc, 0x6a, 0x6f, 0xff, 0x49, 0xe3, 0xc8, 0x0c, 0x00, 0x47, 0xa4, 0x38, 0x31, 0x41,
0x1e, 0xcc, 0x0a, 0x2b, 0xff, 0xc8, 0x0a, 0x6f, 0xff, 0x30, 0xca, 0x71, 0x38, 0xe0, 0x54, 0x04,
0x66, 0x00, 0x80, 0x04, 0xa7, 0x4b, 0x6f, 0xc8, 0xc8, 0x0a, 0x2f, 0xff, 0xc0, 0x0a, 0xcb, 0xff,
0xcc, 0x0a, 0x0f, 0xff, 0xc8, 0x0a, 0x77, 0xff, 0xc8, 0x0a, 0x37, 0xff, 0xc8, 0x0a, 0x0b, 0xff,
0xc8, 0x0a, 0x73, 0xff, 0xcc, 0x0a, 0x17, 0xff, 0xcc, 0x0a, 0x27, 0xff, 0xcc, 0x0a, 0x07, 0xff,
0xcc, 0x0a, 0x3b, 0xff, 0xcc, 0x0a, 0x13, 0xff, 0xcc, 0x0a, 0x23, 0xff, 0xc0, 0x0a, 0xdb, 0xff,
0xc0, 0x0a, 0x5b, 0xff, 0xc0, 0x0a, 0x9b, 0xff, 0xc0, 0x0a, 0x1b, 0xff, 0xc8, 0x0a, 0x2f, 0xff,
0xcc, 0x0a, 0x0f, 0xff, 0x49, 0xd7, 0x7f, 0x00, 0x60, 0x4b, 0x41, 0xc8, 0x38, 0x60, 0x3c, 0x4b,
0x1b, 0x50, 0x0c, 0x80, 0x00, 0x10, 0x98, 0xe0, 0x10, 0x01, 0x0f, 0x00, 0x2c, 0xe7, 0x40, 0x94,
0xe7, 0x00, 0x00, 0x04, 0x00, 0xd0, 0x00, 0x77, 0x28, 0xc8, 0xaa, 0xaf, 0xff, 0x98, 0xe0, 0x30,
0x01, 0x0f, 0x00, 0x2c, 0xe7, 0x40, 0x6c, 0xe7, 0x11, 0x3e, 0x07, 0x30, 0xd8, 0xe2, 0x1b, 0xa0,
0x08, 0xe5, 0x20, 0xc7, 0x00, 0xc8, 0xea, 0xaf, 0xff, 0x00, 0xf8, 0xc8, 0xea, 0x2f, 0xff, 0xc8,
0xea, 0xaf, 0xff, 0xd2, 0x30, 0x70, 0x48, 0xc4, 0xe2, 0x1b, 0xa0, 0x3c, 0x27, 0xaa, 0x47, 0x20,
0xc0, 0xc4, 0xe2, 0x9b, 0xa0, 0x9d, 0xc7, 0x55, 0x00, 0x00, 0x00, 0x47, 0x2c, 0x40, 0xc4, 0xe2,
0x5b, 0xa0, 0x3c, 0x27, 0xc2, 0x47, 0x29, 0x80, 0xc4, 0xe2, 0xdb, 0xa0, 0x3c, 0x27, 0xaa, 0x47,
0x2f, 0x00, 0xc0, 0x0a, 0xdb, 0xff, 0x00, 0xe8, 0xc0, 0xea, 0x5b, 0xff, 0x0e, 0x70, 0xc4, 0xe2,
0x1b, 0xa0, 0x3c, 0x27, 0xaa, 0x47, 0x20, 0xc0, 0xc4, 0xe2, 0x9b, 0xa0, 0x9d, 0xc7, 0x55, 0x00,
0x00, 0x00, 0x47, 0x2c, 0x40, 0xc4, 0xe2, 0x5b, 0xa0, 0x3c, 0x27, 0x22, 0x47, 0x29, 0x80, 0xc4,
0xe2, 0xdb, 0xa0, 0x3c, 0x27, 0x6a, 0x47, 0x2f, 0x00, 0x00, 0xe8, 0xc0, 0xea, 0xdb, 0xff, 0x00,
0xe8, 0xc0, 0xea, 0x5b, 0xff, 0xc4, 0xea, 0x5b, 0xff, 0xd0, 0x00, 0x75, 0x50, 0xd8, 0xe2, 0xbf,
0xa8, 0xcc, 0xea, 0x03, 0xff, 0xcc, 0x0a, 0x0f, 0xff, 0x0c, 0x50, 0xcc, 0xea, 0x4f, 0xff, 0x00,
0xf4, 0xcc, 0xaa, 0x4f, 0xff, 0xd8, 0xc2, 0xbf, 0xa8, 0x08, 0xc5, 0x24, 0xc6, 0x00, 0x30, 0xaa,
0x1f, 0x08, 0xe5, 0xc0, 0xc7, 0x69, 0xff, 0xcc, 0xea, 0x4f, 0xff, 0x00, 0xf8, 0xcc, 0xea, 0x0f,
0xff, 0xcc, 0xea, 0x4f, 0xff, 0x3c, 0xc7, 0xa4, 0x47, 0x2c, 0xbf, 0x30, 0xe0, 0x55, 0xc0, 0xea,
0x71, 0xff, 0x38, 0xe0, 0xaa, 0xc0, 0xea, 0xf1, 0xff, 0x30, 0xea, 0x71, 0x04, 0x67, 0x38, 0x80,
0x14, 0xd8, 0xa0, 0x55, 0xaa, 0x4b, 0x61, 0xdf, 0x04, 0xe3, 0xc8, 0xea, 0x7d, 0xff, 0xc8, 0xea,
0xfd, 0xff, 0x3e, 0x07, 0x38, 0xc0, 0xea, 0x6d, 0xff, 0xc8, 0xea, 0xfd, 0xff, 0x6c, 0xe7, 0x11,
0x3e, 0x07, 0x3a, 0x3e, 0x07, 0x38, 0xc0, 0xea, 0xed, 0xff, 0x30, 0xea, 0x71, 0x04, 0x67, 0x38,
0x80, 0x54, 0x49, 0x1f, 0x5f, 0x00, 0x10, 0xc4, 0xe2, 0x3b, 0xa8, 0xc4, 0xc2, 0xbb, 0xa8, 0x6c,
0xc6, 0x10, 0x60, 0xe6, 0x39, 0x3e, 0x07, 0x3a, 0x9d, 0x87, 0x5a, 0x5a, 0x00, 0x00, 0x47, 0x24,
0x90, 0x0f, 0x38, 0x00, 0x68, 0x4a, 0xfe, 0x50, 0x00, 0xe8, 0xcc, 0xca, 0x4f, 0xff, 0x9e, 0x86,
0x01, 0x7c, 0x00, 0x00, 0x47, 0x2a, 0x00, 0x00, 0xe0, 0x3e, 0x07, 0x38, 0xcc, 0xca, 0x4f, 0xff,
0x00, 0xd8, 0xcc, 0xca, 0x0f, 0xff, 0xd0, 0x00, 0x77, 0xe7, 0xc4, 0xe2, 0x3b, 0xa8, 0xc4, 0xc2,
0xbb, 0xa8, 0x6c, 0xc6, 0x10, 0x60, 0xe6, 0x39, 0x3e, 0x07, 0x3a, 0x9d, 0xc7, 0x5a, 0x5a, 0x00,
0x00, 0x47, 0x2d, 0x40, 0x00, 0xe8, 0xc8, 0xca, 0xef, 0xff, 0x3c, 0xa6, 0x78, 0x47, 0x2a, 0x00,
0x00, 0xe0, 0x3e, 0x07, 0x38, 0xc8, 0xca, 0xef, 0xff, 0x00, 0xd8, 0xc8, 0xca, 0x6f, 0xff, 0xd0,
0x00, 0x7a, 0x27, 0xd8, 0x60, 0xff, 0xf0, 0x4a, 0x3a, 0xff, 0x0d, 0x71, 0x49, 0x78, 0xc8, 0x00,
0xe0, 0x46, 0x6c, 0x90, 0xc4, 0xe2, 0x3f, 0xa8, 0x04, 0x67, 0x00, 0x88, 0x4b, 0x79, 0xb0, 0xc4,
0xe2, 0x3f, 0xa8, 0x04, 0xc7, 0xc4, 0xe2, 0x22, 0x64, 0x04, 0x66, 0x04, 0x87, 0x49, 0x63, 0xb0,
0xc0, 0x0a, 0x5b, 0xff, 0x00, 0xe8, 0xc0, 0xe2, 0x1b, 0x57, 0x4b, 0x14, 0x50, 0x48, 0x44, 0x48,
0x4a, 0xc1, 0x48, 0x04, 0xe3, 0xc8, 0xea, 0x6f, 0xff, 0xc4, 0xea, 0xdb, 0xff, 0xd0, 0x60, 0x7f,
0x84, 0xc8, 0x0a, 0x2f, 0xff, 0x0c, 0x80, 0x00, 0x10, 0x98, 0xe0, 0x10, 0x01, 0x0f, 0x00, 0x2c,
0xe7, 0x40, 0x94, 0xe7, 0x00, 0x00, 0x04, 0x00, 0xd0, 0x00, 0x72, 0x18, 0xc8, 0xaa, 0xaf, 0xff,
0x98, 0xe0, 0x30, 0x01, 0x0f, 0x00, 0x2c, 0xe7, 0x40, 0x6c, 0xe7, 0x11, 0x3e, 0x07, 0x30, 0xd8,
0xe2, 0x1b, 0xa0, 0x08, 0xe5, 0x20, 0xc7, 0x00, 0xc8, 0xea, 0xaf, 0xff, 0x00, 0xf8, 0xc8, 0xea,
0x2f, 0xff, 0xc8, 0xea, 0xaf, 0xff, 0x3c, 0xe7, 0x94, 0x47, 0x2c, 0xa8, 0xc4, 0xe2, 0x1b, 0xa0,
0x3c, 0x27, 0x88, 0x47, 0x2c, 0x40, 0xc4, 0xe2, 0x9b, 0xa0, 0x9d, 0xc7, 0x77, 0x00, 0x00, 0x00,
0x47, 0x26, 0x80, 0xc0, 0x0a, 0x9b, 0xff, 0x38, 0xe0, 0x64, 0xc0, 0xea, 0x1b, 0xff, 0x00, 0xe8,
0xc0, 0xea, 0x5b, 0xff, 0x0e, 0xa8, 0xc4, 0xe2, 0x1b, 0xa0, 0x3c, 0x27, 0x44, 0x47, 0x2a, 0x40,
0xc4, 0xe2, 0x9b, 0xa0, 0x9d, 0xc7, 0xbb, 0x00, 0x00, 0x00, 0x47, 0x21, 0x80, 0x00, 0xe6, 0xc0,
0xea, 0x9b, 0xff, 0x38, 0xe0, 0x64, 0xc0, 0xea, 0x1b, 0xff, 0x00, 0xe8, 0xc0, 0xea, 0x5b, 0xff,
0x0e, 0x50, 0xc4, 0xe2, 0x1b, 0xa0, 0x3c, 0x27, 0xcc, 0x47, 0x20, 0x40, 0xc4, 0xe2, 0x9b, 0xa0,
0x9d, 0xc7, 0x33, 0x00, 0x00, 0x00, 0x47, 0x2c, 0x80, 0xc0, 0x0a, 0x9b, 0xff, 0x00, 0xe6, 0xc0,
0xea, 0x1b, 0xff, 0x00, 0xe8, 0xc0, 0xea, 0x5b, 0xff, 0xc4, 0xea, 0x5b, 0xff, 0xd0, 0x00, 0x7f,
0x30, 0xd8, 0x62, 0x1b, 0xa0, 0x38, 0x80, 0x14, 0xd8, 0xa0, 0x55, 0xaa, 0x48, 0x88, 0xdf, 0x04,
0xe3, 0xc8, 0xea, 0x7d, 0xff, 0xc8, 0xea, 0xfd, 0xff, 0x34, 0xc7, 0xff, 0xc4, 0xe2, 0x00, 0x60,
0xd2, 0xcc, 0x73, 0x50, 0xc8, 0xea, 0xfd, 0xff, 0x6c, 0xe7, 0x11, 0x3e, 0x07, 0x3a, 0x34, 0xc7,
0xff, 0xc4, 0xe2, 0x80, 0x60, 0xd2, 0xcc, 0x7e, 0x90, 0xc4, 0xea, 0x9b, 0xff, 0xcc, 0xea, 0x0f,
0xff, 0x0e, 0x50, 0xcc, 0xea, 0x4f, 0xff, 0x30, 0xc7, 0x40, 0xd8, 0xe2, 0x1b, 0xa0, 0x08, 0xe6,
0x24, 0xc7, 0x00, 0xcc, 0xaa, 0x4f, 0xff, 0xd8, 0xe2, 0xbf, 0xa8, 0x08, 0xe5, 0x20, 0xc7, 0x00,
0xcc, 0xea, 0x4f, 0xff, 0x00, 0xf8, 0xcc, 0xea, 0x0f, 0xff, 0xc4, 0xca, 0x1b, 0xff, 0xcc, 0xea,
0x4f, 0xff, 0xd3, 0x4c, 0x78, 0xbf, 0x98, 0x60, 0xc6, 0xff, 0x00, 0x00, 0x00, 0x84, 0x49, 0x8e,
0x5f, 0x00, 0x10, 0x00, 0x60, 0x4b, 0x8b, 0xaf, 0x98, 0x60, 0x00, 0x0b, 0xf0, 0x00, 0x4a, 0xaa,
0x6f, 0x98, 0x60, 0x00, 0x07, 0xf0, 0x00, 0x48, 0xca, 0x6f, 0x38, 0x60, 0x26, 0x4a, 0x9f, 0x90,
0xd8, 0x62, 0xbf, 0xa8, 0x98, 0x80, 0x00, 0x0b, 0xf0, 0x00, 0x38, 0xa0, 0x02, 0x4b, 0x69, 0xef,
0x38, 0x60, 0x26, 0x4b, 0xcf, 0x90, 0xd8, 0x62, 0x09, 0x2c, 0x98, 0x80, 0x00, 0x0b, 0xf0, 0x00,
0x38, 0xa0, 0x02, 0x49, 0x12, 0xef, 0xcc, 0x0a, 0x0f, 0xff, 0x0e, 0x48, 0xc8, 0xea, 0xef, 0xff,
0x04, 0x67, 0x4b, 0x1b, 0x7f, 0x04, 0xe3, 0x3c, 0xe7, 0x8c, 0x47, 0x2b, 0xa7, 0xd8, 0x60, 0xff,
0xf0, 0x4b, 0xbb, 0x7f, 0x0f, 0x29, 0xcc, 0xca, 0x4f, 0xff, 0xd8, 0xe2, 0xbf, 0xa8, 0x08, 0xe6,
0x24, 0xe7, 0x00, 0x04, 0xc7, 0xcc, 0xaa, 0x4f, 0xff, 0xd8, 0xe2, 0x09, 0x2c, 0x08, 0xe5, 0x24,
0xe7, 0x00, 0x3e, 0x07, 0x39, 0xd2, 0xcc, 0x75, 0x80, 0xcc, 0xea, 0x4f, 0xff, 0x00, 0xf8, 0xcc,
0xea, 0x0f, 0xff, 0xcc, 0xea, 0x4f, 0xff, 0x3c, 0xc7, 0xa4, 0x47, 0x23, 0x3f, 0x0c, 0x80, 0x00,
0x10, 0xcc, 0xea, 0x4f, 0xff, 0x3c, 0x87, 0xa4, 0x47, 0x20, 0x80, 0x98, 0x60, 0x66, 0xff, 0x00,
0x00, 0x00, 0x88, 0x4a, 0x22, 0x5f, 0x0e, 0xc0, 0x98, 0x60, 0x16, 0xff, 0x00, 0x00, 0x00, 0x88,
0x48, 0x82, 0x5f, 0x98, 0x60, 0xff, 0xff, 0x00, 0x00, 0x4b, 0xc3, 0x7f, 0xc8, 0x0a, 0x2f, 0xff,
0x4a, 0xef, 0x88, 0x04, 0xe3, 0xc8, 0xea, 0x6f, 0xff, 0x0c, 0x80, 0x00, 0x10, 0x98, 0xe0, 0x10,
0x01, 0x0f, 0x00, 0x2c, 0xe7, 0x40, 0x94, 0xe7, 0x00, 0x00, 0x04, 0x00, 0xd0, 0x00, 0x7c, 0xb0,
0xc8, 0xaa, 0xaf, 0xff, 0x98, 0xe0, 0x30, 0x01, 0x0f, 0x00, 0x2c, 0xe7, 0x40, 0x6c, 0xe7, 0x11,
0x3e, 0x07, 0x30, 0xd8, 0xe2, 0x1b, 0xa0, 0x08, 0xe5, 0x20, 0xc7, 0x00, 0xc8, 0xea, 0xaf, 0xff,
0x00, 0xf8, 0xc8, 0xea, 0x2f, 0xff, 0xc8, 0xea, 0xaf, 0xff, 0x3c, 0xe7, 0x90, 0x47, 0x24, 0x50,
0xc4, 0xe2, 0x1b, 0xa0, 0x3c, 0x27, 0xaa, 0x47, 0x21, 0x90, 0xc4, 0xe2, 0x9b, 0xa0, 0x9d, 0xc7,
0x55, 0x00, 0x00, 0x00, 0x47, 0x2d, 0x10, 0xd8, 0x62, 0x1b, 0xa0, 0x38, 0x80, 0x10, 0xd8, 0xa0,
0x55, 0xaa, 0x49, 0xc5, 0x5f, 0x04, 0xe3, 0xc8, 0xea, 0x7d, 0xff, 0xc8, 0xea, 0xfd, 0xff, 0x34,
0xc7, 0xff, 0xc4, 0xe2, 0x07, 0xa0, 0xd2, 0xcc, 0x79, 0x60, 0xc8, 0xea, 0xfd, 0xff, 0x6c, 0xe7,
0x11, 0x3e, 0x07, 0x3a, 0x34, 0xc7, 0xff, 0xc4, 0xe2, 0x87, 0xa0, 0xd2, 0xcc, 0x72, 0xa0, 0xcc,
0x0a, 0x0f, 0xff, 0x0e, 0x50, 0xcc, 0xea, 0x4f, 0xff, 0x30, 0xc7, 0x40, 0xd8, 0xe2, 0x1b, 0xa0,
0x08, 0xe6, 0x24, 0xc7, 0x00, 0xcc, 0xaa, 0x4f, 0xff, 0xd8, 0xe2, 0xbf, 0xa8, 0x08, 0xe5, 0x20,
0xc7, 0x00, 0xcc, 0xea, 0x4f, 0xff, 0x00, 0xf8, 0xcc, 0xea, 0x0f, 0xff, 0xcc, 0xea, 0x4f, 0xff,
0x44, 0xa7, 0xab, 0x98, 0x60, 0xc6, 0xff, 0x00, 0x00, 0x00, 0x84, 0x4a, 0x60, 0x5f, 0x00, 0x10,
0xc8, 0x0a, 0x2f, 0xff, 0x4a, 0x7d, 0x88, 0x04, 0xe3, 0xc8, 0xea, 0x6f, 0xff, 0x0d, 0xe0, 0xc8,
0xea, 0xef, 0xff, 0x04, 0x67, 0x48, 0x3e, 0x7f, 0x04, 0xe3, 0x3c, 0xe7, 0x8c, 0x47, 0x27, 0x0f,
0xd8, 0x60, 0xff, 0xf0, 0x48, 0x81, 0x7f, 0x0c, 0x83, 0x00, 0x10, 0x98, 0xe0, 0x10, 0x01, 0x0f,
0x00, 0x2c, 0xe7, 0x40, 0x94, 0xe7, 0x00, 0x00, 0x04, 0x00, 0xd0, 0x00, 0x7e, 0xd0, 0xc8, 0xaa,
0xaf, 0xff, 0x98, 0xe0, 0x30, 0x01, 0x0f, 0x00, 0x2c, 0xe7, 0x40, 0x6c, 0xe7, 0x11, 0x3e, 0x07,
0x30, 0xd8, 0xe2, 0x1b, 0xa0, 0x08, 0xe5, 0x20, 0xc7, 0x00, 0xc8, 0xea, 0xaf, 0xff, 0x00, 0xf8,
0xc8, 0xea, 0x2f, 0xff, 0xc8, 0xea, 0xaf, 0xff, 0xd2, 0x18, 0x79, 0x10, 0xc4, 0xe2, 0x1b, 0xa0,
0x3c, 0x27, 0xa2, 0x47, 0x27, 0xe0, 0xd8, 0x62, 0x1b, 0xa0, 0x00, 0x8a, 0xd8, 0xa0, 0x55, 0xaa,
0x48, 0x16, 0x5f, 0x04, 0xe3, 0xc8, 0xea, 0x7d, 0xff, 0xc4, 0xe2, 0xbb, 0xa0, 0x04, 0xc7, 0xc8,
0xea, 0xfd, 0xff, 0x34, 0xe7, 0xff, 0xd2, 0xcc, 0x7d, 0xa0, 0xc4, 0xe2, 0x7b, 0xa0, 0x04, 0xc7,
0xc8, 0xea, 0xfd, 0xff, 0x6c, 0xe7, 0x11, 0x3e, 0x07, 0x3a, 0x34, 0xe7, 0xff, 0xd2, 0xcc, 0x72,
0x20, 0xc4, 0xe2, 0x3b, 0xa0, 0x6c, 0xc7, 0x18, 0xc4, 0xe2, 0xdb, 0xa0, 0x6c, 0xe7, 0x08, 0x60,
0xc6, 0x39, 0xc4, 0xe2, 0x5b, 0xa0, 0x6c, 0xe7, 0x10, 0x60, 0xc6, 0x39, 0xc4, 0xe2, 0x9b, 0xa0,
0x60, 0xe6, 0x39, 0xcc, 0xea, 0x2b, 0xff, 0x00, 0x10, 0xcc, 0xea, 0x6b, 0xff, 0xd8, 0xe7, 0x00,
0x1f, 0xcc, 0xea, 0x17, 0xff, 0xc8, 0xea, 0xb7, 0xff, 0x00, 0xf8, 0xc8, 0xea, 0x37, 0xff, 0x0c,
0xe0, 0xc8, 0xea, 0xef, 0xff, 0x04, 0x67, 0x49, 0xc2, 0x7f, 0x04, 0xe3, 0x3c, 0xe7, 0x8c, 0x47,
0x25, 0x4f, 0xd8, 0x60, 0xff, 0xf0, 0x49, 0x12, 0x7f, 0x0c, 0x13, 0xcc, 0xea, 0x57, 0xff, 0x9e,
0xc7, 0x00, 0x08, 0x00, 0x00, 0x47, 0x3d, 0x80, 0xcc, 0xea, 0x57, 0xff, 0xd8, 0xe7, 0x00, 0x0f,
0xcc, 0xea, 0x17, 0xff, 0xc8, 0xea, 0xb7, 0xff, 0x00, 0xf8, 0xc8, 0xea, 0x37, 0xff, 0x0e, 0xef,
0x00, 0x10, 0xcc, 0xea, 0x57, 0xff, 0xc8, 0xea, 0x0b, 0xff, 0x00, 0x60, 0x48, 0x18, 0xaf, 0x98,
0x60, 0x00, 0x0f, 0xf0, 0x00, 0x49, 0xd9, 0xaf, 0xc4, 0xe2, 0x3b, 0xa8, 0x34, 0xe7, 0x00, 0x38,
0xe7, 0x5a, 0xc0, 0xe2, 0x3b, 0xa8, 0xc4, 0xe2, 0xbb, 0xa8, 0x34, 0xe7, 0x00, 0x38, 0xe7, 0x5a,
0xc0, 0xe2, 0xbb, 0xa8, 0xd8, 0x62, 0x3b, 0xa8, 0x98, 0x80, 0x00, 0x0f, 0xf0, 0x00, 0x38, 0xa0,
0x04, 0x4b, 0x9b, 0x6f, 0x00, 0x60, 0x4b, 0xb6, 0x5f, 0x98, 0x60, 0x56, 0xff, 0x00, 0x00, 0x00,
0x88, 0x4b, 0x25, 0x9f, 0x98, 0xe0, 0x00, 0x19, 0x80, 0x00, 0xcc, 0xea, 0x27, 0xff, 0xcc, 0x02,
0x29, 0xac, 0xc8, 0x0a, 0x2f, 0xff, 0x4b, 0x9a, 0x88, 0x04, 0xe3, 0xc8, 0xea, 0x6f, 0xff, 0x0c,
0x80, 0x00, 0x10, 0x98, 0xe0, 0x10, 0x01, 0x0f, 0x00, 0x2c, 0xe7, 0x40, 0x94, 0xe7, 0x00, 0x00,
0x04, 0x00, 0x40, 0x07, 0x04, 0x98, 0xe0, 0x30, 0x01, 0x0f, 0x00, 0x2c, 0xe7, 0x40, 0x6c, 0xe7,
0x11, 0xc0, 0xea, 0xcb, 0xff, 0xc4, 0xea, 0xcb, 0xff, 0x9d, 0xc7, 0x55, 0x00, 0x00, 0x00, 0x47,
0x3b, 0x80, 0xc8, 0xea, 0xef, 0xff, 0x04, 0x67, 0x4a, 0xd0, 0x7f, 0x04, 0xe3, 0x3c, 0xe7, 0x8c,
0x47, 0x28, 0x3f, 0xd8, 0x60, 0xff, 0xf0, 0x4a, 0x08, 0x7f, 0x0f, 0xb7, 0x00, 0x10, 0x4b, 0xc2,
0x88, 0x04, 0xe3, 0xc8, 0xea, 0x6f, 0xff, 0x0c, 0x80, 0x00, 0x10, 0x98, 0xe0, 0x10, 0x01, 0x0f,
0x00, 0x2c, 0xe7, 0x40, 0x94, 0xe7, 0x00, 0x00, 0x04, 0x00, 0xd0, 0x00, 0x7c, 0x10, 0xc8, 0xaa,
0xaf, 0xff, 0x98, 0xe0, 0x30, 0x01, 0x0f, 0x00, 0x2c, 0xe7, 0x40, 0x6c, 0xe7, 0x11, 0x3e, 0x07,
0x30, 0xd8, 0xe2, 0x1b, 0xa0, 0x08, 0xe5, 0x20, 0xc7, 0x00, 0xc8, 0xea, 0xaf, 0xff, 0x00, 0xf8,
0xc8, 0xea, 0x2f, 0xff, 0xc8, 0xea, 0xf7, 0xff, 0x41, 0x07, 0x58, 0xc8, 0xea, 0xaf, 0xff, 0x9d,
0xc7, 0x20, 0x10, 0x00, 0x00, 0x47, 0x2b, 0x00, 0xd8, 0xe0, 0x00, 0x10, 0xcc, 0xea, 0x17, 0xff,
0x0f, 0xa8, 0xc8, 0xca, 0xf7, 0xff, 0xc8, 0xea, 0xb7, 0xff, 0xd2, 0xcc, 0x73, 0x80, 0xc8, 0xca,
0xaf, 0xff, 0xc8, 0xea, 0x8b, 0xff, 0x00, 0xf2, 0xd2, 0xcc, 0x77, 0x00, 0xc8, 0xea, 0x8b, 0xff,
0xcc, 0xea, 0x17, 0xff, 0x0f, 0x30, 0xc8, 0xea, 0xaf, 0xff, 0x9d, 0xc7, 0x20, 0x08, 0x00, 0x00,
0x47, 0x2b, 0x00, 0xd8, 0xe0, 0x00, 0x08, 0xcc, 0xea, 0x17, 0xff, 0x0c, 0xe0, 0xc8, 0xea, 0xef,
0xff, 0x04, 0x67, 0x49, 0x3b, 0xbf, 0x04, 0xe3, 0x3c, 0xe7, 0x8c, 0x47, 0x27, 0xaf, 0xd8, 0x60,
0xff, 0xf0, 0x49, 0x87, 0xbf, 0x0c, 0xab, 0xcc, 0xea, 0x57, 0xff, 0x00, 0xf4, 0xd8, 0x62, 0x1b,
0xa0, 0x04, 0x87, 0xd8, 0xa0, 0x55, 0xaa, 0x4a, 0x5b, 0x9f, 0x04, 0xe3, 0xc8, 0xea, 0x7d, 0xff,
0xc8, 0xea, 0xfd, 0xff, 0x34, 0xc7, 0xff, 0xcc, 0xea, 0x57, 0xff, 0x30, 0xa7, 0x40, 0xd8, 0xe2,
0x1b, 0xa0, 0x08, 0xe5, 0x24, 0xe7, 0x00, 0xd2, 0xcc, 0x74, 0xf0, 0xc8, 0xea, 0xfd, 0xff, 0x6c,
0xe7, 0x11, 0x3e, 0x07, 0x3a, 0x34, 0xc7, 0xff, 0xcc, 0xea, 0x57, 0xff, 0x30, 0xa7, 0xc0, 0xd8,
0xe2, 0x1b, 0xa0, 0x08, 0xe5, 0x24, 0xe7, 0x00, 0xd2, 0xcc, 0x78, 0xb0, 0xc4, 0xe2, 0x9b, 0xa0,
0x6c, 0xc7, 0x10, 0xc4, 0xe2, 0x1b, 0xa0, 0x60, 0xe6, 0x39, 0x04, 0xc7, 0xcc, 0xea, 0x57, 0xff,
0xd2, 0xcc, 0x79, 0xd0, 0xcc, 0x0a, 0x0f, 0xff, 0x0e, 0x50, 0xcc, 0xea, 0x4f, 0xff, 0x30, 0xc7,
0x40, 0xd8, 0xe2, 0x1b, 0xa0, 0x08, 0xe6, 0x24, 0xc7, 0x00, 0xcc, 0xaa, 0x4f, 0xff, 0xd8, 0xe2,
0x22, 0x68, 0x08, 0xe5, 0x20, 0xc7, 0x00, 0xcc, 0xea, 0x4f, 0xff, 0x00, 0xf8, 0xcc, 0xea, 0x0f,
0xff, 0xcc, 0xca, 0x4f, 0xff, 0xcc, 0xea, 0x57, 0xff, 0xd3, 0xce, 0x68, 0xbf, 0xc8, 0xca, 0xf7,
0xff, 0xc8, 0xea, 0xb7, 0xff, 0xd2, 0xcc, 0x72, 0xc0, 0x0f, 0x60, 0xcc, 0xca, 0x4f, 0xff, 0xd8,
0xe2, 0x22, 0x68, 0x08, 0xe6, 0x00, 0xcf, 0x20, 0xc7, 0x00, 0xcc, 0xea, 0x4f, 0xff, 0x00, 0xf8,
0xcc, 0xea, 0x0f, 0xff, 0xcc, 0xea, 0x4f, 0xff, 0x9f, 0x07, 0xff, 0xf0, 0x00, 0x00, 0x47, 0x2b,
0xbf, 0xd8, 0xe0, 0x00, 0x08, 0xcc, 0xea, 0x17, 0xff, 0xd8, 0x62, 0x22, 0x68, 0xcc, 0x8a, 0x67,
0xff, 0xcc, 0xaa, 0x57, 0xff, 0x4b, 0x0a, 0x6f, 0x98, 0x60, 0x56, 0xff, 0x00, 0x00, 0x00, 0x88,
0x48, 0xb8, 0x9f, 0xc8, 0xea, 0xf7, 0xff, 0x00, 0xf8, 0xc8, 0xea, 0x77, 0xff, 0xcc, 0xca, 0x67,
0xff, 0xcc, 0xea, 0x57, 0xff, 0x08, 0xe6, 0xcc, 0xea, 0x27, 0xff, 0xc8, 0xca, 0xf7, 0xff, 0xc8,
0xea, 0xb7, 0xff, 0xd3, 0x8e, 0x6d, 0x80, 0x0d, 0x60, 0x98, 0x60, 0x36, 0xff, 0x00, 0x00, 0x00,
0x88, 0x4b, 0x08, 0x9f, 0xd8, 0x60, 0xff, 0xf0, 0x48, 0x29, 0xbf, 0x46, 0xed, 0xbf, 0x46, 0x2d,
0xbf, 0xcc, 0xea, 0x6b, 0xff, 0x30, 0xe7, 0xf8, 0x94, 0xe7, 0x07, 0xff, 0xff, 0xff, 0xcc, 0xea,
0x17, 0xff, 0xcc, 0xea, 0x6b, 0xff, 0x94, 0xe7, 0xff, 0xf0, 0x00, 0x00, 0xcc, 0xea, 0x13, 0xff,
0x98, 0xe0, 0x00, 0x19, 0x80, 0x00, 0xcc, 0xea, 0x27, 0xff, 0xcc, 0xea, 0x57, 0xff, 0x9f, 0x47,
0xff, 0xf0, 0x00, 0x00, 0x47, 0x23, 0x40, 0xd8, 0xe0, 0x00, 0x08, 0xcc, 0xea, 0x07, 0xff, 0xcc,
0xea, 0x57, 0xff, 0x9d, 0xc7, 0x00, 0x08, 0x00, 0x00, 0x47, 0x2b, 0x00, 0xd8, 0xe0, 0x3f, 0xf0,
0xcc, 0xea, 0x3b, 0xff, 0x0d, 0xe0, 0xd8, 0xe0, 0x00, 0x08, 0xcc, 0xea, 0x3b, 0xff, 0x0c, 0xa0,
0xcc, 0xea, 0x57, 0xff, 0xcc, 0xea, 0x07, 0xff, 0xcc, 0xea, 0x53, 0xff, 0x00, 0xf3, 0xcc, 0xea,
0x3b, 0xff, 0xd8, 0x62, 0x22, 0x68, 0xcc, 0x8a, 0x67, 0xff, 0xcc, 0xaa, 0x47, 0xff, 0x4b, 0xab,
0xaf, 0xd8, 0x62, 0x22, 0x68, 0xcc, 0x8a, 0x7b, 0xff, 0x48, 0x49, 0x9f, 0x04, 0xc3, 0xcc, 0xe2,
0x69, 0xac, 0x08, 0xe6, 0xcc, 0xe2, 0x29, 0xac, 0xcc, 0xea, 0x57, 0xff, 0x9f, 0x47, 0x00, 0x08,
0x00, 0x00, 0x47, 0x2f, 0x80, 0xcc, 0xea, 0x57, 0xff, 0xd8, 0xe7, 0x00, 0x0f, 0xcc, 0xea, 0x17,
0xff, 0xcc, 0xca, 0x67, 0xff, 0xcc, 0xea, 0x47, 0xff, 0x08, 0xe6, 0xcc, 0xea, 0x27, 0xff, 0x0f,
0x5b, 0x00, 0x10, 0xcc, 0xe2, 0x69, 0xac, 0x60, 0xe7, 0x3b, 0xcc, 0xe2, 0x29, 0xac, 0xcc, 0xca,
0x7b, 0xff, 0xd8, 0xe2, 0x22, 0x68, 0x08, 0xe6, 0x24, 0xe7, 0x00, 0x04, 0xc7, 0xcc, 0xea, 0x7b,
0xff, 0x30, 0xa7, 0x80, 0xd8, 0xe2, 0x22, 0x68, 0x08, 0xe5, 0x24, 0xe7, 0x00, 0x6c, 0xe7, 0x10,
0x60, 0xc6, 0x39, 0xcc, 0xea, 0x7b, 0xff, 0x30, 0xa7, 0x40, 0xd8, 0xe2, 0x22, 0x68, 0x08, 0xe5,
0x24, 0xe7, 0x00, 0x6c, 0xe7, 0x08, 0x60, 0xc6, 0x39, 0xcc, 0xea, 0x7b, 0xff, 0x30, 0xa7, 0xc0,
0xd8, 0xe2, 0x22, 0x68, 0x08, 0xe5, 0x24, 0xe7, 0x00, 0x6c, 0xe7, 0x18, 0x60, 0xe6, 0x39, 0xcc,
0xea, 0x23, 0xff, 0xcc, 0xe2, 0x69, 0xac, 0xcc, 0xca, 0x63, 0xff, 0xd2, 0xcc, 0x71, 0xb0, 0x00,
0xe6, 0xcc, 0xea, 0x0f, 0xff, 0x0f, 0x60, 0xcc, 0xca, 0x4f, 0xff, 0xd8, 0xe2, 0xbf, 0xa8, 0x08,
0xe6, 0x00, 0xcf, 0x20, 0xc7, 0x00, 0xcc, 0xea, 0x4f, 0xff, 0x00, 0xf8, 0xcc, 0xea, 0x0f, 0xff,
0xcc, 0xea, 0x4f, 0xff, 0x3c, 0xc7, 0xfc, 0x47, 0x20, 0x7f, 0x98, 0x60, 0x00, 0x0f, 0xf0, 0x00,
0x4b, 0x39, 0x2f, 0xd8, 0x62, 0xbf, 0xa8, 0x98, 0x80, 0x00, 0x0b, 0xf0, 0x00, 0x38, 0xa0, 0x02,
0x48, 0x47, 0xaf, 0xc4, 0xe2, 0x89, 0xac, 0x41, 0x87, 0xfc, 0xd8, 0xe2, 0x3b, 0xa8, 0xcc, 0xea,
0x1d, 0xff, 0xcc, 0x0a, 0x0f, 0xff, 0x0d, 0x90, 0xcc, 0xea, 0x4f, 0xff, 0xcc, 0xca, 0x5d, 0xff,
0x08, 0xe6, 0xcc, 0xaa, 0x4f, 0xff, 0xd8, 0xc2, 0x35, 0xaf, 0x08, 0xc5, 0x24, 0xc6, 0x00, 0x20,
0xc7, 0x00, 0xcc, 0xea, 0x4f, 0xff, 0x00, 0xf8, 0xcc, 0xea, 0x0f, 0xff, 0xcc, 0xea, 0x4f, 0xff,
0x3c, 0xc7, 0x10, 0x47, 0x2a, 0xbf, 0xc4, 0xe2, 0x3b, 0xa8, 0x98, 0xe7, 0xff, 0xff, 0xff, 0xff,
0xc0, 0xe2, 0x3b, 0xa8, 0xc4, 0xe2, 0xbb, 0xa8, 0x98, 0xe7, 0xff, 0xff, 0xff, 0xff, 0xc0, 0xe2,
0xbb, 0xa8, 0xd8, 0x62, 0x3b, 0xa8, 0x98, 0x80, 0x00, 0x0f, 0xf0, 0x00, 0x38, 0xa0, 0x04, 0x4a,
0x63, 0xaf, 0x38, 0x60, 0x4c, 0x4a, 0xc4, 0x10, 0x00, 0x68, 0x49, 0x2f, 0xcf, 0x98, 0x60, 0x16,
0xff, 0x00, 0x00, 0x00, 0x88, 0x4b, 0xf1, 0x1f, 0x98, 0x60, 0xff, 0xff, 0x00, 0x00, 0x49, 0x48,
0xbf, 0x0d, 0xa0, 0x98, 0x60, 0x66, 0xff, 0x00, 0x00, 0x00, 0x88, 0x4a, 0x51, 0x1f, 0x98, 0x60,
0xff, 0xff, 0x00, 0x00, 0x48, 0xb0, 0xbf, 0x04, 0x67, 0x47, 0xb4, 0x38, 0x47, 0xa4, 0x00, 0x31,
0x41, 0x10, 0x98, 0x60, 0x00, 0x0f, 0xf0, 0x00, 0x4b, 0x56, 0x2f, 0xc4, 0xe2, 0x62, 0x64, 0x9d,
0xc7, 0x55, 0x00, 0x00, 0x00, 0x47, 0x25, 0x40, 0xc4, 0xe2, 0x2b, 0xa0, 0x9d, 0xc7, 0x55, 0x00,
0x00, 0x00, 0x47, 0x2b, 0x80, 0xc4, 0xe2, 0x33, 0xaf, 0x9d, 0xc7, 0x55, 0x00, 0x00, 0x00, 0x47,
0x20, 0x80, 0xd8, 0x62, 0x3b, 0xa8, 0x38, 0x80, 0xff, 0x38, 0xa0, 0x04, 0x48, 0xb0, 0x88, 0xc4,
0xe2, 0x3b, 0xa8, 0x98, 0xe7, 0xff, 0xff, 0xff, 0xff, 0xc0, 0xe2, 0x3b, 0xa8, 0xc4, 0xe2, 0xbb,
0xa8, 0x98, 0xe7, 0xff, 0xff, 0xff, 0xff, 0xc0, 0xe2, 0xbb, 0xa8, 0xc4, 0xe2, 0x62, 0x64, 0x9d,
0xc7, 0x55, 0x00, 0x00, 0x00, 0x47, 0x29, 0x00, 0x00, 0xef, 0xc0, 0xe2, 0x47, 0xa8, 0xc4, 0xe2,
0x2b, 0xa0, 0x9d, 0xc7, 0x55, 0x00, 0x00, 0x00, 0x47, 0x29, 0x00, 0x00, 0xef, 0xc0, 0xe2, 0x07,
0xa8, 0xc4, 0xe2, 0x33, 0xaf, 0x9d, 0xc7, 0x55, 0x00, 0x00, 0x00, 0x47, 0x29, 0x00, 0x00, 0xef,
0xc0, 0xe2, 0xa7, 0xa8, 0xd8, 0x62, 0x3b, 0xa8, 0x98, 0x80, 0x00, 0x0f, 0xf0, 0x00, 0x38, 0xa0,
0x04, 0x4b, 0xb1, 0xaf, 0x38, 0x60, 0x4c, 0x4b, 0x57, 0xe0, 0x00, 0x68, 0x48, 0x3d, 0xcf, 0x4a,
0x73, 0xe0, 0x38, 0x60, 0x4c, 0x4a, 0xe7, 0xe0, 0xc4, 0xe2, 0x62, 0x64, 0x9d, 0x87, 0x55, 0x00,
0x00, 0x00, 0x47, 0x20, 0x80, 0xc4, 0xe2, 0x47, 0xa8, 0x3c, 0x07, 0x5e, 0x47, 0x26, 0x00, 0x4a,
0xfe, 0x08, 0xc4, 0xe2, 0x2b, 0xa0, 0x9d, 0x87, 0x55, 0x00, 0x00, 0x00, 0x47, 0x2c, 0x80, 0xc4,
0xe2, 0x07, 0xa8, 0x9d, 0x87, 0x95, 0x00, 0x00, 0x00, 0x47, 0x26, 0x00, 0x48, 0x1e, 0x08, 0x48,
0x4e, 0x08, 0x47, 0xb4, 0x00, 0x47, 0xa4, 0x40, 0x31, 0x41, 0x08, 0x4b, 0x39, 0x1f, 0x98, 0xe0,
0x94, 0x01, 0xe0, 0x00, 0x24, 0xe7, 0x00, 0xc0, 0xe2, 0xa2, 0x64, 0xc4, 0xe2, 0xcb, 0xaf, 0xd0,
0x50, 0x70, 0x28, 0xcc, 0x0a, 0x0f, 0xff, 0x98, 0xe0, 0x54, 0x01, 0xe0, 0x00, 0x24, 0xe7, 0x00,
0xc0, 0xe2, 0x33, 0xaf, 0x98, 0xe0, 0xd4, 0x01, 0xe0, 0x00, 0x24, 0xe7, 0x00, 0xc0, 0xe2, 0x62,
0x64, 0x98, 0xe0, 0x34, 0x01, 0xe0, 0x00, 0x24, 0xe7, 0x00, 0xc0, 0xe2, 0x2b, 0xa0, 0x4b, 0xe9,
0xf0, 0x00, 0x68, 0x4a, 0x36, 0x08, 0xcc, 0x0a, 0x0f, 0xff, 0x0f, 0x28, 0xcc, 0xea, 0x4f, 0xff,
0xd1, 0xd8, 0x75, 0xc0, 0xcc, 0xea, 0x4f, 0xff, 0x6c, 0xe7, 0x40, 0x90, 0xe7, 0x2d, 0xff, 0x00,
0x00, 0x2c, 0xe7, 0x40, 0x47, 0xd2, 0x38, 0x48, 0xfd, 0x80, 0x0d, 0x10, 0x48, 0x83, 0x80, 0x0e,
0xe0, 0x48, 0x23, 0x80, 0x0c, 0x60, 0x48, 0x63, 0x80, 0x0f, 0x20, 0x4b, 0xe3, 0x80, 0x0d, 0xc0,
0x48, 0x53, 0x80, 0x0e, 0x40, 0x48, 0x33, 0x80, 0x0c, 0x80, 0x00, 0x10, 0xd8, 0x60, 0x11, 0xc8,
0x49, 0x0d, 0xe0, 0xcc, 0xea, 0x4f, 0xff, 0x00, 0xf8, 0xcc, 0xea, 0x0f, 0xff, 0xcc, 0xea, 0x4f,
0xff, 0x44, 0x67, 0xd5, 0xc4, 0xe2, 0x6b, 0x17, 0xd0, 0x60, 0x7f, 0x10, 0xc4, 0xe2, 0x33, 0xaf,
0x3c, 0x27, 0x5a, 0x47, 0x22, 0x10, 0xc4, 0xe2, 0xa7, 0xa8, 0x3c, 0x07, 0x5e, 0x47, 0x25, 0xe0,
0x4b, 0x4e, 0x20, 0x38, 0xe0, 0x5e, 0xc0, 0xe2, 0xa7, 0xa8, 0xc8, 0xe2, 0x9d, 0xac, 0x3e, 0x07,
0x3b, 0x3e, 0x07, 0x32, 0x34, 0xc6, 0xff, 0xc4, 0xa2, 0x67, 0xa8, 0x34, 0xa5, 0x00, 0x60, 0xc5,
0x31, 0xc0, 0xc2, 0x67, 0xa8, 0x3e, 0x07, 0x3a, 0x6c, 0xe7, 0x11, 0x3e, 0x07, 0x3a, 0xc4, 0xc2,
0xe7, 0xa8, 0x34, 0xc6, 0x00, 0x60, 0xe6, 0x39, 0xc0, 0xe2, 0xe7, 0xa8, 0xc8, 0xe2, 0xdd, 0xac,
0x3e, 0x07, 0x3b, 0x3e, 0x07, 0x32, 0x34, 0xc6, 0xff, 0xc4, 0xa2, 0x17, 0xa8, 0x34, 0xa5, 0x00,
0x60, 0xc5, 0x31, 0xc0, 0xc2, 0x17, 0xa8, 0x3e, 0x07, 0x3a, 0x6c, 0xe7, 0x11, 0x3e, 0x07, 0x3a,
0xc4, 0xc2, 0x97, 0xa8, 0x34, 0xc6, 0x00, 0x60, 0xe6, 0x39, 0xc0, 0xe2, 0x97, 0xa8, 0x98, 0x60,
0x76, 0xff, 0x00, 0x00, 0x4a, 0xe7, 0x60, 0x49, 0x3d, 0x2f, 0x38, 0x60, 0x10, 0x4b, 0xef, 0x4f,
0x00, 0x68, 0x4b, 0x88, 0x2f, 0x00, 0x60, 0x4a, 0xaa, 0xcf, 0x49, 0x36, 0xff, 0x0d, 0x8a, 0xc4,
0xe2, 0x6b, 0x17, 0x41, 0x87, 0xb0, 0xc4, 0xe2, 0xa2, 0x64, 0x3c, 0x07, 0x5a, 0x47, 0x25, 0x00,
0xc4, 0xe2, 0xcb, 0xaf, 0x41, 0xc7, 0x70, 0x48, 0xa1, 0x3f, 0x04, 0xe3, 0xcc, 0xea, 0x2f, 0xff,
0x0d, 0x80, 0xcc, 0x0a, 0x2f, 0xff, 0x4a, 0x1d, 0xef, 0x04, 0xe3, 0xd0, 0x00, 0x71, 0x88, 0xcc,
0xea, 0x6f, 0xff, 0xd0, 0x40, 0x70, 0x88, 0x4b, 0xa8, 0x3f, 0xcc, 0x6a, 0x2f, 0xff, 0x4a, 0x9d,
0xef, 0xcc, 0xea, 0x6f, 0xff, 0xd0, 0x3e, 0x72, 0xf0, 0x98, 0x60, 0x41, 0xff, 0x00, 0x00, 0x4a,
0x70, 0x1f, 0x98, 0x60, 0xcb, 0x7f, 0x00, 0x00, 0x48, 0x30, 0x1f, 0xc4, 0xe2, 0xcb, 0xaf, 0x41,
0x87, 0x2c, 0x00, 0x68, 0x48, 0x5c, 0xcf, 0x4a, 0x32, 0xe0, 0x38, 0x60, 0x26, 0x4a, 0xa6, 0xe0,
0xcc, 0xea, 0x6f, 0xff, 0x41, 0x07, 0xe8, 0x4a, 0x6f, 0x70, 0x48, 0x13, 0xf0, 0x0c, 0x80, 0x00,
0x10, 0x4b, 0x6d, 0xf0, 0x04, 0xe3, 0x40, 0x07, 0x9f, 0x0e, 0x80, 0x48, 0x27, 0x70, 0x48, 0x88,
0xb0, 0x0d, 0x34, 0xcc, 0xea, 0x6f, 0xff, 0xd0, 0x40, 0x72, 0x90, 0xc4, 0xe2, 0x33, 0xaf, 0x3c,
0x27, 0x5a, 0x47, 0x22, 0x10, 0xc4, 0xe2, 0xa7, 0xa8, 0x3c, 0x07, 0x5e, 0x47, 0x25, 0xe0, 0x48,
0xc4, 0x20, 0x38, 0xe0, 0x5e, 0xc0, 0xe2, 0xa7, 0xa8, 0xc8, 0xe2, 0x9d, 0xac, 0x3e, 0x07, 0x3b,
0x3e, 0x07, 0x32, 0x34, 0xc6, 0xff, 0xc4, 0xa2, 0x67, 0xa8, 0x34, 0xa5, 0x00, 0x60, 0xc5, 0x31,
0xc0, 0xc2, 0x67, 0xa8, 0x3e, 0x07, 0x3a, 0x6c, 0xe7, 0x11, 0x3e, 0x07, 0x3a, 0xc4, 0xc2, 0xe7,
0xa8, 0x34, 0xc6, 0x00, 0x60, 0xe6, 0x39, 0xc0, 0xe2, 0xe7, 0xa8, 0xc8, 0xe2, 0xdd, 0xac, 0x3e,
0x07, 0x3b, 0x3e, 0x07, 0x32, 0x34, 0xc6, 0xff, 0xc4, 0xa2, 0x17, 0xa8, 0x34, 0xa5, 0x00, 0x60,
0xc5, 0x31, 0xc0, 0xc2, 0x17, 0xa8, 0x3e, 0x07, 0x3a, 0x6c, 0xe7, 0x11, 0x3e, 0x07, 0x3a, 0xc4,
0xc2, 0x97, 0xa8, 0x34, 0xc6, 0x00, 0x60, 0xe6, 0x39, 0xc0, 0xe2, 0x97, 0xa8, 0x98, 0x60, 0xc9,
0xff, 0x00, 0x00, 0x49, 0xe9, 0x60, 0x49, 0x84, 0xff, 0x0d, 0x60, 0x4a, 0xd8, 0xe0, 0x38, 0x60,
0x4c, 0x4a, 0x2c, 0xe0, 0x48, 0x4b, 0xf0, 0x0c, 0xc0, 0xc4, 0xe2, 0xcb, 0xaf, 0x41, 0x07, 0x60,
0x48, 0xf3, 0xf0, 0x98, 0x60, 0xe5, 0xff, 0x00, 0x00, 0x4b, 0xf3, 0xef, 0x98, 0xe0, 0x00, 0x00,
0x01, 0x00, 0xd8, 0xc0, 0x00, 0x80, 0x2c, 0xc7, 0x00, 0xa5, 0x00, 0x00, 0x01, 0x80, 0x00, 0x47,
0xb4, 0x40, 0x47, 0xa4, 0x00, 0x31, 0x41, 0x10, 0x98, 0xe0, 0x1b, 0x00, 0x2f, 0x00, 0x98, 0xc0,
0x1b, 0x00, 0x2f, 0x00, 0x2c, 0xc6, 0x40, 0x98, 0xc6, 0x00, 0x00, 0x00, 0x04, 0x2c, 0xc7, 0x00,
0x98, 0xe0, 0x2b, 0x00, 0x2f, 0x00, 0x98, 0xc0, 0x2b, 0x00, 0x2f, 0x00, 0x2c, 0xc6, 0x40, 0x98,
0xc6, 0x00, 0x10, 0x00, 0x00, 0x2c, 0xc7, 0x00, 0x98, 0xe0, 0x2b, 0x00, 0x2f, 0x00, 0x98, 0xc0,
0x2b, 0x00, 0x2f, 0x00, 0x2c, 0xc6, 0x40, 0x94, 0xc6, 0xff, 0xdf, 0xff, 0xff, 0x2c, 0xc7, 0x00,
0x98, 0xe0, 0x2b, 0x00, 0x2f, 0x00, 0x98, 0xc0, 0x2b, 0x00, 0x2f, 0x00, 0x2c, 0xc6, 0x40, 0x94,
0xc6, 0xfd, 0xff, 0xff, 0xff, 0x2c, 0xc7, 0x00, 0x98, 0xe0, 0x2b, 0x00, 0x2f, 0x00, 0x98, 0xc0,
0x2b, 0x00, 0x2f, 0x00, 0x2c, 0xc6, 0x40, 0x94, 0xc6, 0xff, 0x7f, 0xff, 0xff, 0x2c, 0xc7, 0x00,
0x98, 0xe0, 0x2b, 0x00, 0x2f, 0x00, 0x98, 0xc0, 0x2b, 0x00, 0x2f, 0x00, 0x2c, 0xc6, 0x40, 0x94,
0xc6, 0xfe, 0xff, 0xff, 0xff, 0x2c, 0xc7, 0x00, 0x98, 0xe0, 0x2b, 0x00, 0x2f, 0x00, 0x98, 0xc0,
0x2b, 0x00, 0x2f, 0x00, 0x2c, 0xc6, 0x40, 0x94, 0xc6, 0xff, 0xbf, 0xff, 0xff, 0x2c, 0xc7, 0x00,
0x98, 0xe0, 0x03, 0x00, 0x2f, 0x00, 0x98, 0xc0, 0x03, 0x00, 0x2f, 0x00, 0x2c, 0xc6, 0x40, 0x98,
0xc6, 0x00, 0x00, 0x00, 0x40, 0x2c, 0xc7, 0x00, 0x98, 0xe0, 0x03, 0x00, 0x2f, 0x00, 0x98, 0xc0,
0x03, 0x00, 0x2f, 0x00, 0x2c, 0xc6, 0x40, 0x98, 0xc6, 0x00, 0x00, 0x00, 0x80, 0x2c, 0xc7, 0x00,
0x38, 0x60, 0x50, 0x4b, 0xf7, 0x60, 0x47, 0xb4, 0x00, 0x47, 0xa4, 0x20, 0x31, 0x41, 0x18, 0x48,
0xf5, 0xef, 0xcc, 0x6a, 0x0f, 0xff, 0x38, 0xe0, 0xf8, 0xc0, 0xea, 0xef, 0xff, 0x0f, 0x68, 0xc4,
0xea, 0xef, 0xff, 0x40, 0x07, 0xb0, 0xc4, 0xea, 0xef, 0xff, 0x00, 0xff, 0xc0, 0xea, 0xef, 0xff,
0xc4, 0xea, 0xef, 0xff, 0x40, 0x07, 0xaa, 0x98, 0xe0, 0x03, 0x00, 0x2f, 0x00, 0x2c, 0xe7, 0x40,
0xcc, 0xea, 0x37, 0xff, 0xcc, 0xea, 0x77, 0xff, 0x94, 0xe7, 0xff, 0xc1, 0xff, 0xff, 0xcc, 0xea,
0x37, 0xff, 0xc4, 0xea, 0xef, 0xff, 0x6c, 0xe7, 0x50, 0xcc, 0xca, 0x77, 0xff, 0x60, 0xe6, 0x39,
0xcc, 0xea, 0x37, 0xff, 0x98, 0xe0, 0x03, 0x00, 0x2f, 0x00, 0xcc, 0xca, 0x77, 0xff, 0x2c, 0xc7,
0x00, 0xd8, 0x60, 0x11, 0xc8, 0x4a, 0xcb, 0x60, 0x98, 0xe0, 0x39, 0x00, 0x2f, 0x00, 0x2c, 0xe7,
0x40, 0x34, 0xe7, 0x80, 0x40, 0x07, 0xd9, 0x0c, 0x80, 0x00, 0x10, 0xc4, 0xea, 0xef, 0xff, 0x40,
0x07, 0x3c, 0xcc, 0xea, 0x4f, 0xff, 0x30, 0xc0, 0x95, 0x20, 0xc7, 0x20, 0xcc, 0xea, 0x4f, 0xff,
0xc4, 0xca, 0xef, 0xff, 0x20, 0xc7, 0xa0, 0xc4, 0xca, 0xef, 0xff, 0xcc, 0xea, 0x4f, 0xff, 0x24,
0xa7, 0x00, 0x24, 0xe7, 0x80, 0x6c, 0xe7, 0x10, 0x60, 0xe7, 0x29, 0x3e, 0x07, 0x3a, 0x98, 0x60,
0x0b, 0xff, 0x00, 0x00, 0x04, 0x86, 0x04, 0xa7, 0x4a, 0x56, 0xef, 0xc4, 0xea, 0xef, 0xff, 0x40,
0x07, 0xb0, 0xc4, 0xea, 0xef, 0xff, 0x3c, 0xe7, 0xb8, 0x47, 0x23, 0x80, 0xcc, 0xea, 0x4f, 0xff,
0x30, 0xc0, 0xa1, 0x20, 0xc7, 0x20, 0xc4, 0xea, 0xef, 0xff, 0x98, 0x60, 0xfb, 0xff, 0x00, 0x00,
0x04, 0x87, 0x4b, 0xfa, 0xef, 0x47, 0xb4, 0x20, 0x47, 0xa4, 0x40, 0x31, 0x41, 0x08, 0xd8, 0x60,
0x09, 0x80, 0x48, 0x0d, 0x60, 0x98, 0xe0, 0x20, 0x01, 0x6f, 0x00, 0x2c, 0xe7, 0x40, 0x94, 0xe7,
0xff, 0xc0, 0x00, 0x00, 0xcc, 0xea, 0x2f, 0xff, 0x98, 0xe0, 0x20, 0x00, 0x01, 0x00, 0x98, 0xc0,
0x20, 0x00, 0x01, 0x00, 0x2c, 0xc6, 0x40, 0x98, 0xc6, 0x00, 0x08, 0x00, 0x00, 0x2c, 0xc7, 0x00,
0xcc, 0xea, 0x6f, 0xff, 0x3e, 0x07, 0x3a, 0x04, 0x67, 0x47, 0xb4, 0x40, 0xcd, 0x41, 0x3f, 0xff,
0x05, 0x41, 0xcc, 0x6a, 0x37, 0xff, 0xcc, 0x8a, 0x17, 0xff, 0xcc, 0xaa, 0x27, 0xff, 0x98, 0xe0,
0x33, 0x00, 0x2f, 0x00, 0x98, 0xc0, 0x33, 0x00, 0x2f, 0x00, 0x2c, 0xc6, 0x40, 0x94, 0xc6, 0xff,
0xf7, 0xff, 0xff, 0x2c, 0xc7, 0x00, 0x98, 0xe0, 0x0b, 0x00, 0x2f, 0x00, 0x98, 0xc0, 0x0b, 0x00,
0x2f, 0x00, 0x2c, 0xc6, 0x40, 0x98, 0xc6, 0x00, 0x18, 0x00, 0x00, 0x2c, 0xc7, 0x00, 0x98, 0xe0,
0x33, 0x00, 0x2f, 0x00, 0x98, 0xc0, 0x33, 0x00, 0x2f, 0x00, 0x2c, 0xc6, 0x40, 0x94, 0xc6, 0xff,
0xf9, 0xff, 0xff, 0x2c, 0xc7, 0x00, 0x98, 0xe0, 0x20, 0x00, 0x01, 0x00, 0x98, 0xc0, 0x20, 0x00,
0x01, 0x00, 0x2c, 0xc6, 0x40, 0x94, 0xc6, 0xff, 0xf7, 0xff, 0xff, 0x2c, 0xc7, 0x00, 0x98, 0xe0,
0x20, 0x00, 0x01, 0x00, 0x98, 0xc0, 0x20, 0x00, 0x01, 0x00, 0x2c, 0xc6, 0x40, 0x94, 0xc6, 0xff,
0xff, 0xdf, 0xff, 0x2c, 0xc7, 0x00, 0x98, 0xe0, 0x20, 0x00, 0x01, 0x00, 0x98, 0xc0, 0x20, 0x00,
0x01, 0x00, 0x2c, 0xc6, 0x40, 0x98, 0xc6, 0x00, 0x00, 0x20, 0x00, 0x2c, 0xc7, 0x00, 0xcc, 0xea,
0x57, 0xff, 0x6c, 0xc7, 0xc0, 0xcc, 0xea, 0x77, 0xff, 0x60, 0xc6, 0x39, 0xcc, 0xea, 0x67, 0xff,
0x6c, 0xe7, 0x08, 0x60, 0xe6, 0x39, 0xcc, 0xea, 0x2f, 0xff, 0x98, 0xe0, 0x00, 0x01, 0x6f, 0x00,
0xcc, 0xca, 0x6f, 0xff, 0x2c, 0xc7, 0x00, 0xcd, 0x41, 0x7f, 0xff, 0x47, 0xd2, 0x48, 0x47, 0xa4,
0x10, 0x31, 0x41, 0x14, 0xc0, 0x0a, 0xfb, 0xff, 0xcc, 0x0a, 0x2f, 0xff, 0xcc, 0x0a, 0x0f, 0xff,
0xcc, 0x0a, 0x37, 0xff, 0xcc, 0x0a, 0x27, 0xff, 0xc0, 0x0a, 0xd7, 0xff, 0x4b, 0xe4, 0xef, 0xcc,
0x6a, 0x07, 0xff, 0xcc, 0xea, 0x47, 0xff, 0x30, 0xc0, 0x55, 0x20, 0xc7, 0x60, 0x98, 0x60, 0x3f,
0xff, 0x00, 0x00, 0x49, 0xd0, 0xef, 0xcc, 0x0a, 0x2f, 0xff, 0x00, 0xe8, 0xc0, 0xea, 0xfb, 0xff,
0x0d, 0x4c, 0xc4, 0xea, 0xd7, 0xff, 0x00, 0xf8, 0xc0, 0xea, 0xd7, 0xff, 0xc4, 0xea, 0xd7, 0xff,
0x3c, 0xe7, 0x28, 0x47, 0x32, 0x30, 0xd8, 0x60, 0x0b, 0xe0, 0x48, 0xfd, 0x50, 0x00, 0x68, 0x00,
0x80, 0x00, 0xac, 0x4a, 0x4d, 0xff, 0x98, 0x60, 0x02, 0x39, 0x00, 0x00, 0x49, 0x5d, 0x50, 0x4a,
0x79, 0xff, 0x04, 0xe3, 0xcc, 0xea, 0x27, 0xff, 0x98, 0x60, 0x68, 0x00, 0x80, 0x00, 0xcc, 0x8a,
0x67, 0xff, 0x4b, 0xef, 0x6f, 0xcc, 0xea, 0x67, 0xff, 0x9e, 0xc7, 0xd2, 0xc0, 0x00, 0x00, 0x47,
0x2a, 0x80, 0xc4, 0xea, 0xfb, 0xff, 0x3e, 0x07, 0x38, 0x00, 0xff, 0x3e, 0x07, 0x38, 0xc0, 0xea,
0xfb, 0xff, 0x0c, 0x68, 0xcc, 0xca, 0x6f, 0xff, 0xcc, 0xea, 0x67, 0xff, 0x08, 0xe6, 0xcc, 0xea,
0x2f, 0xff, 0xc4, 0xea, 0xfb, 0xff, 0x3e, 0x07, 0x38, 0x41, 0x87, 0xa8, 0xcc, 0xea, 0x67, 0xff,
0xcc, 0xea, 0x37, 0xff, 0xcc, 0xea, 0x77, 0xff, 0xcc, 0xea, 0x0f, 0xff, 0x0d, 0xd0, 0xcc, 0xea,
0x4f, 0xff, 0xcc, 0xaa, 0x67, 0xff, 0xcc, 0xca, 0x67, 0xff, 0x3d, 0xa5, 0x38, 0x64, 0xe6, 0x3a,
0xcc, 0xea, 0x0f, 0xff, 0xcc, 0xea, 0x77, 0xff, 0xcc, 0xaa, 0x67, 0xff, 0xcc, 0xca, 0x67, 0xff,
0x3d, 0xa7, 0x28, 0x64, 0xe6, 0x3a, 0xcc, 0xea, 0x37, 0xff, 0xc4, 0xea, 0xfb, 0xff, 0x3e, 0x07,
0x38, 0x00, 0xf8, 0x3e, 0x07, 0x38, 0xc0, 0xea, 0xfb, 0xff, 0xc4, 0xea, 0xfb, 0xff, 0x3e, 0x07,
0x38, 0xd2, 0x18, 0x78, 0xcf, 0x0c, 0x80, 0x00, 0x10, 0xc4, 0xea, 0xd7, 0xff, 0x3c, 0xa7, 0xc8,
0x47, 0x29, 0xe0, 0xcc, 0xca, 0x6f, 0xff, 0xcc, 0xaa, 0x4f, 0xff, 0xcc, 0xea, 0x77, 0xff, 0x08,
0xe5, 0x60, 0xe6, 0x3d, 0x6c, 0xe7, 0x41, 0xcc, 0xea, 0x2f, 0xff, 0xcc, 0xea, 0x47, 0xff, 0x38,
0xc0, 0x5e, 0x20, 0xc7, 0x60, 0xcc, 0xea, 0x6f, 0xff, 0x3e, 0x07, 0x32, 0xcc, 0xea, 0x47, 0xff,
0x34, 0xa6, 0xff, 0x24, 0x87, 0xe0, 0x34, 0x84, 0x00, 0x60, 0xa4, 0x29, 0x20, 0xa7, 0xe0, 0x6c,
0xc6, 0x11, 0x3e, 0x06, 0x32, 0x24, 0xa7, 0x10, 0x34, 0xa5, 0x00, 0x60, 0xc5, 0x31, 0x20, 0xc7,
0x10, 0xcc, 0xea, 0x47, 0xff, 0x24, 0xc7, 0x00, 0x24, 0xe7, 0x80, 0x6c, 0xe7, 0x10, 0x60, 0xe7,
0x31, 0x3e, 0x07, 0x3a, 0x98, 0x60, 0x94, 0x00, 0x80, 0x00, 0xcc, 0x8a, 0x6f, 0xff, 0x04, 0xa7,
0x4a, 0x2d, 0x6f, 0xcc, 0xea, 0x6f, 0xff, 0x0f, 0xa0, 0xcc, 0xea, 0x47, 0xff, 0x30, 0xc0, 0xa1,
0x20, 0xc7, 0x60, 0x98, 0x60, 0x9c, 0x00, 0x80, 0x00, 0x48, 0x75, 0x6f, 0x00, 0xe0, 0x04, 0x67,
0x47, 0xb4, 0x10, 0x47, 0xa4, 0x00, 0x31, 0x41, 0x10, 0x4a, 0x89, 0xff, 0x04, 0xe3, 0x04, 0x67,
0x47, 0xb4, 0x00, 0xcd, 0x41, 0x3f, 0xff, 0x05, 0x41, 0xcd, 0x41, 0x7f, 0xff, 0x47, 0xd2, 0x48,
0x47, 0xa4, 0x00, 0x31, 0x41, 0x10, 0x48, 0xf3, 0x7f, 0x00, 0x66, 0x49, 0xa5, 0xb0, 0x47, 0xb4,
0x00, 0xcd, 0x41, 0x3f, 0xff, 0x05, 0x41, 0xcd, 0x41, 0x7f, 0xff, 0x47, 0xd2, 0x48, 0x47, 0xa4,
0x00, 0x31, 0x41, 0x10, 0x4a, 0x80, 0xff, 0x47, 0xb4, 0x00, 0x47, 0xa4, 0x00, 0x31, 0x41, 0x10,
0x00, 0x6e, 0x4b, 0xd9, 0xb0, 0x47, 0xb4, 0x00, 0xcd, 0x41, 0x3f, 0xff, 0x05, 0x41, 0xcd, 0x41,
0x7f, 0xff, 0x47, 0xd2, 0x48, 0x47, 0xa4, 0x00, 0x31, 0x41, 0x10, 0x48, 0x67, 0xff, 0x47, 0xb4,
0x00, 0xcd, 0x41, 0x3f, 0xff, 0x05, 0x41, 0x04, 0xe3, 0xc0, 0xea, 0xf7, 0xff, 0x98, 0xe0, 0x38,
0x08, 0x01, 0x00, 0x2c, 0xe7, 0x40, 0xcc, 0xea, 0x2f, 0xff, 0xcc, 0xea, 0x6f, 0xff, 0x94, 0xe7,
0x0f, 0xff, 0xff, 0xff, 0xcc, 0xea, 0x2f, 0xff, 0xc4, 0xea, 0xf7, 0xff, 0xcc, 0xca, 0x6f, 0xff,
0x60, 0xe6, 0x39, 0xcc, 0xea, 0x2f, 0xff, 0x98, 0xe0, 0x38, 0x08, 0x01, 0x00, 0xcc, 0xca, 0x6f,
0xff, 0x2c, 0xc7, 0x00, 0xcd, 0x41, 0x7f, 0xff, 0x47, 0xd2, 0x48, 0xcd, 0x41, 0x3f, 0xff, 0x05,
0x41, 0x04, 0xc3, 0x04, 0xe4, 0xc0, 0xca, 0xf7, 0xff, 0xc8, 0xea, 0x37, 0xff, 0x00, 0x10, 0x98,
0xe0, 0x00, 0x08, 0x01, 0x00, 0x2c, 0xe7, 0x40, 0x45, 0x07, 0xef, 0x98, 0xe0, 0x38, 0x08, 0x01,
0x00, 0x2c, 0xe7, 0x40, 0xcc, 0xea, 0x2f, 0xff, 0xcc, 0xea, 0x6f, 0xff, 0x94, 0xe7, 0xff, 0xc0,
0x00, 0x3f, 0xcc, 0xea, 0x2f, 0xff, 0xc8, 0xea, 0xb7, 0xff, 0x6c, 0xe7, 0x50, 0x04, 0xc7, 0xcc,
0xea, 0x6f, 0xff, 0x60, 0xe6, 0x39, 0x98, 0xe7, 0x00, 0x40, 0x00, 0x00, 0xcc, 0xea, 0x2f, 0xff,
0x98, 0xe0, 0x38, 0x08, 0x01, 0x00, 0xcc, 0xca, 0x6f, 0xff, 0x2c, 0xc7, 0x00, 0x00, 0x10, 0x98,
0xe0, 0x00, 0x08, 0x01, 0x00, 0x2c, 0xe7, 0x40, 0x45, 0x07, 0xef, 0xc4, 0xea, 0xf7, 0xff, 0x41,
0x87, 0x38, 0x98, 0xe0, 0x00, 0x00, 0x00, 0x26, 0xcc, 0xea, 0x2f, 0xff, 0x98, 0xe0, 0x00, 0x08,
0x01, 0x00, 0xcc, 0xca, 0x6f, 0xff, 0x2c, 0xc7, 0x00, 0x0c, 0x10, 0xc4, 0xea, 0xf7, 0xff, 0x41,
0x47, 0x58, 0x98, 0xe0, 0x00, 0x00, 0x00, 0xe6, 0xcc, 0xea, 0x2f, 0xff, 0x98, 0xe0, 0x00, 0x08,
0x01, 0x00, 0xcc, 0xca, 0x6f, 0xff, 0x2c, 0xc7, 0x00, 0x00, 0x10, 0x98, 0xe0, 0x00, 0x08, 0x01,
0x00, 0x2c, 0xe7, 0x40, 0x45, 0x07, 0xef, 0xcd, 0x41, 0x7f, 0xff, 0x47, 0xd2, 0x48, 0xcd, 0x41,
0x3f, 0xff, 0x05, 0x41, 0x98, 0xe0, 0x38, 0x08, 0x01, 0x00, 0x2c, 0xe7, 0x40, 0xcc, 0xea, 0x2f,
0xff, 0xcc, 0xea, 0x6f, 0xff, 0x94, 0xe7, 0xf0, 0x7f, 0xff, 0xff, 0xcc, 0xea, 0x2f, 0xff, 0xcc,
0xea, 0x6f, 0xff, 0x38, 0xe7, 0x05, 0xcc, 0xea, 0x2f, 0xff, 0x98, 0xe0, 0x38, 0x08, 0x01, 0x00,
0xcc, 0xca, 0x6f, 0xff, 0x2c, 0xc7, 0x00, 0xcd, 0x41, 0x7f, 0xff, 0x47, 0xd2, 0x48, 0xcd, 0x41,
0x3f, 0xff, 0x05, 0x41, 0x98, 0xe0, 0x38, 0x08, 0x01, 0x00, 0x2c, 0xe7, 0x40, 0xcc, 0xea, 0x2f,
0xff, 0xcc, 0xea, 0x6f, 0xff, 0x94, 0xe7, 0xf0, 0x7f, 0xff, 0xff, 0xcc, 0xea, 0x2f, 0xff, 0x98,
0xe0, 0x38, 0x08, 0x01, 0x00, 0xcc, 0xca, 0x6f, 0xff, 0x2c, 0xc7, 0x00, 0x98, 0xe0, 0x00, 0x08,
0x01, 0x00, 0x2c, 0xe7, 0x40, 0xcc, 0xea, 0x2f, 0xff, 0xcc, 0xea, 0x6f, 0xff, 0x94, 0xe7, 0x00,
0x00, 0x00, 0x02, 0x98, 0xe7, 0x00, 0x00, 0x00, 0x6c, 0xcc, 0xea, 0x2f, 0xff, 0x98, 0xe0, 0x00,
0x08, 0x01, 0x00, 0xcc, 0xca, 0x6f, 0xff, 0x2c, 0xc7, 0x00, 0x00, 0x10, 0x98, 0xe0, 0x00, 0x08,
0x01, 0x00, 0x2c, 0xe7, 0x40, 0x45, 0x07, 0xef, 0xcd, 0x41, 0x7f, 0xff, 0x47, 0xd2, 0x48, 0x47,
0xa4, 0x20, 0x31, 0x41, 0x18, 0x04, 0xe3, 0xc0, 0xea, 0xf7, 0xff, 0xc4, 0xea, 0xf7, 0xff, 0x41,
0x87, 0x60, 0x48, 0xfb, 0xff, 0xc4, 0xea, 0xf7, 0xff, 0x41, 0x47, 0xa2, 0x98, 0xe0, 0x38, 0x08,
0x01, 0x00, 0x2c, 0xe7, 0x40, 0xcc, 0xea, 0x2f, 0xff, 0xcc, 0xea, 0x6f, 0xff, 0x94, 0xe7, 0xf0,
0x7f, 0xff, 0xff, 0xcc, 0xea, 0x2f, 0xff, 0x98, 0xe0, 0x38, 0x08, 0x01, 0x00, 0xcc, 0xca, 0x6f,
0xff, 0x2c, 0xc7, 0x00, 0xcc, 0xea, 0x6f, 0xff, 0x38, 0xe7, 0x08, 0xcc, 0xea, 0x2f, 0xff, 0x98,
0xe0, 0x38, 0x08, 0x01, 0x00, 0xcc, 0xca, 0x6f, 0xff, 0x2c, 0xc7, 0x00, 0x0c, 0xc0, 0xc4, 0xea,
0xf7, 0xff, 0x41, 0x27, 0x60, 0x4a, 0x5d, 0xff, 0x47, 0xb4, 0x20, 0x47, 0xa4, 0x20, 0x31, 0x41,
0x18, 0xcc, 0x6a, 0x37, 0xff, 0x00, 0x10, 0x98, 0xe0, 0x00, 0x08, 0x01, 0x00, 0x2c, 0xe7, 0x40,
0x45, 0x07, 0xef, 0x00, 0x68, 0x49, 0x7b, 0xff, 0x00, 0x10, 0x98, 0xe0, 0x00, 0x08, 0x01, 0x00,
0x2c, 0xe7, 0x40, 0x45, 0x07, 0xef, 0x98, 0xe0, 0x00, 0x08, 0x01, 0x00, 0x2c, 0xe7, 0x40, 0xcc,
0xea, 0x2f, 0xff, 0xcc, 0xea, 0x6f, 0xff, 0x94, 0xc7, 0x00, 0x00, 0x00, 0x02, 0xcc, 0xea, 0x77,
0xff, 0x60, 0xe6, 0x39, 0x98, 0xe7, 0x00, 0x00, 0x00, 0xb4, 0xcc, 0xea, 0x2f, 0xff, 0x98, 0xe0,
0x00, 0x08, 0x01, 0x00, 0xcc, 0xca, 0x6f, 0xff, 0x2c, 0xc7, 0x00, 0x00, 0x10, 0x98, 0xe0, 0x00,
0x08, 0x01, 0x00, 0x2c, 0xe7, 0x40, 0x45, 0x07, 0xef, 0x00, 0x64, 0x48, 0x93, 0xff, 0x47, 0xb4,
0x20, 0x47, 0xa4, 0x20, 0x31, 0x41, 0x18, 0xd8, 0xe0, 0x55, 0xaa, 0xc8, 0xea, 0x4f, 0xff, 0xc8,
0x0a, 0x2f, 0xff, 0xc8, 0x0a, 0x6f, 0xff, 0x00, 0x68, 0x49, 0x83, 0xff, 0x00, 0x6a, 0x4b, 0x0a,
0xff, 0x00, 0x68, 0x48, 0xfd, 0xff, 0x00, 0x64, 0x00, 0x80, 0x4a, 0x06, 0xff, 0x98, 0x60, 0x00,
0x07, 0xf0, 0x00, 0x48, 0x6b, 0xff, 0x38, 0x60, 0x4c, 0x4b, 0xad, 0x97, 0x30, 0xea, 0x37, 0x04,
0x67, 0x98, 0x80, 0x00, 0x07, 0xf0, 0x00, 0x00, 0xa6, 0x48, 0xc1, 0x4f, 0xc8, 0xea, 0xb7, 0xff,
0x3e, 0x07, 0x3b, 0xd0, 0x3e, 0x7f, 0x00, 0x98, 0x60, 0x36, 0x00, 0x80, 0x00, 0x48, 0xa1, 0x20,
0x0d, 0x78, 0xc8, 0xe2, 0x9d, 0xac, 0x3e, 0x07, 0x3b, 0xc8, 0xea, 0x2f, 0xff, 0xc8, 0xe2, 0xdd,
0xac, 0x3e, 0x07, 0x3b, 0xc8, 0xea, 0x6f, 0xff, 0x30, 0xea, 0x4f, 0x04, 0x67, 0x98, 0x80, 0x00,
0x07, 0xf0, 0x00, 0x00, 0xa6, 0x4b, 0x3d, 0x4f, 0x38, 0x60, 0x4c, 0x4a, 0x85, 0x97, 0x00, 0x64,
0xd8, 0x80, 0x30, 0x02, 0x4b, 0xa2, 0xff, 0x00, 0x64, 0x49, 0x85, 0xff, 0x38, 0x60, 0x4c, 0x4a,
0x39, 0x97, 0x30, 0xea, 0x37, 0x04, 0x67, 0x98, 0x80, 0x00, 0x07, 0xf0, 0x00, 0x00, 0xa6, 0x49,
0x96, 0x4f, 0xc8, 0xea, 0xb7, 0xff, 0x3e, 0x07, 0x3b, 0x04, 0xa7, 0xc8, 0xea, 0xf7, 0xff, 0x3e,
0x07, 0x3b, 0x04, 0xc7, 0xc8, 0xea, 0x8f, 0xff, 0x3e, 0x07, 0x3b, 0x98, 0x60, 0x91, 0x00, 0x80,
0x00, 0x04, 0x85, 0x04, 0xa6, 0x04, 0xc7, 0x49, 0x66, 0x20, 0x47, 0xb4, 0x20, 0x47, 0xa4, 0x20,
0x31, 0x41, 0x18, 0xcc, 0x6a, 0x37, 0xff, 0xcc, 0x8a, 0x17, 0xff, 0xcc, 0x0a, 0x0f, 0xff, 0x38,
0x60, 0x30, 0x00, 0x82, 0x4b, 0x3c, 0x10, 0xc8, 0x02, 0x1d, 0xac, 0xc8, 0x02, 0x5d, 0xac, 0x98,
0xe0, 0x10, 0x00, 0x6f, 0x00, 0x98, 0xc0, 0x0f, 0x9f, 0x00, 0x00, 0x2c, 0xc7, 0x00, 0x98, 0xe0,
0x30, 0x00, 0x6f, 0x00, 0x98, 0xc0, 0xff, 0x1f, 0x00, 0x00, 0x2c, 0xc7, 0x00, 0x98, 0xe0, 0x20,
0x00, 0x01, 0x00, 0x98, 0xc0, 0x20, 0x00, 0x01, 0x00, 0x2c, 0xc6, 0x40, 0x94, 0xc6, 0xff, 0xef,
0xff, 0xff, 0x2c, 0xc7, 0x00, 0x38, 0x60, 0x50, 0x48, 0x81, 0x97, 0xcc, 0xea, 0x4f, 0xff, 0x94,
0xe7, 0xdf, 0xff, 0xff, 0xff, 0xcc, 0xea, 0x0f, 0xff, 0x98, 0xe0, 0x00, 0x00, 0x6f, 0x00, 0xcc,
0xca, 0x4f, 0xff, 0x2c, 0xc7, 0x00, 0xcc, 0xea, 0x4f, 0xff, 0x94, 0xe7, 0x3f, 0xff, 0xff, 0xff,
0xcc, 0xea, 0x0f, 0xff, 0x98, 0xe0, 0x14, 0x00, 0x6f, 0x00, 0x98, 0xc0, 0x14, 0x00, 0x6f, 0x00,
0x2c, 0xc6, 0x40, 0x94, 0xc6, 0x00, 0x3f, 0xff, 0xff, 0x2c, 0xc7, 0x00, 0x98, 0xe0, 0x14, 0x00,
0x6f, 0x00, 0x98, 0xc0, 0x14, 0x00, 0x6f, 0x00, 0x2c, 0xc6, 0x40, 0x98, 0xc6, 0x10, 0x80, 0x00,
0x00, 0x2c, 0xc7, 0x00, 0xcc, 0xea, 0x77, 0xff, 0x9d, 0xc7, 0x22, 0x35, 0x00, 0x00, 0x47, 0x23,
0x40, 0xcc, 0xea, 0x4f, 0xff, 0x38, 0xe7, 0x40, 0xcc, 0xea, 0x0f, 0xff, 0x98, 0xe0, 0x00, 0x00,
0x6f, 0x00, 0xcc, 0xca, 0x4f, 0xff, 0x2c, 0xc7, 0x00, 0x98, 0xe0, 0x26, 0x00, 0x6f, 0x00, 0x98,
0xc0, 0x16, 0xc4, 0xd9, 0x20, 0x2c, 0xc7, 0x00, 0x0f, 0xd4, 0xcc, 0xea, 0x77, 0xff, 0x9d, 0xc7,
0x01, 0xdd, 0x00, 0x00, 0x47, 0x23, 0x40, 0xcc, 0xea, 0x4f, 0xff, 0x38, 0xe7, 0xc0, 0xcc, 0xea,
0x0f, 0xff, 0x98, 0xe0, 0x00, 0x00, 0x6f, 0x00, 0xcc, 0xca, 0x4f, 0xff, 0x2c, 0xc7, 0x00, 0x98,
0xe0, 0x26, 0x00, 0x6f, 0x00, 0x98, 0xc0, 0x2a, 0xaa, 0xdc, 0x20, 0x2c, 0xc7, 0x00, 0x0e, 0x78,
0xcc, 0xea, 0x77, 0xff, 0x9d, 0xc7, 0x02, 0xf8, 0x00, 0x00, 0x47, 0x25, 0x40, 0x98, 0xe0, 0x00,
0x00, 0x6f, 0x00, 0xcc, 0xca, 0x4f, 0xff, 0x2c, 0xc7, 0x00, 0x98, 0xe0, 0x06, 0x00, 0x6f, 0x00,
0x98, 0xc0, 0x06, 0x00, 0x6f, 0x00, 0x2c, 0xc6, 0x40, 0x94, 0xc6, 0x7f, 0xff, 0xff, 0xff, 0x2c,
0xc7, 0x00, 0x0e, 0x88, 0xcc, 0xea, 0x77, 0xff, 0x9d, 0xc7, 0x01, 0x7c, 0x00, 0x00, 0x47, 0x2a,
0xc0, 0xcc, 0xea, 0x4f, 0xff, 0x38, 0xe7, 0x80, 0xcc, 0xea, 0x0f, 0xff, 0x98, 0xe0, 0x00, 0x00,
0x6f, 0x00, 0xcc, 0xca, 0x4f, 0xff, 0x2c, 0xc7, 0x00, 0x98, 0xe0, 0x06, 0x00, 0x6f, 0x00, 0x98,
0xc0, 0x06, 0x00, 0x6f, 0x00, 0x2c, 0xc6, 0x40, 0x94, 0xc6, 0x7f, 0xff, 0xff, 0xff, 0x2c, 0xc7,
0x00, 0x0d, 0x80, 0x00, 0xef, 0x0d, 0x7c, 0x98, 0xe0, 0x38, 0x00, 0x6f, 0x00, 0x98, 0xc0, 0x38,
0x00, 0x6f, 0x00, 0x2c, 0xc6, 0x40, 0x94, 0xc6, 0xff, 0xff, 0xc0, 0xff, 0x2c, 0xc7, 0x00, 0x98,
0xe0, 0x38, 0x00, 0x6f, 0x00, 0x98, 0xc0, 0x38, 0x00, 0x6f, 0x00, 0x2c, 0xc6, 0x40, 0x98, 0xc6,
0x00, 0x00, 0xad, 0x00, 0x2c, 0xc7, 0x00, 0x98, 0xe0, 0x38, 0x00, 0x6f, 0x00, 0x98, 0xc0, 0x38,
0x00, 0x6f, 0x00, 0x2c, 0xc6, 0x40, 0x98, 0xc6, 0x00, 0x00, 0x40, 0x00, 0x2c, 0xc7, 0x00, 0xcc,
0xea, 0x4f, 0xff, 0x38, 0xe7, 0x20, 0xcc, 0xea, 0x0f, 0xff, 0x98, 0xe0, 0x00, 0x00, 0x6f, 0x00,
0xcc, 0xca, 0x4f, 0xff, 0x2c, 0xc7, 0x00, 0x00, 0x10, 0x98, 0xe0, 0x1c, 0x00, 0x6f, 0x00, 0x2c,
0xe7, 0x40, 0x94, 0xe7, 0x00, 0x0c, 0x00, 0x00, 0x40, 0x07, 0x8f, 0xc0, 0x0a, 0xef, 0xff, 0x0e,
0x50, 0x98, 0xe0, 0x12, 0x00, 0x6f, 0x00, 0xc8, 0xc2, 0xdd, 0xac, 0x3e, 0x06, 0x33, 0x6c, 0xa6,
0x08, 0xc8, 0xc2, 0x9d, 0xac, 0x3e, 0x06, 0x33, 0x60, 0xc5, 0x31, 0x2c, 0xc7, 0x00, 0xc4, 0xea,
0xef, 0xff, 0x00, 0xf8, 0xc0, 0xea, 0xef, 0xff, 0xc4, 0xea, 0xef, 0xff, 0x3c, 0xe7, 0xf0, 0x47,
0x24, 0xbf, 0x00, 0x10, 0x98, 0xe0, 0x1c, 0x00, 0x6f, 0x00, 0x2c, 0xe7, 0x40, 0x94, 0xe7, 0x00,
0x0c, 0x00, 0x00, 0x40, 0x07, 0x8f, 0xc0, 0x0a, 0xef, 0xff, 0x0e, 0x50, 0x98, 0xe0, 0x12, 0x00,
0x6f, 0x00, 0xc8, 0xc2, 0xdd, 0xac, 0x3e, 0x06, 0x33, 0x6c, 0xa6, 0x08, 0xc8, 0xc2, 0x9d, 0xac,
0x3e, 0x06, 0x33, 0x60, 0xc5, 0x31, 0x2c, 0xc7, 0x00, 0xc4, 0xea, 0xef, 0xff, 0x00, 0xf8, 0xc0,
0xea, 0xef, 0xff, 0xc4, 0xea, 0xef, 0xff, 0x3c, 0xe7, 0xf0, 0x47, 0x24, 0xbf, 0x00, 0xe0, 0x04,
0x67, 0x47, 0xb4, 0x20, 0x47, 0xa4, 0x40, 0x31, 0x41, 0x08, 0x04, 0xe3, 0xc0, 0xea, 0xef, 0xff,
0xc4, 0xe2, 0x3d, 0xac, 0xd0, 0x40, 0x73, 0xc8, 0x00, 0xe8, 0xc0, 0xe2, 0x3d, 0xac, 0xcc, 0xe2,
0x7f, 0xf7, 0x2c, 0xc7, 0x40, 0x94, 0xc6, 0xff, 0xff, 0x87, 0xff, 0x98, 0xc6, 0x00, 0x00, 0x50,
0x00, 0x2c, 0xc7, 0x00, 0xcc, 0xe2, 0x7f, 0xf7, 0x2c, 0xc7, 0x40, 0x38, 0xc6, 0x20, 0x2c, 0xc7,
0x00, 0xcc, 0xe2, 0x77, 0xf7, 0x2c, 0xc7, 0x40, 0x94, 0xc6, 0xdf, 0xff, 0xff, 0xff, 0x2c, 0xc7,
0x00, 0xcc, 0xe2, 0x4f, 0xf7, 0x2c, 0xc7, 0x40, 0x94, 0xc6, 0xff, 0xff, 0xff, 0xf8, 0x98, 0xc6,
0x00, 0x00, 0x00, 0x05, 0x2c, 0xc7, 0x00, 0xcc, 0xe2, 0x77, 0xf7, 0x2c, 0xc7, 0x40, 0x94, 0xc6,
0xef, 0xff, 0xff, 0xff, 0x2c, 0xc7, 0x00, 0xcc, 0xe2, 0x7f, 0xf7, 0x2c, 0xc7, 0x40, 0x94, 0xc6,
0xff, 0xff, 0xff, 0x7f, 0x2c, 0xc7, 0x00, 0xcc, 0xe2, 0x7f, 0xf7, 0x2c, 0xc7, 0x40, 0x94, 0xc6,
0xff, 0xfb, 0xff, 0xff, 0x2c, 0xc7, 0x00, 0xcc, 0xe2, 0x4f, 0xf7, 0x2c, 0xc7, 0x40, 0x98, 0xc6,
0x00, 0x02, 0x00, 0x00, 0x2c, 0xc7, 0x00, 0xcc, 0xe2, 0x4f, 0xf7, 0x2c, 0xc7, 0x40, 0x98, 0xc6,
0x00, 0x00, 0x00, 0x10, 0x2c, 0xc7, 0x00, 0xcc, 0xe2, 0x4f, 0xf7, 0x2c, 0xc7, 0x40, 0x94, 0xc6,
0xff, 0xff, 0xff, 0xf7, 0x2c, 0xc7, 0x00, 0xcc, 0xe2, 0x7f, 0xf7, 0x2c, 0xc7, 0x40, 0x38, 0xc6,
0x10, 0x2c, 0xc7, 0x00, 0x38, 0x60, 0x28, 0x4a, 0xbd, 0x17, 0xcc, 0xe2, 0x77, 0xf7, 0x2c, 0xc7,
0x40, 0x94, 0xc6, 0xff, 0xfe, 0xff, 0xff, 0x2c, 0xc7, 0x00, 0xcc, 0xe2, 0x77, 0xf7, 0x2c, 0xc7,
0x40, 0x94, 0xc6, 0xfd, 0xff, 0xff, 0xff, 0x2c, 0xc7, 0x00, 0x00, 0x64, 0x4b, 0x23, 0x17, 0xcc,
0xe2, 0x77, 0xf7, 0x2c, 0xc7, 0x40, 0x94, 0xc6, 0xfe, 0xff, 0xff, 0xff, 0x2c, 0xc7, 0x00, 0xcc,
0xe2, 0x77, 0xf7, 0x2c, 0xc7, 0x40, 0x94, 0xc6, 0xff, 0x7f, 0xff, 0xff, 0x2c, 0xc7, 0x00, 0x38,
0x60, 0x5f, 0x4a, 0xdd, 0x17, 0xcc, 0xe2, 0x77, 0xf7, 0x2c, 0xc7, 0x40, 0x94, 0xc6, 0xfb, 0xff,
0xff, 0xff, 0x2c, 0xc7, 0x00, 0x38, 0x60, 0x50, 0x4b, 0xad, 0x17, 0x00, 0x68, 0x49, 0x2d, 0x17,
0xcc, 0xe2, 0x7f, 0xf7, 0x2c, 0xc7, 0x40, 0x94, 0xc6, 0xef, 0xff, 0xff, 0xff, 0x2c, 0xc7, 0x00,
0x47, 0xb4, 0x40, 0xcd, 0x41, 0x3f, 0xff, 0x05, 0x41, 0xcc, 0x6a, 0x2f, 0xff, 0xcc, 0x8a, 0x0f,
0xff, 0x00, 0x10, 0x98, 0xe0, 0x1c, 0x00, 0x6f, 0x00, 0x2c, 0xe7, 0x40, 0x34, 0xe7, 0x0c, 0x40,
0x07, 0x2f, 0x0f, 0xe0, 0x98, 0xe0, 0x12, 0x00, 0x6f, 0x00, 0xcc, 0xca, 0x4f, 0xff, 0x6c, 0xa6,
0x08, 0xcc, 0xca, 0x6f, 0xff, 0x94, 0xc6, 0xff, 0xff, 0x00, 0x00, 0x60, 0xc5, 0x31, 0x2c, 0xc7,
0x00, 0x98, 0xe0, 0x1c, 0x00, 0x6f, 0x00, 0x2c, 0xe7, 0x40, 0x94, 0xe7, 0x00, 0xc0, 0x00, 0x00,
0x40, 0x07, 0x2b, 0xcd, 0x41, 0x7f, 0xff, 0x47, 0xd2, 0x48, 0x47, 0xa4, 0x10, 0x31, 0x41, 0x14,
0xcc, 0x0a, 0x2f, 0xff, 0xcc, 0x0a, 0x0f, 0xff, 0xd8, 0xe0, 0x1b, 0x3b, 0xc8, 0xea, 0x77, 0xff,
0xd8, 0xe0, 0x14, 0xc4, 0xc8, 0xea, 0x37, 0xff, 0xd8, 0xe0, 0x1b, 0x3b, 0xc8, 0xea, 0x57, 0xff,
0xd8, 0xe0, 0x14, 0xc4, 0xc8, 0xea, 0x17, 0xff, 0xc0, 0x0a, 0xe7, 0xff, 0xc0, 0x0a, 0x67, 0xff,
0xcc, 0x0a, 0x07, 0xff, 0xc8, 0x02, 0x1d, 0xac, 0xc8, 0x02, 0x5d, 0xac, 0x46, 0x03, 0x40, 0xcc,
0xea, 0x47, 0xff, 0x00, 0xf8, 0xcc, 0xea, 0x07, 0xff, 0xc4, 0xea, 0x67, 0xff, 0xd1, 0xf0, 0x7b,
0x00, 0x38, 0xe0, 0xfe, 0xcc, 0xea, 0x3b, 0xff, 0x0d, 0x40, 0xd8, 0xe0, 0xff, 0xf8, 0xcc, 0xea,
0x3b, 0xff, 0xcc, 0xca, 0x7b, 0xff, 0xcc, 0xea, 0x47, 0xff, 0x60, 0xc6, 0x38, 0xcc, 0xea, 0x7b,
0xff, 0x6c, 0xe7, 0x82, 0xd3, 0x8e, 0x6b, 0x40, 0x00, 0x6e, 0x49, 0xea, 0xe0, 0x04, 0xe3, 0x34,
0xc7, 0x80, 0xcc, 0xea, 0x6f, 0xff, 0x08, 0xe6, 0xcc, 0xea, 0x2f, 0xff, 0x38, 0x60, 0x10, 0x4a,
0x4a, 0xe0, 0x04, 0xe3, 0x34, 0xc7, 0x80, 0xcc, 0xea, 0x4f, 0xff, 0x08, 0xe6, 0xcc, 0xea, 0x0f,
0xff, 0xc4, 0xea, 0xe7, 0xff, 0x34, 0xe7, 0xc0, 0xd0, 0x30, 0x76, 0xc4, 0xcc, 0xca, 0x7b, 0xff,
0xcc, 0xea, 0x47, 0xff, 0x60, 0xc6, 0x38, 0xcc, 0xea, 0x7b, 0xff, 0xd2, 0xcc, 0x7c, 0x44, 0xcc,
0xea, 0x7b, 0xff, 0x6c, 0xe7, 0x42, 0xcc, 0xea, 0x3b, 0xff, 0xc4, 0xea, 0xe7, 0xff, 0x34, 0xe7,
0x80, 0xd0, 0x40, 0x75, 0xf0, 0xcc, 0xca, 0x7b, 0xff, 0xcc, 0xea, 0x6f, 0xff, 0xd3, 0x0c, 0x79,
0x60, 0xc8, 0xea, 0xb7, 0xff, 0x3e, 0x07, 0x33, 0xc8, 0xea, 0xf7, 0xff, 0x3e, 0x07, 0x3b, 0x60,
0xe6, 0x3d, 0x3c, 0xc7, 0x50, 0x47, 0x23, 0x40, 0xc8, 0xe2, 0x9d, 0xac, 0xc8, 0xea, 0x37, 0xff,
0xc8, 0xe2, 0x9d, 0xac, 0x3e, 0x07, 0x3b, 0x04, 0xc7, 0xc8, 0xea, 0xf7, 0xff, 0x3e, 0x07, 0x3b,
0x08, 0xe6, 0x6c, 0xc7, 0xf9, 0x08, 0xe6, 0x6c, 0xe7, 0x82, 0x3e, 0x07, 0x3b, 0xc8, 0xe2, 0x1d,
0xac, 0xc8, 0xe2, 0x9d, 0xac, 0x3e, 0x07, 0x3b, 0x9e, 0x07, 0x36, 0x77, 0xff, 0xff, 0x47, 0x2d,
0xe0, 0xc4, 0xea, 0xe7, 0xff, 0x38, 0xe7, 0x80, 0xc0, 0xea, 0xe7, 0xff, 0xd8, 0xe0, 0x36, 0x77,
0xc8, 0xe2, 0x1d, 0xac, 0x0e, 0x98, 0xc8, 0xea, 0xb7, 0xff, 0x3e, 0x07, 0x33, 0xc8, 0xea, 0xf7,
0xff, 0x3e, 0x07, 0x3b, 0x60, 0xe6, 0x3d, 0x3c, 0xc7, 0x50, 0x47, 0x23, 0x40, 0xc8, 0xe2, 0x9d,
0xac, 0xc8, 0xea, 0x77, 0xff, 0xc8, 0xe2, 0x9d, 0xac, 0x3e, 0x07, 0x3b, 0x04, 0xc7, 0xc8, 0xea,
0xb7, 0xff, 0x3e, 0x07, 0x3b, 0x08, 0xe6, 0x6c, 0xc7, 0xf9, 0x08, 0xe6, 0x6c, 0xe7, 0x82, 0x3e,
0x07, 0x3b, 0xc8, 0xe2, 0x1d, 0xac, 0xc8, 0xe2, 0x9d, 0xac, 0x3e, 0x07, 0x3b, 0x9f, 0x07, 0x29,
0x88, 0x00, 0x00, 0x47, 0x26, 0x80, 0xc4, 0xea, 0xe7, 0xff, 0x38, 0xe7, 0x80, 0xc0, 0xea, 0xe7,
0xff, 0xd8, 0xe0, 0x29, 0x88, 0xc8, 0xe2, 0x1d, 0xac, 0xc8, 0xea, 0xb7, 0xff, 0x3e, 0x07, 0x33,
0xc8, 0xea, 0xf7, 0xff, 0x3e, 0x07, 0x3b, 0x60, 0xe6, 0x3d, 0x3c, 0x87, 0x50, 0x47, 0x27, 0x00,
0xc4, 0xea, 0xe7, 0xff, 0x38, 0xe7, 0x80, 0xc0, 0xea, 0xe7, 0xff, 0xc4, 0xea, 0xe7, 0xff, 0x34,
0xe7, 0x40, 0xd0, 0x40, 0x75, 0xf0, 0xcc, 0xca, 0x7b, 0xff, 0xcc, 0xea, 0x4f, 0xff, 0xd3, 0x0c,
0x79, 0x60, 0xc8, 0xea, 0x97, 0xff, 0x3e, 0x07, 0x33, 0xc8, 0xea, 0xd7, 0xff, 0x3e, 0x07, 0x3b,
0x60, 0xe6, 0x3d, 0x3c, 0xc7, 0x50, 0x47, 0x23, 0x40, 0xc8, 0xe2, 0xdd, 0xac, 0xc8, 0xea, 0x17,
0xff, 0xc8, 0xe2, 0xdd, 0xac, 0x3e, 0x07, 0x3b, 0x04, 0xc7, 0xc8, 0xea, 0xd7, 0xff, 0x3e, 0x07,
0x3b, 0x08, 0xe6, 0x6c, 0xc7, 0xf9, 0x08, 0xe6, 0x6c, 0xe7, 0x82, 0x3e, 0x07, 0x3b, 0xc8, 0xe2,
0x5d, 0xac, 0xc8, 0xe2, 0xdd, 0xac, 0x3e, 0x07, 0x3b, 0x9e, 0x07, 0x36, 0x77, 0xff, 0xff, 0x47,
0x2d, 0xe0, 0xc4, 0xea, 0xe7, 0xff, 0x38, 0xe7, 0x40, 0xc0, 0xea, 0xe7, 0xff, 0xd8, 0xe0, 0x36,
0x77, 0xc8, 0xe2, 0x5d, 0xac, 0x0e, 0x98, 0xc8, 0xea, 0x97, 0xff, 0x3e, 0x07, 0x33, 0xc8, 0xea,
0xd7, 0xff, 0x3e, 0x07, 0x3b, 0x60, 0xe6, 0x3d, 0x3c, 0xc7, 0x50, 0x47, 0x23, 0x40, 0xc8, 0xe2,
0xdd, 0xac, 0xc8, 0xea, 0x57, 0xff, 0xc8, 0xe2, 0xdd, 0xac, 0x3e, 0x07, 0x3b, 0x04, 0xc7, 0xc8,
0xea, 0x97, 0xff, 0x3e, 0x07, 0x3b, 0x08, 0xe6, 0x6c, 0xc7, 0xf9, 0x08, 0xe6, 0x6c, 0xe7, 0x82,
0x3e, 0x07, 0x3b, 0xc8, 0xe2, 0x5d, 0xac, 0xc8, 0xe2, 0xdd, 0xac, 0x3e, 0x07, 0x3b, 0x9f, 0x07,
0x29, 0x88, 0x00, 0x00, 0x47, 0x26, 0x80, 0xc4, 0xea, 0xe7, 0xff, 0x38, 0xe7, 0x40, 0xc0, 0xea,
0xe7, 0xff, 0xd8, 0xe0, 0x29, 0x88, 0xc8, 0xe2, 0x5d, 0xac, 0xc8, 0xea, 0x97, 0xff, 0x3e, 0x07,
0x33, 0xc8, 0xea, 0xd7, 0xff, 0x3e, 0x07, 0x3b, 0x60, 0xe6, 0x3d, 0x3c, 0x87, 0x50, 0x47, 0x27,
0x00, 0xc4, 0xea, 0xe7, 0xff, 0x38, 0xe7, 0x40, 0xc0, 0xea, 0xe7, 0xff, 0xc4, 0xea, 0x67, 0xff,
0x00, 0xf8, 0xc0, 0xea, 0x67, 0xff, 0xcc, 0x0a, 0x2f, 0xff, 0xcc, 0x0a, 0x0f, 0xff, 0xc8, 0xe2,
0x9d, 0xac, 0x3e, 0x07, 0x3b, 0x04, 0xc7, 0xc8, 0xe2, 0xdd, 0xac, 0x3e, 0x07, 0x3b, 0x04, 0x66,
0x04, 0x87, 0x4a, 0x34, 0xff, 0xc4, 0xea, 0xe7, 0xff, 0x40, 0xc7, 0xb0, 0xc4, 0xea, 0xe7, 0xff,
0xd0, 0x70, 0x7f, 0xcb, 0x0c, 0x80, 0x00, 0x10, 0x47, 0xb4, 0x10, 0x47, 0xa4, 0x00, 0x31, 0x41,
0x10, 0x4a, 0x2f, 0x80, 0x98, 0x60, 0x22, 0x35, 0x00, 0x00, 0x38, 0x80, 0x08, 0x48, 0x14, 0x7f,
0x00, 0x68, 0x49, 0x33, 0x7f, 0x4a, 0xac, 0xff, 0xc8, 0xe2, 0x9d, 0xac, 0x3e, 0x07, 0x3b, 0x04,
0xc7, 0xc8, 0xe2, 0xdd, 0xac, 0x3e, 0x07, 0x3b, 0x98, 0x60, 0x15, 0x00, 0x80, 0x00, 0x04, 0x86,
0x04, 0xa7, 0x4b, 0xc1, 0x40, 0x47, 0xb4, 0x00, 0x47, 0xa4, 0x40, 0x31, 0x41, 0x08, 0x04, 0xc3,
0x04, 0xe4, 0xcc, 0xaa, 0x0f, 0xff, 0xc0, 0xca, 0xef, 0xff, 0xc0, 0xea, 0x6f, 0xff, 0xc4, 0xea,
0xef, 0xff, 0x3c, 0xe7, 0x58, 0x47, 0x35, 0x10, 0xc4, 0xea, 0xef, 0xff, 0x04, 0x67, 0x00, 0x80,
0x00, 0xa8, 0x00, 0xc0, 0x4a, 0xa6, 0x00, 0x98, 0xe0, 0x31, 0x00, 0x2f, 0x00, 0xc4, 0xca, 0xef,
0xff, 0x00, 0xa8, 0x60, 0xc5, 0x36, 0x2c, 0xc7, 0x00, 0x98, 0xe0, 0x11, 0x00, 0x2f, 0x00, 0x98,
0xc0, 0x11, 0x00, 0x2f, 0x00, 0x2c, 0xa6, 0x40, 0xc4, 0xca, 0xef, 0xff, 0x00, 0x88, 0x60, 0xc4,
0x36, 0x60, 0xc6, 0x33, 0x60, 0xa5, 0x30, 0xc4, 0xca, 0x6f, 0xff, 0x34, 0x86, 0x80, 0xc4, 0xca,
0xef, 0xff, 0x60, 0xc4, 0x36, 0x60, 0xc5, 0x31, 0x2c, 0xc7, 0x00, 0xc4, 0xea, 0xef, 0xff, 0x6c,
0xc7, 0x40, 0xd8, 0xe2, 0x03, 0xac, 0x08, 0xe6, 0xcc, 0xca, 0x4f, 0xff, 0x2c, 0xc7, 0x00, 0x98,
0xe0, 0x21, 0x00, 0x2f, 0x00, 0x98, 0xc0, 0x21, 0x00, 0x2f, 0x00, 0x2c, 0xa6, 0x40, 0xc4, 0xca,
0xef, 0xff, 0x00, 0x88, 0x60, 0xc4, 0x36, 0x60, 0xc5, 0x31, 0x2c, 0xc7, 0x00, 0x0c, 0x80, 0x00,
0x10, 0x47, 0xb4, 0x40, 0xcd, 0x41, 0x3f, 0xff, 0x05, 0x41, 0x04, 0xe3, 0xc0, 0xea, 0xef, 0xff,
0xc4, 0xea, 0xef, 0xff, 0x3c, 0xe7, 0x58, 0x47, 0x31, 0xc0, 0x98, 0xe0, 0x31, 0x00, 0x2f, 0x00,
0xc4, 0xca, 0xef, 0xff, 0x00, 0xa8, 0x60, 0xc5, 0x36, 0x2c, 0xc7, 0x00, 0x98, 0xe0, 0x21, 0x00,
0x2f, 0x00, 0x98, 0xc0, 0x21, 0x00, 0x2f, 0x00, 0x2c, 0xa6, 0x40, 0xc4, 0xca, 0xef, 0xff, 0x00,
0x88, 0x60, 0xc4, 0x36, 0x60, 0xc6, 0x33, 0x60, 0xc5, 0x30, 0x2c, 0xc7, 0x00, 0x0c, 0x80, 0x00,
0x10, 0xcd, 0x41, 0x7f, 0xff, 0x47, 0xd2, 0x48, 0xcd, 0x41, 0x3f, 0xff, 0x05, 0x41, 0x04, 0xe3,
0xc0, 0xea, 0xef, 0xff, 0xc4, 0xea, 0xef, 0xff, 0x3c, 0xe7, 0x58, 0x47, 0x3a, 0x80, 0xc4, 0xea,
0xef, 0xff, 0x6c, 0xc7, 0x40, 0xd8, 0xe2, 0x03, 0xac, 0x08, 0xe6, 0x2c, 0x07, 0x00, 0x0c, 0x80,
0x00, 0x10, 0xcd, 0x41, 0x7f, 0xff, 0x47, 0xd2, 0x48, 0x47, 0xa4, 0x40, 0x31, 0x41, 0x08, 0x98,
0xe0, 0x31, 0x00, 0x2f, 0x00, 0x2c, 0xe7, 0x40, 0xcc, 0xea, 0x0f, 0xff, 0xcc, 0x0a, 0x2f, 0xff,
0x0c, 0xc8, 0xcc, 0xca, 0x4f, 0xff, 0xcc, 0xea, 0x6f, 0xff, 0x60, 0xe6, 0x3f, 0x34, 0xe7, 0x80,
0x40, 0x07, 0x4c, 0xcc, 0xea, 0x6f, 0xff, 0x6c, 0xc7, 0x40, 0xd8, 0xe2, 0x03, 0xac, 0x08, 0xe6,
0x2c, 0xe7, 0x40, 0x40, 0x07, 0xf8, 0xcc, 0xea, 0x6f, 0xff, 0x6c, 0xc7, 0x40, 0xd8, 0xe2, 0x03,
0xac, 0x08, 0xe6, 0x2c, 0xe7, 0x40, 0xcc, 0xca, 0x6f, 0xff, 0x3e, 0x06, 0x30, 0x04, 0x66, 0x47,
0xd1, 0x38, 0xcc, 0xea, 0x6f, 0xff, 0x00, 0xf8, 0xcc, 0xea, 0x2f, 0xff, 0xcc, 0xea, 0x6f, 0xff,
0x3c, 0xc7, 0x58, 0x47, 0x2f, 0x5f, 0x98, 0xe0, 0x31, 0x00, 0x2f, 0x00, 0xcc, 0xca, 0x4f, 0xff,
0x2c, 0xc7, 0x00, 0x98, 0xe0, 0x31, 0x00, 0x2f, 0x00, 0x2c, 0xc7, 0x40, 0xcc, 0xea, 0x4f, 0xff,
0x60, 0xe6, 0x38, 0x41, 0x07, 0xc7, 0x47, 0xb4, 0x40, 0xcd, 0x41, 0x3f, 0xff, 0x05, 0x41, 0x06,
0xe3, 0x04, 0xe4, 0xcc, 0xaa, 0x17, 0xff, 0xcc, 0xca, 0x27, 0xff, 0xc2, 0xea, 0xf7, 0xff, 0xc0,
0xea, 0x77, 0xff, 0xcc, 0x0a, 0x2f, 0xff, 0xc4, 0xea, 0xf7, 0xff, 0x3c, 0xe7, 0x58, 0x47, 0x3f,
0x10, 0xc4, 0xea, 0x77, 0xff, 0x34, 0xe7, 0x40, 0x40, 0x07, 0x68, 0xcc, 0xea, 0x6f, 0xff, 0x94,
0xe7, 0xcf, 0xff, 0xff, 0xff, 0x38, 0xe7, 0x10, 0xcc, 0xea, 0x2f, 0xff, 0x0f, 0x90, 0xc4, 0xea,
0x77, 0xff, 0x34, 0xe7, 0x80, 0x40, 0x07, 0xc8, 0xcc, 0xea, 0x6f, 0xff, 0x94, 0xe7, 0xcf, 0xff,
0xff, 0xff, 0xcc, 0xea, 0x2f, 0xff, 0x0e, 0xc0, 0xcc, 0xea, 0x6f, 0xff, 0x38, 0xe7, 0x30, 0xcc,
0xea, 0x2f, 0xff, 0xcc, 0xea, 0x57, 0xff, 0x41, 0x87, 0x08, 0xcc, 0xea, 0x6f, 0xff, 0x38, 0xe7,
0x04, 0xcc, 0xea, 0x2f, 0xff, 0x0c, 0x20, 0xcc, 0xea, 0x6f, 0xff, 0x94, 0xe7, 0xfb, 0xff, 0xff,
0xff, 0xcc, 0xea, 0x2f, 0xff, 0xcc, 0xea, 0x67, 0xff, 0x41, 0x87, 0x70, 0xcc, 0xea, 0x6f, 0xff,
0x38, 0xe7, 0x08, 0xcc, 0xea, 0x2f, 0xff, 0xc4, 0xea, 0xf7, 0xff, 0x6c, 0xe7, 0x40, 0x90, 0xe7,
0x00, 0x00, 0x2f, 0x00, 0xcc, 0xca, 0x6f, 0xff, 0x2c, 0xc7, 0x00, 0x0c, 0x80, 0x00, 0x10, 0xcd,
0x41, 0x7f, 0xff, 0x47, 0xd2, 0x48, 0xcd, 0x41, 0x3f, 0xff, 0x05, 0x41, 0x04, 0xe3, 0xcc, 0x8a,
0x0f, 0xff, 0xc0, 0xea, 0xef, 0xff, 0xc4, 0xea, 0xef, 0xff, 0x3c, 0xe7, 0x58, 0x47, 0x3e, 0xa0,
0xcc, 0xea, 0x4f, 0xff, 0x41, 0x87, 0x14, 0xc4, 0xea, 0xef, 0xff, 0x6c, 0xe7, 0x40, 0x90, 0xe7,
0x00, 0x00, 0x2f, 0x00, 0xc4, 0xca, 0xef, 0xff, 0x6c, 0xc6, 0x40, 0x90, 0xc6, 0x00, 0x00, 0x2f,
0x00, 0x2c, 0xc6, 0x40, 0x38, 0xc6, 0x40, 0x2c, 0xc7, 0x00, 0x0c, 0xd0, 0xc4, 0xea, 0xef, 0xff,
0x6c, 0xe7, 0x40, 0x90, 0xe7, 0x00, 0x00, 0x2f, 0x00, 0xc4, 0xca, 0xef, 0xff, 0x6c, 0xc6, 0x40,
0x90, 0xc6, 0x00, 0x00, 0x2f, 0x00, 0x2c, 0xc6, 0x40, 0x94, 0xc6, 0xbf, 0xff, 0xff, 0xff, 0x2c,
0xc7, 0x00, 0x0c, 0x80, 0x00, 0x10, 0xcd, 0x41, 0x7f, 0xff, 0x47, 0xd2, 0x48, 0xcd, 0x41, 0x3f,
0xff, 0x05, 0x41, 0x04, 0xe3, 0xc0, 0xea, 0xef, 0xff, 0xc4, 0xea, 0xef, 0xff, 0x3c, 0xe7, 0x58,
0x47, 0x36, 0x60, 0xc4, 0xea, 0xef, 0xff, 0x6c, 0xe7, 0x40, 0x90, 0xe7, 0x00, 0x00, 0x2f, 0x00,
0x2c, 0xe7, 0x40, 0x34, 0xe7, 0x40, 0x40, 0x07, 0xd4, 0xc4, 0xea, 0xef, 0xff, 0x6c, 0xe7, 0x40,
0x90, 0xe7, 0x00, 0x00, 0x2f, 0x00, 0xc4, 0xca, 0xef, 0xff, 0x6c, 0xc6, 0x40, 0x90, 0xc6, 0x00,
0x00, 0x2f, 0x00, 0x2c, 0xc6, 0x40, 0x94, 0xc6, 0xbf, 0xff, 0xff, 0xff, 0x2c, 0xc7, 0x00, 0x0e,
0x50, 0xc4, 0xea, 0xef, 0xff, 0x6c, 0xe7, 0x40, 0x90, 0xe7, 0x00, 0x00, 0x2f, 0x00, 0xc4, 0xca,
0xef, 0xff, 0x6c, 0xc6, 0x40, 0x90, 0xc6, 0x00, 0x00, 0x2f, 0x00, 0x2c, 0xc6, 0x40, 0x38, 0xc6,
0x40, 0x2c, 0xc7, 0x00, 0x0c, 0x80, 0x00, 0x10, 0xcd, 0x41, 0x7f, 0xff, 0x47, 0xd2, 0x48, 0xcd,
0x41, 0x3f, 0xff, 0x05, 0x41, 0x04, 0xe3, 0xc0, 0xea, 0xef, 0xff, 0xc4, 0xea, 0xef, 0xff, 0x3c,
0xe7, 0x58, 0x47, 0x2e, 0x00, 0x00, 0xe0, 0x0f, 0x60, 0xc4, 0xea, 0xef, 0xff, 0x6c, 0xe7, 0x40,
0x90, 0xe7, 0x00, 0x00, 0x2f, 0x00, 0x2c, 0xe7, 0x40, 0x3e, 0x07, 0x38, 0x34, 0xe7, 0x80, 0x3e,
0x07, 0x38, 0x04, 0x67, 0xcd, 0x41, 0x7f, 0xff, 0x47, 0xd2, 0x48, 0xcd, 0x41, 0x3f, 0xff, 0x05,
0x41, 0x04, 0xe3, 0xc0, 0xea, 0xef, 0xff, 0xc4, 0xea, 0xef, 0xff, 0x41, 0x07, 0xcc, 0x98, 0xe0,
0x20, 0x00, 0x2f, 0x00, 0x38, 0xc0, 0x12, 0x2c, 0xc7, 0x00, 0x98, 0xe0, 0x00, 0x00, 0x2f, 0x00,
0x38, 0xc0, 0x12, 0x2c, 0xc7, 0x00, 0x98, 0xe0, 0x01, 0x00, 0x2f, 0x00, 0x98, 0xc0, 0x01, 0x00,
0x2f, 0x00, 0x2c, 0xc6, 0x40, 0x94, 0xc6, 0x3f, 0xff, 0xff, 0xff, 0x2c, 0xc7, 0x00, 0xcd, 0x41,
0x7f, 0xff, 0x47, 0xd2, 0x48, 0xcd, 0x41, 0x3f, 0xff, 0x05, 0x41, 0x98, 0xe0, 0x26, 0x00, 0x2f,
0x00, 0x38, 0xc0, 0x12, 0x2c, 0xc7, 0x00, 0x98, 0xe0, 0x16, 0x00, 0x2f, 0x00, 0x38, 0xc0, 0x12,
0x2c, 0xc7, 0x00, 0x98, 0xe0, 0x01, 0x00, 0x2f, 0x00, 0x98, 0xc0, 0x01, 0x00, 0x2f, 0x00, 0x2c,
0xc6, 0x40, 0x94, 0xc6, 0xff, 0xff, 0xff, 0x9f, 0x2c, 0xc7, 0x00, 0xcd, 0x41, 0x7f, 0xff, 0x47,
0xd2, 0x48, 0xcd, 0x41, 0x3f, 0xff, 0x05, 0x41, 0x98, 0xe0, 0x00, 0x00, 0x2f, 0x00, 0x38, 0xc0,
0x12, 0x2c, 0xc7, 0x00, 0x98, 0xe0, 0x20, 0x00, 0x2f, 0x00, 0x38, 0xc0, 0x12, 0x2c, 0xc7, 0x00,
0x98, 0xe0, 0x01, 0x00, 0x2f, 0x00, 0x98, 0xc0, 0x01, 0x00, 0x2f, 0x00, 0x2c, 0xc6, 0x40, 0x38,
0xc6, 0xc0, 0x2c, 0xc7, 0x00, 0xcd, 0x41, 0x7f, 0xff, 0x47, 0xd2, 0x48, 0xcd, 0x41, 0x3f, 0xff,
0x05, 0x41, 0x04, 0xe3, 0xc0, 0xea, 0xef, 0xff, 0xc4, 0xea, 0xef, 0xff, 0x41, 0x07, 0xd2, 0x98,
0xe0, 0x18, 0x00, 0x2f, 0x00, 0x38, 0xc0, 0x12, 0x2c, 0xc7, 0x00, 0x98, 0xe0, 0x38, 0x00, 0x2f,
0x00, 0x38, 0xc0, 0x12, 0x2c, 0xc7, 0x00, 0x98, 0xe0, 0x04, 0x00, 0x2f, 0x00, 0x38, 0xc0, 0x12,
0x2c, 0xc7, 0x00, 0x98, 0xe0, 0x24, 0x00, 0x2f, 0x00, 0x38, 0xc0, 0x12, 0x2c, 0xc7, 0x00, 0x98,
0xe0, 0x01, 0x00, 0x2f, 0x00, 0x98, 0xc0, 0x01, 0x00, 0x2f, 0x00, 0x2c, 0xc6, 0x40, 0x94, 0xc6,
0xfc, 0x3f, 0xff, 0xff, 0x2c, 0xc7, 0x00, 0xcd, 0x41, 0x7f, 0xff, 0x47, 0xd2, 0x48, 0xcd, 0x41,
0x3f, 0xff, 0x05, 0x41, 0x04, 0xe3, 0xc0, 0xea, 0xef, 0xff, 0x98, 0xe0, 0x38, 0x00, 0x2f, 0x00,
0x38, 0xc0, 0x12, 0x2c, 0xc7, 0x00, 0x98, 0xe0, 0x18, 0x00, 0x2f, 0x00, 0x38, 0xc0, 0x12, 0x2c,
0xc7, 0x00, 0x98, 0xe0, 0x04, 0x00, 0x2f, 0x00, 0x38, 0xc0, 0x12, 0x2c, 0xc7, 0x00, 0x98, 0xe0,
0x24, 0x00, 0x2f, 0x00, 0x38, 0xc0, 0x12, 0x2c, 0xc7, 0x00, 0x98, 0xe0, 0x01, 0x00, 0x2f, 0x00,
0x98, 0xc0, 0x01, 0x00, 0x2f, 0x00, 0x2c, 0xc6, 0x40, 0x98, 0xc6, 0x03, 0xc0, 0x00, 0x00, 0x2c,
0xc7, 0x00, 0xcd, 0x41, 0x7f, 0xff, 0x47, 0xd2, 0x48, 0xcd, 0x41, 0x3f, 0xff, 0x05, 0x41, 0x04,
0xe3, 0xc0, 0xea, 0xef, 0xff, 0xc4, 0xea, 0xef, 0xff, 0xd1, 0xe8, 0x7e, 0xf0, 0x6c, 0xe7, 0x40,
0x90, 0xe7, 0x3b, 0x00, 0x80, 0x00, 0x2c, 0xe7, 0x40, 0x47, 0xd2, 0x38, 0x98, 0xe0, 0x14, 0x00,
0x2f, 0x00, 0x38, 0xc0, 0x12, 0x2c, 0xc7, 0x00, 0x98, 0xe0, 0x01, 0x00, 0x2f, 0x00, 0x98, 0xc0,
0x01, 0x00, 0x2f, 0x00, 0x2c, 0xc6, 0x40, 0x94, 0xc6, 0xff, 0xdf, 0xff, 0xff, 0x2c, 0xc7, 0x00,
0x0d, 0x0c, 0x98, 0xe0, 0x34, 0x00, 0x2f, 0x00, 0x38, 0xc0, 0x12, 0x2c, 0xc7, 0x00, 0x98, 0xe0,
0x01, 0x00, 0x2f, 0x00, 0x98, 0xc0, 0x01, 0x00, 0x2f, 0x00, 0x2c, 0xc6, 0x40, 0x94, 0xc6, 0xff,
0xef, 0xff, 0xff, 0x2c, 0xc7, 0x00, 0x0c, 0xe4, 0x98, 0xe0, 0x12, 0x00, 0x2f, 0x00, 0x38, 0xc0,
0x12, 0x2c, 0xc7, 0x00, 0x98, 0xe0, 0x01, 0x00, 0x2f, 0x00, 0x98, 0xc0, 0x01, 0x00, 0x2f, 0x00,
0x2c, 0xc6, 0x40, 0x98, 0xc6, 0x00, 0x00, 0x20, 0x00, 0x2c, 0xc7, 0x00, 0x0d, 0xb8, 0x98, 0xe0,
0x32, 0x00, 0x2f, 0x00, 0x38, 0xc0, 0x12, 0x2c, 0xc7, 0x00, 0x98, 0xe0, 0x01, 0x00, 0x2f, 0x00,
0x98, 0xc0, 0x01, 0x00, 0x2f, 0x00, 0x2c, 0xc6, 0x40, 0x98, 0xc6, 0x00, 0x00, 0x10, 0x00, 0x2c,
0xc7, 0x00, 0x0c, 0x28, 0x98, 0xe0, 0x0a, 0x00, 0x2f, 0x00, 0x38, 0xc0, 0x12, 0x2c, 0xc7, 0x00,
0x98, 0xe0, 0x01, 0x00, 0x2f, 0x00, 0x98, 0xc0, 0x01, 0x00, 0x2f, 0x00, 0x2c, 0xc6, 0x40, 0x98,
0xc6, 0x00, 0x00, 0x08, 0x00, 0x2c, 0xc7, 0x00, 0x0d, 0x50, 0x98, 0xe0, 0x2a, 0x00, 0x2f, 0x00,
0x38, 0xc0, 0x12, 0x2c, 0xc7, 0x00, 0x98, 0xe0, 0x01, 0x00, 0x2f, 0x00, 0x98, 0xc0, 0x01, 0x00,
0x2f, 0x00, 0x2c, 0xc6, 0x40, 0x98, 0xc6, 0x00, 0x00, 0x04, 0x00, 0x2c, 0xc7, 0x00, 0x0c, 0x80,
0x00, 0x10, 0xcd, 0x41, 0x7f, 0xff, 0x47, 0xd2, 0x48, 0xcd, 0x41, 0x3f, 0xff, 0x05, 0x41, 0x04,
0xe3, 0xc0, 0xea, 0xef, 0xff, 0xc4, 0xea, 0xef, 0xff, 0x40, 0x87, 0xc8, 0x43, 0x87, 0x10, 0x40,
0x07, 0xdc, 0x0c, 0xb0, 0x40, 0x47, 0x68, 0x40, 0xc7, 0x84, 0x0c, 0xd0, 0x98, 0xe0, 0x08, 0x00,
0x2f, 0x00, 0x38, 0xc0, 0x10, 0x2c, 0xc7, 0x00, 0x0c, 0x90, 0x98, 0xe0, 0x28, 0x00, 0x2f, 0x00,
0x38, 0xc0, 0x10, 0x2c, 0xc7, 0x00, 0x0d, 0xa0, 0x98, 0xe0, 0x32, 0x00, 0x2f, 0x00, 0x38, 0xc0,
0x10, 0x2c, 0xc7, 0x00, 0x0c, 0x40, 0x00, 0x10, 0x0c, 0x80, 0x00, 0x10, 0xcd, 0x41, 0x7f, 0xff,
0x47, 0xd2, 0x48, 0xcd, 0x41, 0x3f, 0xff, 0x05, 0x41, 0x04, 0xc3, 0x04, 0xe4, 0xcc, 0xaa, 0x0f,
0xff, 0xc0, 0xca, 0xef, 0xff, 0xc0, 0xea, 0x6f, 0xff, 0x98, 0xe0, 0x00, 0x00, 0x01, 0x00, 0xc4,
0xca, 0xef, 0xff, 0x6c, 0xc6, 0x80, 0x34, 0xa6, 0xff, 0xc4, 0xca, 0x6f, 0xff, 0x6c, 0xc6, 0x10,
0x94, 0xc6, 0x00, 0xc0, 0x00, 0x00, 0x60, 0xa5, 0x31, 0xcc, 0xca, 0x4f, 0xff, 0x6c, 0xc6, 0x50,
0x94, 0xc6, 0x00, 0x20, 0x00, 0x00, 0x60, 0xc5, 0x31, 0x2c, 0xc7, 0x00, 0xcd, 0x41, 0x7f, 0xff,
0x47, 0xd2, 0x48, 0x47, 0xa4, 0x00, 0x31, 0x41, 0x10, 0x00, 0x60, 0x00, 0x88, 0x00, 0xa0, 0x48,
0x97, 0xff, 0x4b, 0x99, 0x77, 0x98, 0xe0, 0x03, 0x00, 0x2f, 0x00, 0x98, 0xc0, 0xff, 0xff, 0x00,
0x00, 0x2c, 0xc7, 0x00, 0x98, 0xe0, 0x23, 0x00, 0x2f, 0x00, 0x98, 0xc0, 0x95, 0xe9, 0xa9, 0x9e,
0x2c, 0xc7, 0x00, 0x98, 0xe0, 0x13, 0x00, 0x2f, 0x00, 0x98, 0xc0, 0x95, 0xe9, 0xa9, 0x9e, 0x2c,
0xc7, 0x00, 0x98, 0xe0, 0x33, 0x00, 0x2f, 0x00, 0x98, 0xc0, 0xff, 0xff, 0x00, 0x00, 0x2c, 0xc7,
0x00, 0x98, 0xe0, 0x0b, 0x00, 0x2f, 0x00, 0x98, 0xc0, 0xff, 0xff, 0x00, 0x00, 0x2c, 0xc7, 0x00,
0x98, 0xe0, 0x2b, 0x00, 0x2f, 0x00, 0x98, 0xc0, 0xff, 0xff, 0x00, 0x00, 0x2c, 0xc7, 0x00, 0x98,
0xe0, 0x1b, 0x00, 0x2f, 0x00, 0x98, 0xc0, 0x00, 0x00, 0x00, 0x1f, 0x2c, 0xc7, 0x00, 0x98, 0xe0,
0x3b, 0x00, 0x2f, 0x00, 0x98, 0xc0, 0x00, 0x00, 0x00, 0x1f, 0x2c, 0xc7, 0x00, 0x47, 0xb4, 0x00,
0xcd, 0x41, 0x3f, 0xff, 0x05, 0x41, 0x98, 0xe0, 0x00, 0x00, 0x01, 0x00, 0x98, 0xc0, 0x00, 0x00,
0x01, 0x00, 0x2c, 0xc6, 0x40, 0x38, 0xc6, 0x80, 0x2c, 0xc7, 0x00, 0xcd, 0x41, 0x7f, 0xff, 0x47,
0xd2, 0x48, 0x47, 0xa4, 0x00, 0x31, 0x41, 0x10, 0x98, 0xe0, 0x00, 0x01, 0x0f, 0x00, 0x2c, 0x07,
0x00, 0x98, 0xe0, 0x20, 0x00, 0x01, 0x00, 0x98, 0xc0, 0x20, 0x00, 0x01, 0x00, 0x2c, 0xc6, 0x40,
0x94, 0xc6, 0xdf, 0xff, 0xff, 0xff, 0x2c, 0xc7, 0x00, 0x00, 0x60, 0x48, 0x3f, 0x7f, 0x98, 0xe0,
0x20, 0x01, 0x0f, 0x00, 0xd8, 0xc0, 0x80, 0x04, 0x2c, 0xc7, 0x00, 0x98, 0xe0, 0x08, 0x01, 0x0f,
0x00, 0x38, 0xc0, 0x42, 0x2c, 0xc7, 0x00, 0x98, 0xe0, 0x18, 0x01, 0x0f, 0x00, 0x2c, 0x07, 0x00,
0x98, 0xe0, 0x38, 0x01, 0x0f, 0x00, 0x2c, 0x07, 0x00, 0x98, 0xe0, 0x00, 0x01, 0x0f, 0x00, 0x98,
0xc0, 0xd8, 0x47, 0x00, 0x00, 0x2c, 0xc7, 0x00, 0xcc, 0x02, 0x34, 0x6c, 0xcc, 0x02, 0x0c, 0x6c,
0x47, 0xb4, 0x00, 0xcd, 0x41, 0x3f, 0xff, 0x05, 0x41, 0x98, 0xe0, 0x00, 0x01, 0x0f, 0x00, 0x98,
0xc0, 0x00, 0x01, 0x0f, 0x00, 0x2c, 0xc6, 0x40, 0x94, 0xc6, 0x3f, 0xff, 0xff, 0xff, 0x38, 0xc6,
0x40, 0x2c, 0xc7, 0x00, 0xcd, 0x41, 0x7f, 0xff, 0x47, 0xd2, 0x48, 0xcd, 0x41, 0x3f, 0xff, 0x05,
0x41, 0x98, 0xe0, 0x28, 0x01, 0x0f, 0x00, 0x2c, 0xe7, 0x40, 0xcc, 0xea, 0x2f, 0xff, 0xcc, 0xea,
0x6f, 0xff, 0x34, 0xe7, 0x42, 0x40, 0x07, 0xb2, 0x0d, 0x30, 0xcc, 0xe2, 0x4c, 0x6c, 0x98, 0xc0,
0x30, 0x01, 0x0f, 0x00, 0x2c, 0xc6, 0x40, 0x3e, 0x06, 0x28, 0xd8, 0xc2, 0x0c, 0xe4, 0x08, 0xc7,
0x20, 0xa6, 0x00, 0x00, 0xf8, 0xcc, 0xe2, 0x0c, 0x6c, 0xcc, 0xe2, 0x4c, 0x6c, 0x9d, 0xc7, 0x01,
0x00, 0x00, 0x00, 0x47, 0x2e, 0x00, 0xcc, 0x02, 0x0c, 0x6c, 0x98, 0xe0, 0x10, 0x01, 0x0f, 0x00,
0x2c, 0xe7, 0x40, 0x94, 0xe7, 0x00, 0x00, 0x04, 0x00, 0x41, 0x07, 0x83, 0x00, 0xe8, 0xcc, 0xe2,
0x34, 0x6c, 0x98, 0xe0, 0x28, 0x01, 0x0f, 0x00, 0xcc, 0xca, 0x6f, 0xff, 0x2c, 0xc7, 0x00, 0xcd,
0x41, 0x7f, 0xff, 0x47, 0xd2, 0x48, 0xcd, 0x41, 0x3f, 0xff, 0x05, 0x41, 0x04, 0xe3, 0xc0, 0xea,
0xef, 0xff, 0x00, 0x10, 0x98, 0xe0, 0x10, 0x01, 0x0f, 0x00, 0x2c, 0xe7, 0x40, 0x94, 0xe7, 0x00,
0x00, 0x08, 0x00, 0x40, 0x07, 0x8f, 0x98, 0xe0, 0x30, 0x01, 0x0f, 0x00, 0xc4, 0xca, 0xef, 0xff,
0x2c, 0xc7, 0x00, 0xcd, 0x41, 0x7f, 0xff, 0x47, 0xd2, 0x48, 0x47, 0xa4, 0x40, 0x31, 0x41, 0x08,
0xcc, 0x6a, 0x2f, 0xff, 0xcc, 0x8a, 0x0f, 0xff, 0x0c, 0x60, 0xcc, 0xea, 0x6f, 0xff, 0x24, 0xe7,
0x00, 0xcc, 0xca, 0x6f, 0xff, 0x00, 0xd8, 0xcc, 0xca, 0x2f, 0xff, 0x04, 0x67, 0x4a, 0x57, 0xff,
0xcc, 0xea, 0x4f, 0xff, 0x3e, 0x07, 0x3c, 0x60, 0xe0, 0x3d, 0x6c, 0xe7, 0xf9, 0x3e, 0x07, 0x38,
0xcc, 0xca, 0x4f, 0xff, 0x00, 0xdf, 0xcc, 0xca, 0x0f, 0xff, 0x41, 0x07, 0x0b, 0x47, 0xb4, 0x40,
0x47, 0xa4, 0x40, 0x31, 0x41, 0x08, 0xcc, 0x6a, 0x2f, 0xff, 0x0d, 0xe0, 0xcc, 0xea, 0x6f, 0xff,
0x24, 0xe7, 0x00, 0x3e, 0x07, 0x39, 0x3e, 0x07, 0x38, 0xcc, 0xca, 0x6f, 0xff, 0x00, 0xd8, 0xcc,
0xca, 0x2f, 0xff, 0x04, 0x67, 0x4a, 0x1b, 0xff, 0xcc, 0xea, 0x6f, 0xff, 0x24, 0xe7, 0x00, 0x3e,
0x07, 0x39, 0x41, 0x07, 0x5b, 0x47, 0xb4, 0x40, 0xcd, 0x41, 0x3f, 0xff, 0x05, 0x41, 0x00, 0x10,
0x98, 0xe0, 0x10, 0x01, 0x0f, 0x00, 0x2c, 0xe7, 0x40, 0x94, 0xe7, 0x00, 0x00, 0x40, 0x00, 0x40,
0x07, 0x8f, 0xcd, 0x41, 0x7f, 0xff, 0x47, 0xd2, 0x48, 0xcd, 0x41, 0x3f, 0xff, 0x05, 0x41, 0x00,
0x10, 0x98, 0xe0, 0x10, 0x01, 0x0f, 0x00, 0x2c, 0xe7, 0x40, 0x94, 0xe7, 0x00, 0x00, 0x04, 0x00,
0x40, 0x07, 0x8f, 0x98, 0xe0, 0x30, 0x01, 0x0f, 0x00, 0x2c, 0xe7, 0x40, 0x3e, 0x07, 0x38, 0x04,
0x67, 0xcd, 0x41, 0x7f, 0xff, 0x47, 0xd2, 0x48, 0x47, 0xa4, 0x40, 0x31, 0x41, 0x08, 0xcc, 0x6a,
0x2f, 0xff, 0xcc, 0x8a, 0x0f, 0xff, 0xcc, 0xea, 0x6f, 0xff, 0x3e, 0x07, 0x38, 0x04, 0x67, 0x4b,
0x9d, 0xff, 0xcc, 0xea, 0x6f, 0xff, 0x04, 0x67, 0x47, 0xb4, 0x40, 0x47, 0xa4, 0x20, 0x31, 0x41,
0x18, 0xcc, 0x6a, 0x37, 0xff, 0x00, 0xef, 0xcc, 0xea, 0x2f, 0xff, 0x00, 0x10, 0x98, 0xe0, 0x10,
0x01, 0x0f, 0x00, 0x2c, 0xe7, 0x40, 0x94, 0xe7, 0x00, 0x00, 0x10, 0x00, 0x41, 0x07, 0x8f, 0x49,
0x47, 0xff, 0x04, 0xe3, 0xcc, 0xea, 0x2f, 0xff, 0xcc, 0xea, 0x6f, 0xff, 0x04, 0x67, 0x47, 0xb4,
0x20, 0x30, 0x21, 0x17, 0x2c, 0x81, 0x20, 0x2c, 0xa1, 0x10, 0x2c, 0xc1, 0x30, 0x2c, 0xe1, 0x08,
0x2d, 0x01, 0x28, 0x47, 0xa4, 0x21, 0xd9, 0x41, 0x18, 0x40, 0xcc, 0x6a, 0x37, 0xbf, 0x30, 0xea,
0x20, 0xcc, 0xea, 0x2f, 0xbf, 0xcc, 0xea, 0x6f, 0xbf, 0xd8, 0xca, 0x1f, 0xbf, 0x04, 0x66, 0xd8,
0x80, 0x00, 0x40, 0xcc, 0xaa, 0x77, 0xbf, 0x04, 0xc7, 0x4b, 0x3b, 0x90, 0xc0, 0x0a, 0xef, 0xff,
0xd8, 0xea, 0x1f, 0xbf, 0x04, 0x67, 0x49, 0x6d, 0xff, 0x4b, 0xc3, 0xff, 0x47, 0xc4, 0x21, 0x30,
0x21, 0x18, 0x47, 0xd2, 0x48, 0x47, 0xa4, 0x00, 0x31, 0x41, 0x10, 0x98, 0x60, 0x2f, 0x00, 0x80,
0x00, 0x4b, 0x94, 0x8f, 0x47, 0xb4, 0x00, 0x47, 0xa4, 0x00, 0x31, 0x41, 0x10, 0x38, 0x60, 0x04,
0x49, 0x47, 0x60, 0x04, 0xe3, 0x98, 0x60, 0x30, 0x80, 0x80, 0x00, 0x04, 0x87, 0x4b, 0x44, 0x8f,
0x47, 0xb4, 0x00, 0x47, 0xa4, 0x00, 0x31, 0x41, 0x10, 0x38, 0x60, 0x04, 0x49, 0xdb, 0x60, 0x04,
0xe3, 0x98, 0x60, 0x24, 0x80, 0x80, 0x00, 0x04, 0x87, 0x4b, 0xd8, 0x8f, 0x47, 0xb4, 0x00, 0x47,
0xa4, 0x00, 0x31, 0x41, 0x10, 0x38, 0x60, 0x04, 0x49, 0x2b, 0x60, 0x04, 0xe3, 0x98, 0x60, 0x02,
0x80, 0x80, 0x00, 0x04, 0x87, 0x4b, 0x28, 0x8f, 0x47, 0xb4, 0x00, 0x47, 0xa4, 0x00, 0x31, 0x41,
0x10, 0x98, 0x60, 0xca, 0x80, 0x80, 0x00, 0x4a, 0x08, 0x8f, 0x47, 0xb4, 0x00, 0x47, 0xa4, 0x00,
0x31, 0x41, 0x10, 0x98, 0x60, 0xa6, 0x80, 0x80, 0x00, 0x4b, 0xd0, 0x8f, 0x47, 0xb4, 0x00, 0x47,
0xa4, 0x00, 0x31, 0x41, 0x10, 0x98, 0x60, 0x21, 0x80, 0x80, 0x00, 0x4a, 0xe0, 0x8f, 0x47, 0xb4,
0x00, 0x47, 0xa4, 0x00, 0x31, 0x41, 0x10, 0x98, 0x60, 0x19, 0x80, 0x80, 0x00, 0x4b, 0x40, 0x8f,
0x47, 0xb4, 0x00, 0x47, 0xa4, 0x00, 0x31, 0x41, 0x10, 0x98, 0x60, 0xcd, 0x80, 0x80, 0x00, 0x4a,
0x7f, 0x0f, 0x47, 0xb4, 0x00, 0x47, 0xa4, 0x00, 0x31, 0x41, 0x10, 0x98, 0x60, 0x33, 0x80, 0x80,
0x00, 0x4b, 0x9f, 0x0f, 0x47, 0xb4, 0x00, 0x47, 0xa4, 0x00, 0x31, 0x41, 0x10, 0x98, 0x60, 0x7b,
0x80, 0x80, 0x00, 0x4a, 0xaf, 0x0f, 0x47, 0xb4, 0x00, 0x47, 0xa4, 0x00, 0x31, 0x41, 0x10, 0x98,
0x60, 0x3f, 0x80, 0x80, 0x00, 0x4b, 0x0f, 0x0f, 0x47, 0xb4, 0x00, 0xcd, 0x41, 0x3f, 0xff, 0x05,
0x41, 0xcc, 0x6a, 0x37, 0xff, 0xcc, 0x8a, 0x17, 0xff, 0xcc, 0xea, 0x57, 0xff, 0xcc, 0xea, 0x2f,
0xff, 0xcc, 0xea, 0x77, 0xff, 0xcc, 0xca, 0x6f, 0xff, 0x3e, 0x27, 0x31, 0xcd, 0x41, 0x7f, 0xff,
0x47, 0xd2, 0x48, 0x47, 0xa4, 0x20, 0x31, 0x41, 0x18, 0xcc, 0x6a, 0x37, 0xff, 0x38, 0x60, 0x88,
0x49, 0x79, 0x60, 0xcc, 0x6a, 0x2f, 0xff, 0xcc, 0xea, 0x77, 0xff, 0x40, 0x07, 0x28, 0xcc, 0xea,
0x6f, 0xff, 0x38, 0xe7, 0x20, 0x38, 0x60, 0x88, 0x04, 0x87, 0x4a, 0x07, 0xa0, 0x0c, 0xa0, 0xcc,
0xea, 0x6f, 0xff, 0x94, 0xe7, 0xdf, 0xff, 0xff, 0xff, 0x38, 0x60, 0x88, 0x04, 0x87, 0x4a, 0xdb,
0xa0, 0xcc, 0xea, 0x6f, 0xff, 0x34, 0xe7, 0x20, 0x04, 0x67, 0x47, 0xb4, 0x20, 0x47, 0xa4, 0x40,
0x31, 0x41, 0x08, 0xd8, 0x60, 0x10, 0x52, 0x00, 0x80, 0x49, 0x2b, 0xa0, 0xd8, 0x60, 0x00, 0x52,
0xd8, 0x80, 0x00, 0x80, 0x4b, 0x8b, 0xa0, 0xd8, 0x60, 0x11, 0xd2, 0x98, 0x80, 0xc2, 0x80, 0x00,
0x00, 0x49, 0x5b, 0xff, 0xd8, 0x60, 0x10, 0xd2, 0x00, 0x8a, 0x4a, 0x33, 0xa0, 0xd8, 0x60, 0x00,
0x02, 0x00, 0x88, 0x48, 0x53, 0xa0, 0x38, 0x60, 0x88, 0x4a, 0x01, 0x60, 0xcc, 0x6a, 0x2f, 0xff,
0xcc, 0xea, 0x6f, 0xff, 0x38, 0xe7, 0x20, 0xcc, 0xea, 0x2f, 0xff, 0x38, 0x60, 0x88, 0xcc, 0x8a,
0x6f, 0xff, 0x4a, 0x43, 0xa0, 0x47, 0xb4, 0x40, 0x47, 0xa4, 0x40, 0x31, 0x41, 0x08, 0xd8, 0x60,
0x10, 0x52, 0x00, 0x80, 0x4b, 0xbd, 0xa0, 0xd8, 0x60, 0x00, 0x02, 0x00, 0x80, 0x49, 0xdd, 0xa0,
0x38, 0x60, 0x88, 0x4b, 0x8e, 0x60, 0xcc, 0x6a, 0x2f, 0xff, 0xcc, 0xea, 0x6f, 0xff, 0x94, 0xe7,
0xdf, 0xff, 0xff, 0xff, 0xcc, 0xea, 0x2f, 0xff, 0x38, 0x60, 0x88, 0xcc, 0x8a, 0x6f, 0xff, 0x48,
0xcd, 0xa0, 0x47, 0xb4, 0x40, 0xcd, 0x41, 0x3f, 0xff, 0x05, 0x41, 0x98, 0xe0, 0x00, 0x01, 0x2f,
0x00, 0x98, 0xc0, 0x00, 0x00, 0x5a, 0x00, 0x2c, 0xc7, 0x00, 0x98, 0xe0, 0x00, 0x01, 0x2f, 0x00,
0x98, 0xc0, 0x00, 0x00, 0xa5, 0x00, 0x2c, 0xc7, 0x00, 0x00, 0x10, 0xcd, 0x41, 0x7f, 0xff, 0x47,
0xd2, 0x48, 0xcd, 0x41, 0x3f, 0xff, 0x05, 0x41, 0xcc, 0x6a, 0x37, 0xff, 0xcc, 0x0a, 0x2f, 0xff,
0x0d, 0x90, 0xcc, 0x0a, 0x0f, 0xff, 0x0c, 0xc0, 0xcc, 0xea, 0x4f, 0xff, 0x00, 0xf8, 0xcc, 0xea,
0x0f, 0xff, 0xcc, 0xea, 0x4f, 0xff, 0x3c, 0xc7, 0xc6, 0x47, 0x2f, 0x7f, 0xcc, 0xea, 0x6f, 0xff,
0x00, 0xf8, 0xcc, 0xea, 0x2f, 0xff, 0xcc, 0xca, 0x6f, 0xff, 0xcc, 0xea, 0x77, 0xff, 0xd3, 0x4e,
0x62, 0xbf, 0xcd, 0x41, 0x7f, 0xff, 0x47, 0xd2, 0x48, 0xcd, 0x41, 0x3f, 0xff, 0x05, 0x41, 0x98,
0xe0, 0x00, 0x00, 0x2f, 0x00, 0x38, 0xc0, 0x10, 0x2c, 0xc7, 0x00, 0x98, 0xe0, 0x20, 0x00, 0x2f,
0x00, 0x38, 0xc0, 0x10, 0x2c, 0xc7, 0x00, 0x98, 0xe0, 0x10, 0x00, 0x2f, 0x00, 0x38, 0xc0, 0x10,
0x2c, 0xc7, 0x00, 0x98, 0xe0, 0x30, 0x00, 0x2f, 0x00, 0x38, 0xc0, 0x10, 0x2c, 0xc7, 0x00, 0x98,
0xe0, 0x08, 0x00, 0x2f, 0x00, 0x38, 0xc0, 0x10, 0x2c, 0xc7, 0x00, 0x98, 0xe0, 0x28, 0x00, 0x2f,
0x00, 0x38, 0xc0, 0x10, 0x2c, 0xc7, 0x00, 0x98, 0xe0, 0x18, 0x00, 0x2f, 0x00, 0x38, 0xc0, 0x10,
0x2c, 0xc7, 0x00, 0x98, 0xe0, 0x38, 0x00, 0x2f, 0x00, 0x38, 0xc0, 0x10, 0x2c, 0xc7, 0x00, 0x98,
0xe0, 0x04, 0x00, 0x2f, 0x00, 0x38, 0xc0, 0x10, 0x2c, 0xc7, 0x00, 0x98, 0xe0, 0x24, 0x00, 0x2f,
0x00, 0x38, 0xc0, 0x10, 0x2c, 0xc7, 0x00, 0x98, 0xe0, 0x14, 0x00, 0x2f, 0x00, 0x38, 0xc0, 0x10,
0x2c, 0xc7, 0x00, 0x98, 0xe0, 0x34, 0x00, 0x2f, 0x00, 0x38, 0xc0, 0x10, 0x2c, 0xc7, 0x00, 0x98,
0xe0, 0x0c, 0x00, 0x2f, 0x00, 0x38, 0xc0, 0x10, 0x2c, 0xc7, 0x00, 0x98, 0xe0, 0x2c, 0x00, 0x2f,
0x00, 0x38, 0xc0, 0x10, 0x2c, 0xc7, 0x00, 0x98, 0xe0, 0x1c, 0x00, 0x2f, 0x00, 0x38, 0xc0, 0x10,
0x2c, 0xc7, 0x00, 0x98, 0xe0, 0x3c, 0x00, 0x2f, 0x00, 0x38, 0xc0, 0x10, 0x2c, 0xc7, 0x00, 0x98,
0xe0, 0x02, 0x00, 0x2f, 0x00, 0x38, 0xc0, 0x10, 0x2c, 0xc7, 0x00, 0x98, 0xe0, 0x22, 0x00, 0x2f,
0x00, 0x38, 0xc0, 0x10, 0x2c, 0xc7, 0x00, 0x98, 0xe0, 0x12, 0x00, 0x2f, 0x00, 0x38, 0xc0, 0x10,
0x2c, 0xc7, 0x00, 0x98, 0xe0, 0x32, 0x00, 0x2f, 0x00, 0x38, 0xc0, 0x10, 0x2c, 0xc7, 0x00, 0x98,
0xe0, 0x0a, 0x00, 0x2f, 0x00, 0x38, 0xc0, 0x10, 0x2c, 0xc7, 0x00, 0x98, 0xe0, 0x2a, 0x00, 0x2f,
0x00, 0x38, 0xc0, 0x10, 0x2c, 0xc7, 0x00, 0x98, 0xe0, 0x1a, 0x00, 0x2f, 0x00, 0x38, 0xc0, 0x10,
0x2c, 0xc7, 0x00, 0x98, 0xe0, 0x3a, 0x00, 0x2f, 0x00, 0x38, 0xc0, 0x10, 0x2c, 0xc7, 0x00, 0x98,
0xe0, 0x06, 0x00, 0x2f, 0x00, 0x38, 0xc0, 0x10, 0x2c, 0xc7, 0x00, 0x98, 0xe0, 0x26, 0x00, 0x2f,
0x00, 0x38, 0xc0, 0x10, 0x2c, 0xc7, 0x00, 0x98, 0xe0, 0x16, 0x00, 0x2f, 0x00, 0x38, 0xc0, 0x10,
0x2c, 0xc7, 0x00, 0x98, 0xe0, 0x01, 0x00, 0x2f, 0x00, 0x2c, 0x07, 0x00, 0xcd, 0x41, 0x7f, 0xff,
0x47, 0xd2, 0x48, 0x47, 0xa4, 0x00, 0x31, 0x41, 0x10, 0xcc, 0xe2, 0x7f, 0xf7, 0x2c, 0xc7, 0x40,
0x94, 0xc6, 0xff, 0xff, 0x87, 0xff, 0x98, 0xc6, 0x00, 0x00, 0x50, 0x00, 0x2c, 0xc7, 0x00, 0xcc,
0xe2, 0x7f, 0xf7, 0x2c, 0xc7, 0x40, 0x38, 0xc6, 0x20, 0x2c, 0xc7, 0x00, 0xcc, 0xe2, 0x77, 0xf7,
0x2c, 0xc7, 0x40, 0x94, 0xc6, 0xdf, 0xff, 0xff, 0xff, 0x2c, 0xc7, 0x00, 0xcc, 0xe2, 0x4f, 0xf7,
0x2c, 0xc7, 0x40, 0x94, 0xc6, 0xff, 0xff, 0xff, 0xf8, 0x98, 0xc6, 0x00, 0x00, 0x00, 0x05, 0x2c,
0xc7, 0x00, 0xcc, 0xe2, 0x77, 0xf7, 0x2c, 0xc7, 0x40, 0x94, 0xc6, 0xef, 0xff, 0xff, 0xff, 0x2c,
0xc7, 0x00, 0xcc, 0xe2, 0x7f, 0xf7, 0x2c, 0xc7, 0x40, 0x94, 0xc6, 0xff, 0xff, 0xff, 0x7f, 0x2c,
0xc7, 0x00, 0xcc, 0xe2, 0x7f, 0xf7, 0x2c, 0xc7, 0x40, 0x94, 0xc6, 0xff, 0xfb, 0xff, 0xff, 0x2c,
0xc7, 0x00, 0xcc, 0xe2, 0x4f, 0xf7, 0x2c, 0xc7, 0x40, 0x98, 0xc6, 0x00, 0x02, 0x00, 0x00, 0x2c,
0xc7, 0x00, 0xcc, 0xe2, 0x4f, 0xf7, 0x2c, 0xc7, 0x40, 0x98, 0xc6, 0x00, 0x00, 0x00, 0x10, 0x2c,
0xc7, 0x00, 0xcc, 0xe2, 0x4f, 0xf7, 0x2c, 0xc7, 0x40, 0x94, 0xc6, 0xff, 0xff, 0xff, 0xf7, 0x2c,
0xc7, 0x00, 0xcc, 0xe2, 0x7f, 0xf7, 0x2c, 0xc7, 0x40, 0x38, 0xc6, 0x10, 0x2c, 0xc7, 0x00, 0xd8,
0x60, 0x17, 0xc0, 0x4b, 0xe6, 0xff, 0xcc, 0xe2, 0x77, 0xf7, 0x2c, 0xc7, 0x40, 0x94, 0xc6, 0xff,
0xfe, 0xff, 0xff, 0x2c, 0xc7, 0x00, 0xcc, 0xe2, 0x77, 0xf7, 0x2c, 0xc7, 0x40, 0x94, 0xc6, 0xfd,
0xff, 0xff, 0xff, 0x2c, 0xc7, 0x00, 0xd8, 0x60, 0x17, 0xc0, 0x48, 0x7a, 0xff, 0xcc, 0xe2, 0x77,
0xf7, 0x2c, 0xc7, 0x40, 0x94, 0xc6, 0xfe, 0xff, 0xff, 0xff, 0x2c, 0xc7, 0x00, 0xcc, 0xe2, 0x77,
0xf7, 0x2c, 0xc7, 0x40, 0x94, 0xc6, 0xff, 0x7f, 0xff, 0xff, 0x2c, 0xc7, 0x00, 0x98, 0x60, 0x02,
0x39, 0x00, 0x00, 0x4b, 0xca, 0xff, 0xcc, 0xe2, 0x77, 0xf7, 0x2c, 0xc7, 0x40, 0x94, 0xc6, 0xfb,
0xff, 0xff, 0xff, 0x2c, 0xc7, 0x00, 0xd8, 0x60, 0x17, 0xc0, 0x48, 0x72, 0xff, 0xcc, 0xe2, 0x7f,
0xf7, 0x2c, 0xc7, 0x40, 0x94, 0xc6, 0xef, 0xff, 0xff, 0xff, 0x2c, 0xc7, 0x00, 0x98, 0xe0, 0x3b,
0x00, 0x2f, 0x00, 0x98, 0xc0, 0x3b, 0x00, 0x2f, 0x00, 0x2c, 0xc6, 0x40, 0x98, 0xc6, 0x00, 0x60,
0x00, 0x00, 0x2c, 0xc7, 0x00, 0x98, 0xe0, 0x3b, 0x00, 0x2f, 0x00, 0x98, 0xc0, 0x3b, 0x00, 0x2f,
0x00, 0x2c, 0xc6, 0x40, 0x98, 0xc6, 0x00, 0x18, 0x00, 0x00, 0x2c, 0xc7, 0x00, 0x98, 0xe0, 0x3b,
0x00, 0x2f, 0x00, 0x98, 0xc0, 0x3b, 0x00, 0x2f, 0x00, 0x2c, 0xc6, 0x40, 0x94, 0xc6, 0xff, 0xbf,
0xff, 0xff, 0x2c, 0xc7, 0x00, 0x98, 0xe0, 0x3b, 0x00, 0x2f, 0x00, 0x98, 0xc0, 0x3b, 0x00, 0x2f,
0x00, 0x2c, 0xc6, 0x40, 0x94, 0xc6, 0xff, 0xef, 0xff, 0xff, 0x2c, 0xc7, 0x00, 0x47, 0xb4, 0x00,
0xcd, 0x41, 0x3f, 0xff, 0x05, 0x41, 0x04, 0xe3, 0xc0, 0xea, 0xf7, 0xff, 0x98, 0xe0, 0x2b, 0x00,
0x2f, 0x00, 0x2c, 0xe7, 0x40, 0xcc, 0xea, 0x2f, 0xff, 0x98, 0xe0, 0x38, 0x00, 0x6f, 0x00, 0x2c,
0xe7, 0x40, 0xcc, 0xea, 0x0f, 0xff, 0xc4, 0xea, 0xf7, 0xff, 0x3e, 0x07, 0x39, 0xd1, 0x40, 0x7c,
0x90, 0xc4, 0xea, 0xf7, 0xff, 0x3e, 0x07, 0x39, 0x3c, 0xc7, 0xf0, 0x47, 0x25, 0x00, 0x38, 0xe0,
0xf0, 0xc0, 0xea, 0xf7, 0xff, 0xcc, 0xea, 0x4f, 0xff, 0x94, 0xe7, 0xff, 0xff, 0xc0, 0xff, 0xcc,
0xea, 0x0f, 0xff, 0xcc, 0xea, 0x6f, 0xff, 0x94, 0xe7, 0xf9, 0xff, 0xff, 0xff, 0xcc, 0xea, 0x2f,
0xff, 0xcc, 0xea, 0x6f, 0xff, 0x94, 0xe7, 0xff, 0x9f, 0xff, 0xff, 0xcc, 0xea, 0x2f, 0xff, 0xcc,
0xea, 0x4f, 0xff, 0x98, 0xe7, 0x00, 0x00, 0xb5, 0x00, 0xcc, 0xea, 0x0f, 0xff, 0x98, 0xe0, 0x38,
0x00, 0x6f, 0x00, 0xcc, 0xca, 0x4f, 0xff, 0x2c, 0xc7, 0x00, 0xcc, 0xea, 0x6f, 0xff, 0x94, 0xe7,
0xff, 0xff, 0x87, 0xff, 0xcc, 0xea, 0x2f, 0xff, 0xc4, 0xea, 0xf7, 0xff, 0x3e, 0x07, 0x39, 0x38,
0xc0, 0xf0, 0x60, 0xe6, 0x3d, 0x6c, 0xe7, 0x88, 0xcc, 0xca, 0x6f, 0xff, 0x60, 0xe6, 0x39, 0xcc,
0xea, 0x2f, 0xff, 0x98, 0xe0, 0x2b, 0x00, 0x2f, 0x00, 0xcc, 0xca, 0x6f, 0xff, 0x2c, 0xc7, 0x00,
0xcd, 0x41, 0x7f, 0xff, 0x47, 0xd2, 0x48, 0x47, 0xa4, 0x00, 0x31, 0x41, 0x10, 0x00, 0xe8, 0xc0,
0xe2, 0x18, 0x14, 0x00, 0x60, 0xd8, 0x82, 0x18, 0x14, 0x4a, 0x68, 0x00, 0x00, 0x10, 0x47, 0xb4,
0x00, 0x47, 0xa4, 0x00, 0x31, 0x41, 0x10, 0xc0, 0x02, 0x18, 0x14, 0x00, 0x60, 0xd8, 0x82, 0x18,
0x14, 0x4a, 0x08, 0x00, 0x00, 0x10, 0x47, 0xb4, 0x00, 0x47, 0xa4, 0x00, 0x31, 0x41, 0x10, 0x98,
0xe0, 0x00, 0x00, 0x09, 0x00, 0x98, 0xc0, 0x00, 0x01, 0x00, 0x00, 0x2c, 0xc7, 0x00, 0x98, 0xe0,
0x20, 0x00, 0x01, 0x00, 0x98, 0xc0, 0x20, 0x00, 0x01, 0x00, 0x2c, 0xc6, 0x40, 0x94, 0xc6, 0x7f,
0xff, 0xff, 0xff, 0x2c, 0xc7, 0x00, 0x4b, 0xf8, 0x80, 0x49, 0xe7, 0xff, 0x4a, 0xb7, 0xff, 0x47,
0xb4, 0x00, 0xcd, 0x41, 0x3f, 0xff, 0x05, 0x41, 0x04, 0xe3, 0xcc, 0x8a, 0x17, 0xff, 0xc0, 0xea,
0xf7, 0xff, 0xcc, 0xea, 0x57, 0xff, 0x24, 0xe7, 0x80, 0x6c, 0xc7, 0x08, 0xcc, 0xea, 0x57, 0xff,
0x24, 0xe7, 0x40, 0x6c, 0xe7, 0x70, 0x08, 0xc7, 0xcc, 0xea, 0x57, 0xff, 0x24, 0xe7, 0xc0, 0x6c,
0xe7, 0x30, 0x08, 0xc7, 0xcc, 0xea, 0x57, 0xff, 0x24, 0xe7, 0x20, 0x6c, 0xe7, 0x50, 0x08, 0xc7,
0xcc, 0xea, 0x57, 0xff, 0x24, 0xe7, 0xa0, 0x6c, 0xe7, 0x10, 0x08, 0xc7, 0xcc, 0xea, 0x57, 0xff,
0x24, 0xe7, 0x60, 0x6c, 0xe7, 0x60, 0x08, 0xc7, 0xcc, 0xea, 0x57, 0xff, 0x24, 0xe7, 0xe0, 0x6c,
0xe7, 0xa0, 0x08, 0xc7, 0xcc, 0xea, 0x57, 0xff, 0x24, 0xe7, 0x10, 0x6c, 0xe7, 0x20, 0x08, 0xc7,
0xcc, 0xea, 0x57, 0xff, 0x24, 0xe7, 0x00, 0x6c, 0xe7, 0x40, 0x08, 0xc7, 0xcc, 0xea, 0x57, 0xff,
0x24, 0xe7, 0x90, 0x6c, 0xe7, 0x80, 0x08, 0xe6, 0xcc, 0xea, 0x2f, 0xff, 0xc4, 0xea, 0xf7, 0xff,
0xd0, 0x40, 0x78, 0x10, 0x98, 0xe0, 0x24, 0x00, 0x09, 0x00, 0xcc, 0xca, 0x57, 0xff, 0x28, 0xc6,
0xd0, 0x2c, 0xc7, 0x00, 0x98, 0xe0, 0x14, 0x00, 0x09, 0x00, 0xcc, 0xca, 0x57, 0xff, 0x2c, 0xc6,
0x70, 0x2c, 0xc7, 0x00, 0x98, 0xe0, 0x34, 0x00, 0x09, 0x00, 0xcc, 0xca, 0x57, 0xff, 0x2c, 0xc6,
0x48, 0x2c, 0xc7, 0x00, 0x98, 0xe0, 0x0c, 0x00, 0x09, 0x00, 0xcc, 0xca, 0x57, 0xff, 0x2c, 0xc6,
0x68, 0x2c, 0xc7, 0x00, 0x98, 0xe0, 0x2c, 0x00, 0x09, 0x00, 0xcc, 0xca, 0x57, 0xff, 0x2c, 0xc6,
0x58, 0x2c, 0xc7, 0x00, 0x98, 0xe0, 0x1c, 0x00, 0x09, 0x00, 0xcc, 0xca, 0x57, 0xff, 0x2c, 0xc6,
0x78, 0x2c, 0xc7, 0x00, 0x98, 0xe0, 0x3c, 0x00, 0x09, 0x00, 0xcc, 0xca, 0x57, 0xff, 0x2c, 0xc6,
0x44, 0x2c, 0xc7, 0x00, 0x98, 0xe0, 0x04, 0x00, 0x09, 0x00, 0xcc, 0xca, 0x6f, 0xff, 0x2c, 0xc7,
0x00, 0xc4, 0xea, 0xf7, 0xff, 0xd0, 0x60, 0x78, 0x10, 0x98, 0xe0, 0x22, 0x00, 0x09, 0x00, 0xcc,
0xca, 0x57, 0xff, 0x28, 0xc6, 0xd0, 0x2c, 0xc7, 0x00, 0x98, 0xe0, 0x12, 0x00, 0x09, 0x00, 0xcc,
0xca, 0x57, 0xff, 0x2c, 0xc6, 0x70, 0x2c, 0xc7, 0x00, 0x98, 0xe0, 0x32, 0x00, 0x09, 0x00, 0xcc,
0xca, 0x57, 0xff, 0x2c, 0xc6, 0x48, 0x2c, 0xc7, 0x00, 0x98, 0xe0, 0x0a, 0x00, 0x09, 0x00, 0xcc,
0xca, 0x57, 0xff, 0x2c, 0xc6, 0x68, 0x2c, 0xc7, 0x00, 0x98, 0xe0, 0x2a, 0x00, 0x09, 0x00, 0xcc,
0xca, 0x57, 0xff, 0x2c, 0xc6, 0x58, 0x2c, 0xc7, 0x00, 0x98, 0xe0, 0x1a, 0x00, 0x09, 0x00, 0xcc,
0xca, 0x57, 0xff, 0x2c, 0xc6, 0x78, 0x2c, 0xc7, 0x00, 0x98, 0xe0, 0x3a, 0x00, 0x09, 0x00, 0xcc,
0xca, 0x57, 0xff, 0x2c, 0xc6, 0x44, 0x2c, 0xc7, 0x00, 0x98, 0xe0, 0x02, 0x00, 0x09, 0x00, 0xcc,
0xca, 0x6f, 0xff, 0x2c, 0xc7, 0x00, 0xc4, 0xea, 0xf7, 0xff, 0xd0, 0x50, 0x78, 0x10, 0x98, 0xe0,
0x26, 0x00, 0x09, 0x00, 0xcc, 0xca, 0x57, 0xff, 0x28, 0xc6, 0xd0, 0x2c, 0xc7, 0x00, 0x98, 0xe0,
0x16, 0x00, 0x09, 0x00, 0xcc, 0xca, 0x57, 0xff, 0x2c, 0xc6, 0x70, 0x2c, 0xc7, 0x00, 0x98, 0xe0,
0x36, 0x00, 0x09, 0x00, 0xcc, 0xca, 0x57, 0xff, 0x2c, 0xc6, 0x48, 0x2c, 0xc7, 0x00, 0x98, 0xe0,
0x0e, 0x00, 0x09, 0x00, 0xcc, 0xca, 0x57, 0xff, 0x2c, 0xc6, 0x68, 0x2c, 0xc7, 0x00, 0x98, 0xe0,
0x2e, 0x00, 0x09, 0x00, 0xcc, 0xca, 0x57, 0xff, 0x2c, 0xc6, 0x58, 0x2c, 0xc7, 0x00, 0x98, 0xe0,
0x1e, 0x00, 0x09, 0x00, 0xcc, 0xca, 0x57, 0xff, 0x2c, 0xc6, 0x78, 0x2c, 0xc7, 0x00, 0x98, 0xe0,
0x3e, 0x00, 0x09, 0x00, 0xcc, 0xca, 0x57, 0xff, 0x2c, 0xc6, 0x44, 0x2c, 0xc7, 0x00, 0x98, 0xe0,
0x06, 0x00, 0x09, 0x00, 0xcc, 0xca, 0x6f, 0xff, 0x2c, 0xc7, 0x00, 0xc4, 0xea, 0xf7, 0xff, 0xd0,
0x70, 0x78, 0x10, 0x98, 0xe0, 0x21, 0x00, 0x09, 0x00, 0xcc, 0xca, 0x57, 0xff, 0x28, 0xc6, 0xd0,
0x2c, 0xc7, 0x00, 0x98, 0xe0, 0x11, 0x00, 0x09, 0x00, 0xcc, 0xca, 0x57, 0xff, 0x2c, 0xc6, 0x70,
0x2c, 0xc7, 0x00, 0x98, 0xe0, 0x31, 0x00, 0x09, 0x00, 0xcc, 0xca, 0x57, 0xff, 0x2c, 0xc6, 0x48,
0x2c, 0xc7, 0x00, 0x98, 0xe0, 0x09, 0x00, 0x09, 0x00, 0xcc, 0xca, 0x57, 0xff, 0x2c, 0xc6, 0x68,
0x2c, 0xc7, 0x00, 0x98, 0xe0, 0x29, 0x00, 0x09, 0x00, 0xcc, 0xca, 0x57, 0xff, 0x2c, 0xc6, 0x58,
0x2c, 0xc7, 0x00, 0x98, 0xe0, 0x19, 0x00, 0x09, 0x00, 0xcc, 0xca, 0x57, 0xff, 0x2c, 0xc6, 0x78,
0x2c, 0xc7, 0x00, 0x98, 0xe0, 0x39, 0x00, 0x09, 0x00, 0xcc, 0xca, 0x57, 0xff, 0x2c, 0xc6, 0x44,
0x2c, 0xc7, 0x00, 0x98, 0xe0, 0x01, 0x00, 0x09, 0x00, 0xcc, 0xca, 0x6f, 0xff, 0x2c, 0xc7, 0x00,
0xc4, 0xea, 0xf7, 0xff, 0xd0, 0x48, 0x78, 0x10, 0x98, 0xe0, 0x25, 0x00, 0x09, 0x00, 0xcc, 0xca,
0x57, 0xff, 0x28, 0xc6, 0xd0, 0x2c, 0xc7, 0x00, 0x98, 0xe0, 0x15, 0x00, 0x09, 0x00, 0xcc, 0xca,
0x57, 0xff, 0x2c, 0xc6, 0x70, 0x2c, 0xc7, 0x00, 0x98, 0xe0, 0x35, 0x00, 0x09, 0x00, 0xcc, 0xca,
0x57, 0xff, 0x2c, 0xc6, 0x48, 0x2c, 0xc7, 0x00, 0x98, 0xe0, 0x0d, 0x00, 0x09, 0x00, 0xcc, 0xca,
0x57, 0xff, 0x2c, 0xc6, 0x68, 0x2c, 0xc7, 0x00, 0x98, 0xe0, 0x2d, 0x00, 0x09, 0x00, 0xcc, 0xca,
0x57, 0xff, 0x2c, 0xc6, 0x58, 0x2c, 0xc7, 0x00, 0x98, 0xe0, 0x1d, 0x00, 0x09, 0x00, 0xcc, 0xca,
0x57, 0xff, 0x2c, 0xc6, 0x78, 0x2c, 0xc7, 0x00, 0x98, 0xe0, 0x3d, 0x00, 0x09, 0x00, 0xcc, 0xca,
0x57, 0xff, 0x2c, 0xc6, 0x44, 0x2c, 0xc7, 0x00, 0x98, 0xe0, 0x05, 0x00, 0x09, 0x00, 0xcc, 0xca,
0x6f, 0xff, 0x2c, 0xc7, 0x00, 0xcd, 0x41, 0x7f, 0xff, 0x47, 0xd2, 0x48, 0x47, 0xa4, 0x00, 0x31,
0x41, 0x10, 0x00, 0xe8, 0xc0, 0xe2, 0x18, 0x14, 0x00, 0x60, 0xd8, 0x82, 0x18, 0x14, 0x48, 0x8c,
0xff, 0x00, 0x10, 0x47, 0xb4, 0x00, 0x47, 0xa4, 0x20, 0x31, 0x41, 0x18, 0xcc, 0x6a, 0x37, 0xff,
0x98, 0xe0, 0x20, 0x00, 0x01, 0x00, 0x98, 0xc0, 0x20, 0x00, 0x01, 0x00, 0x2c, 0xc6, 0x40, 0x94,
0xc6, 0xff, 0xef, 0xff, 0xff, 0x2c, 0xc7, 0x00, 0x4b, 0x4e, 0x7f, 0xcc, 0xe2, 0x5c, 0x6c, 0x38,
0xe7, 0x20, 0xcc, 0xe2, 0x1c, 0x6c, 0x98, 0xe0, 0x00, 0x00, 0x6f, 0x00, 0xcc, 0xc2, 0x5c, 0x6c,
0x2c, 0xc7, 0x00, 0xcc, 0xe2, 0x5c, 0x6c, 0x94, 0xe7, 0x3f, 0xff, 0xff, 0xff, 0xcc, 0xe2, 0x1c,
0x6c, 0x98, 0xe0, 0x14, 0x00, 0x6f, 0x00, 0x98, 0xc0, 0x14, 0x00, 0x6f, 0x00, 0x2c, 0xc6, 0x40,
0x94, 0xc6, 0x00, 0x3f, 0xff, 0xff, 0x2c, 0xc7, 0x00, 0x98, 0xe0, 0x14, 0x00, 0x6f, 0x00, 0x98,
0xc0, 0x14, 0x00, 0x6f, 0x00, 0x2c, 0xc6, 0x40, 0x38, 0xc6, 0x21, 0x2c, 0xc7, 0x00, 0x98, 0xe0,
0x06, 0x00, 0x6f, 0x00, 0x98, 0xc0, 0x06, 0x00, 0x6f, 0x00, 0x2c, 0xc6, 0x40, 0x94, 0xc6, 0x7f,
0xff, 0xff, 0xff, 0x2c, 0xc7, 0x00, 0x98, 0xe0, 0x26, 0x00, 0x6f, 0x00, 0x98, 0xc0, 0x00, 0x00,
0x9a, 0x60, 0x2c, 0xc7, 0x00, 0xcc, 0xe2, 0x5c, 0x6c, 0xcc, 0xe2, 0x1c, 0x6c, 0x98, 0xe0, 0x00,
0x00, 0x6f, 0x00, 0xcc, 0xc2, 0x5c, 0x6c, 0x2c, 0xc7, 0x00, 0x98, 0xe0, 0x38, 0x00, 0x6f, 0x00,
0x2c, 0xe7, 0x40, 0xcc, 0xea, 0x2f, 0xff, 0xcc, 0xea, 0x6f, 0xff, 0x94, 0xe7, 0xff, 0xff, 0xc0,
0xff, 0xcc, 0xea, 0x2f, 0xff, 0xcc, 0xea, 0x6f, 0xff, 0x98, 0xe7, 0x00, 0x00, 0x95, 0x00, 0xcc,
0xea, 0x2f, 0xff, 0xcc, 0xea, 0x6f, 0xff, 0x98, 0xe7, 0x00, 0x00, 0x40, 0x00, 0xcc, 0xea, 0x2f,
0xff, 0x98, 0xe0, 0x38, 0x00, 0x6f, 0x00, 0xcc, 0xca, 0x6f, 0xff, 0x2c, 0xc7, 0x00, 0x98, 0xe0,
0x14, 0x00, 0x6f, 0x00, 0x98, 0xc0, 0x14, 0x00, 0x6f, 0x00, 0x2c, 0xc6, 0x40, 0x94, 0xc6, 0xff,
0xff, 0xf3, 0xff, 0x2c, 0xc7, 0x00, 0x98, 0xe0, 0x20, 0x00, 0x01, 0x00, 0x98, 0xc0, 0x20, 0x00,
0x01, 0x00, 0x2c, 0xc6, 0x40, 0x94, 0xc6, 0xff, 0xef, 0xff, 0xff, 0x2c, 0xc7, 0x00, 0x00, 0xe0,
0x04, 0x67, 0x47, 0xb4, 0x20, 0xcd, 0x41, 0x3f, 0xff, 0x05, 0x41, 0x00, 0xe6, 0xc0, 0xe2, 0x98,
0x14, 0x00, 0xe4, 0xc0, 0xe2, 0x58, 0x14, 0xc0, 0x02, 0xd8, 0x14, 0x00, 0xec, 0xc0, 0xe2, 0x38,
0x14, 0x00, 0xe4, 0xc0, 0xe2, 0xb8, 0x14, 0x00, 0xe4, 0xc0, 0xe2, 0x78, 0x14, 0x00, 0xe8, 0xc0,
0xe2, 0xf8, 0x14, 0xc0, 0x02, 0x04, 0x14, 0xc0, 0x02, 0x84, 0x14, 0xc8, 0x02, 0x44, 0x14, 0xd8,
0xe2, 0x3c, 0x14, 0xcc, 0xe2, 0x24, 0x14, 0x98, 0xe0, 0x12, 0x00, 0x6f, 0x00, 0xcc, 0xe2, 0x14,
0x14, 0xd8, 0xe2, 0x3c, 0x14, 0xcc, 0xe2, 0x34, 0x14, 0xd8, 0xe2, 0x1c, 0x2c, 0xcc, 0xe2, 0x0c,
0x14, 0xcc, 0x02, 0x2c, 0x14, 0xcc, 0x02, 0x1c, 0x14, 0xc0, 0x02, 0x18, 0x14, 0xcd, 0x41, 0x7f,
0xff, 0x47, 0xd2, 0x48, 0x47, 0xa4, 0x60, 0x31, 0x41, 0x04, 0xcc, 0x6a, 0x37, 0xff, 0xcc, 0x8a,
0x17, 0xff, 0x04, 0xe6, 0xc8, 0xaa, 0x67, 0xff, 0xc8, 0xea, 0x27, 0xff, 0xcc, 0x6a, 0x77, 0xff,
0x00, 0x80, 0x38, 0xa0, 0x08, 0x4b, 0x55, 0x60, 0xc8, 0x0a, 0x6f, 0xff, 0x0e, 0x60, 0xc8, 0xea,
0xef, 0xff, 0xcc, 0xca, 0x57, 0xff, 0x08, 0xe6, 0x20, 0x07, 0x00, 0xc8, 0xea, 0xef, 0xff, 0x00,
0xf8, 0xc8, 0xea, 0x6f, 0xff, 0xc8, 0xca, 0xef, 0xff, 0xc8, 0xea, 0xa7, 0xff, 0xd3, 0xce, 0x68,
0x7f, 0xcc, 0xea, 0x77, 0xff, 0xcc, 0xca, 0x57, 0xff, 0x2c, 0xc7, 0x00, 0xcc, 0xea, 0x77, 0xff,
0xc8, 0xca, 0xa7, 0xff, 0x28, 0xc7, 0x20, 0xcc, 0xea, 0x77, 0xff, 0x28, 0x07, 0x60, 0xcc, 0xea,
0x77, 0xff, 0xc8, 0xca, 0xe7, 0xff, 0x28, 0xc7, 0x30, 0x00, 0x10, 0x47, 0xb4, 0x60, 0xcd, 0x41,
0x3f, 0xff, 0x05, 0x41, 0xcc, 0x6a, 0x37, 0xff, 0xcc, 0x0a, 0x2f, 0xff, 0xcc, 0xea, 0x77, 0xff,
0x2c, 0xe7, 0x40, 0x41, 0x07, 0xd0, 0x98, 0xe0, 0xff, 0xff, 0x00, 0x00, 0x0d, 0xc4, 0xcc, 0xea,
0x77, 0xff, 0x28, 0xe7, 0xb0, 0x41, 0x87, 0x8e, 0x98, 0xe0, 0x00, 0x80, 0x09, 0x00, 0x2c, 0xc7,
0x40, 0x98, 0xe0, 0x0c, 0x00, 0x09, 0x00, 0x2c, 0xe7, 0x40, 0x60, 0xe6, 0x3d, 0xcc, 0xea, 0x2f,
0xff, 0xcc, 0xea, 0x77, 0xff, 0x28, 0xe7, 0x90, 0x04, 0xc7, 0xcc, 0xea, 0x6f, 0xff, 0xd3, 0x8c,
0x7b, 0x40, 0xcc, 0xea, 0x77, 0xff, 0x28, 0xc7, 0xa0, 0xcc, 0xea, 0x77, 0xff, 0x28, 0xe7, 0x90,
0x08, 0xe6, 0x3e, 0x07, 0x32, 0xcc, 0xea, 0x6f, 0xff, 0x3e, 0x07, 0x3a, 0x60, 0xe6, 0x3d, 0x3e,
0x07, 0x32, 0xcc, 0xea, 0x77, 0xff, 0x28, 0xc7, 0x60, 0x0e, 0xe0, 0xcc, 0xea, 0x77, 0xff, 0x28,
0xc7, 0x90, 0xcc, 0xea, 0x6f, 0xff, 0x3e, 0x07, 0x3a, 0x60, 0xe6, 0x3d, 0x3e, 0x07, 0x32, 0xcc,
0xea, 0x77, 0xff, 0x28, 0xc7, 0x60, 0xcc, 0xea, 0x77, 0xff, 0x28, 0xc7, 0xa0, 0xcc, 0xea, 0x77,
0xff, 0x28, 0xe7, 0xe0, 0x60, 0xe6, 0x3d, 0x3e, 0x07, 0x3a, 0x04, 0x67, 0xcd, 0x41, 0x7f, 0xff,
0x47, 0xd2, 0x48, 0x47, 0xa4, 0x20, 0x31, 0x41, 0x18, 0xcc, 0x6a, 0x37, 0xff, 0xd8, 0x60, 0x00,
0x52, 0x4a, 0x5d, 0xc0, 0xcc, 0x6a, 0x2f, 0xff, 0xd8, 0x60, 0x00, 0x52, 0x00, 0x80, 0x4a, 0xff,
0x40, 0xcc, 0xea, 0x77, 0xff, 0xcc, 0xca, 0x6f, 0xff, 0x2c, 0xc7, 0x00, 0x47, 0xb4, 0x20, 0x47,
0xa4, 0x40, 0x31, 0x41, 0x08, 0xcc, 0x6a, 0x2f, 0xff, 0xd8, 0x60, 0x00, 0x52, 0xcc, 0x8a, 0x6f,
0xff, 0x49, 0x6f, 0x40, 0x47, 0xb4, 0x40, 0x47, 0xa4, 0x10, 0x31, 0x41, 0x14, 0xcc, 0x6a, 0x27,
0xff, 0xcc, 0x8a, 0x07, 0xff, 0x04, 0xe5, 0xcc, 0xca, 0x1b, 0xff, 0xc8, 0xea, 0x7b, 0xff, 0xcc,
0xea, 0x67, 0xff, 0x2c, 0xe7, 0x40, 0x41, 0x07, 0x08, 0x98, 0x60, 0x28, 0x40, 0x80, 0x00, 0x4a,
0x67, 0xb7, 0x00, 0xe0, 0x0e, 0x26, 0xcc, 0x6a, 0x67, 0xff, 0x48, 0xad, 0xff, 0x04, 0xe3, 0xc8,
0xea, 0x2f, 0xff, 0xc8, 0xca, 0xaf, 0xff, 0xc8, 0xea, 0xfb, 0xff, 0xd3, 0x8e, 0x67, 0x00, 0xc8,
0xea, 0xfb, 0xff, 0xc8, 0xea, 0x6f, 0xff, 0x0d, 0x30, 0xcc, 0xea, 0x67, 0xff, 0x28, 0xe7, 0xb0,
0x41, 0x87, 0xb8, 0xc8, 0xea, 0xaf, 0xff, 0xd2, 0x08, 0x70, 0x80, 0xc8, 0xea, 0xaf, 0xff, 0x00,
0xf3, 0xc8, 0xea, 0x6f, 0xff, 0x0c, 0x20, 0xc8, 0x0a, 0x6f, 0xff, 0x0d, 0x40, 0xc8, 0xea, 0xaf,
0xff, 0xc8, 0xea, 0x6f, 0xff, 0xc8, 0x0a, 0x6f, 0xff, 0xcc, 0xea, 0x67, 0xff, 0x28, 0xe7, 0x90,
0x04, 0xc7, 0xc8, 0xea, 0xef, 0xff, 0x08, 0xc7, 0xcc, 0xea, 0x67, 0xff, 0x28, 0xe7, 0xa0, 0xd3,
0x0e, 0x62, 0xe0, 0xcc, 0xea, 0x67, 0xff, 0x28, 0xc7, 0xa0, 0xcc, 0xea, 0x67, 0xff, 0x28, 0xe7,
0x90, 0x60, 0xe6, 0x3d, 0xc8, 0xea, 0x4f, 0xff, 0xcc, 0xea, 0x67, 0xff, 0x2c, 0xc7, 0x40, 0xcc,
0xea, 0x67, 0xff, 0x28, 0xe7, 0x90, 0x08, 0xc7, 0xc8, 0xea, 0xcf, 0xff, 0x04, 0x66, 0xcc, 0x8a,
0x47, 0xff, 0x04, 0xa7, 0x4b, 0x9f, 0xa0, 0xcc, 0xea, 0x67, 0xff, 0x2c, 0xa7, 0x40, 0xc8, 0xea,
0xcf, 0xff, 0xcc, 0xca, 0x47, 0xff, 0x08, 0xc7, 0xc8, 0x8a, 0xef, 0xff, 0xc8, 0xea, 0xcf, 0xff,
0x60, 0xe4, 0x3d, 0x04, 0x65, 0x04, 0x86, 0x04, 0xa7, 0x49, 0x0f, 0xa0, 0xc8, 0xca, 0xef, 0xff,
0xc8, 0xea, 0xcf, 0xff, 0x60, 0xe6, 0x3d, 0x3e, 0x07, 0x32, 0xcc, 0xea, 0x67, 0xff, 0x28, 0xc7,
0x10, 0x0c, 0x70, 0xcc, 0xea, 0x67, 0xff, 0x2c, 0xc7, 0x40, 0xcc, 0xea, 0x67, 0xff, 0x28, 0xe7,
0x90, 0x08, 0xc7, 0xc8, 0xea, 0xef, 0xff, 0x04, 0x66, 0xcc, 0x8a, 0x47, 0xff, 0x04, 0xa7, 0x48,
0xc7, 0xa0, 0xcc, 0xea, 0x67, 0xff, 0x28, 0xc7, 0x90, 0xc8, 0xea, 0xef, 0xff, 0x08, 0xe6, 0x3e,
0x07, 0x32, 0xcc, 0xea, 0x67, 0xff, 0x28, 0xc7, 0x10, 0xcc, 0xea, 0x67, 0xff, 0x28, 0xc7, 0x90,
0xcc, 0xea, 0x67, 0xff, 0x28, 0xe7, 0xa0, 0xd3, 0xce, 0x6f, 0x80, 0xcc, 0xea, 0x67, 0xff, 0x28,
0xc7, 0x90, 0xcc, 0xea, 0x67, 0xff, 0x28, 0xe7, 0xa0, 0x60, 0xe6, 0x3d, 0x3e, 0x07, 0x32, 0xcc,
0xea, 0x67, 0xff, 0x28, 0xc7, 0x10, 0x30, 0xea, 0x37, 0x04, 0x67, 0x48, 0x49, 0xff, 0xcc, 0xea,
0x67, 0xff, 0x28, 0xc7, 0xe0, 0xc8, 0xea, 0xef, 0xff, 0x08, 0xe6, 0x3e, 0x07, 0x32, 0xcc, 0xea,
0x67, 0xff, 0x28, 0xc7, 0x60, 0xcc, 0xea, 0x67, 0xff, 0x28, 0xe7, 0xb0, 0x41, 0x87, 0x38, 0x98,
0xe0, 0x14, 0x00, 0x09, 0x00, 0xcc, 0xca, 0x67, 0xff, 0x2c, 0xa6, 0x40, 0xcc, 0xca, 0x67, 0xff,
0x28, 0xc6, 0x90, 0x08, 0xc5, 0x2c, 0xc7, 0x00, 0xcc, 0xea, 0x77, 0xff, 0x04, 0x67, 0x4a, 0x31,
0xff, 0xc8, 0xea, 0xef, 0xff, 0x04, 0x67, 0x47, 0xb4, 0x10, 0x47, 0xa4, 0x40, 0x31, 0x41, 0x08,
0xcc, 0x6a, 0x2f, 0xff, 0x04, 0xe4, 0xc8, 0xea, 0x4f, 0xff, 0xc8, 0xea, 0xcf, 0xff, 0xd8, 0x62,
0x3c, 0x2c, 0xcc, 0x8a, 0x6f, 0xff, 0x04, 0xa7, 0x00, 0xc2, 0x4a, 0xe1, 0xff, 0x04, 0xe3, 0x04,
0x67, 0x47, 0xb4, 0x40, 0x47, 0xa4, 0x40, 0x31, 0x41, 0x08, 0xcc, 0x6a, 0x2f, 0xff, 0xcc, 0x8a,
0x0f, 0xff, 0xcc, 0x6a, 0x4f, 0xff, 0x48, 0x3d, 0x7f, 0x48, 0xe0, 0xff, 0xd8, 0x62, 0x3c, 0x2c,
0xd8, 0x82, 0x3c, 0x14, 0x00, 0xa8, 0xd8, 0xc0, 0x00, 0x30, 0x49, 0x78, 0xff, 0xcc, 0xea, 0x6f,
0xff, 0xcc, 0xe2, 0x0a, 0x2c, 0xd8, 0x62, 0x3c, 0x14, 0xd8, 0x80, 0x00, 0x60, 0x4a, 0xe7, 0xff,
0x00, 0xe0, 0x04, 0x67, 0x47, 0xb4, 0x40, 0xcd, 0x41, 0x3f, 0xff, 0x05, 0x41, 0xcc, 0x6a, 0x37,
0xff, 0xcc, 0x8a, 0x17, 0xff, 0xcc, 0x0a, 0x2f, 0xff, 0xcc, 0xea, 0x57, 0xff, 0xd1, 0x40, 0x78,
0x90, 0xcc, 0xea, 0x57, 0xff, 0xd0, 0xe8, 0x79, 0x10, 0xcc, 0xea, 0x77, 0xff, 0x3c, 0xc7, 0x68,
0x47, 0x37, 0xe0, 0xcc, 0xea, 0x77, 0xff, 0x90, 0xe7, 0x00, 0x00, 0xbc, 0x00, 0x6c, 0xe7, 0x40,
0xcc, 0xea, 0x0f, 0xff, 0xcc, 0xea, 0x57, 0xff, 0x41, 0x87, 0x90, 0xcc, 0x0a, 0x2f, 0xff, 0x0c,
0x28, 0xcc, 0xea, 0x57, 0xff, 0x41, 0x07, 0x30, 0x38, 0xe0, 0x34, 0xcc, 0xea, 0x2f, 0xff, 0x0c,
0x08, 0xcc, 0xea, 0x57, 0xff, 0x41, 0x47, 0x30, 0x38, 0xe0, 0x0e, 0xcc, 0xea, 0x2f, 0xff, 0x0c,
0x30, 0xcc, 0xea, 0x57, 0xff, 0x41, 0xc7, 0x30, 0x38, 0xe0, 0x3c, 0xcc, 0xea, 0x2f, 0xff, 0x0c,
0x10, 0xcc, 0xea, 0x57, 0xff, 0x41, 0x27, 0x30, 0x38, 0xe0, 0x30, 0xcc, 0xea, 0x2f, 0xff, 0x0c,
0x20, 0xcc, 0xea, 0x57, 0xff, 0x41, 0xa7, 0x50, 0x38, 0xe0, 0x10, 0xcc, 0xea, 0x2f, 0xff, 0xcc,
0xea, 0x4f, 0xff, 0xcc, 0xca, 0x6f, 0xff, 0x2c, 0xc7, 0x00, 0x00, 0x10, 0x0c, 0x80, 0x00, 0x10,
0xcd, 0x41, 0x7f, 0xff, 0x47, 0xd2, 0x48, 0xcd, 0x41, 0x3f, 0xff, 0x05, 0x41, 0xcc, 0x6a, 0x37,
0xff, 0xcc, 0x8a, 0x17, 0xff, 0xcc, 0xea, 0x77, 0xff, 0x90, 0xe7, 0x00, 0x00, 0xbc, 0x00, 0x6c,
0xe7, 0x40, 0xcc, 0xea, 0x2f, 0xff, 0xcc, 0xea, 0x6f, 0xff, 0x2c, 0xe7, 0x40, 0xcc, 0xea, 0x0f,
0xff, 0xcc, 0xea, 0x4f, 0xff, 0x94, 0xe7, 0xbf, 0xff, 0xff, 0xff, 0xcc, 0xea, 0x0f, 0xff, 0xcc,
0xea, 0x57, 0xff, 0x34, 0xe7, 0x80, 0x6c, 0xe7, 0x80, 0xcc, 0xca, 0x4f, 0xff, 0x60, 0xe6, 0x39,
0xcc, 0xea, 0x0f, 0xff, 0xcc, 0xea, 0x6f, 0xff, 0xcc, 0xca, 0x4f, 0xff, 0x2c, 0xc7, 0x00, 0x00,
0x10, 0xcd, 0x41, 0x7f, 0xff, 0x47, 0xd2, 0x48, 0xcd, 0x41, 0x3f, 0xff, 0x05, 0x41, 0xcc, 0x6a,
0x37, 0xff, 0xcc, 0xea, 0x77, 0xff, 0x90, 0xe7, 0x00, 0x00, 0xbc, 0x00, 0x6c, 0xe7, 0x40, 0xcc,
0xea, 0x2f, 0xff, 0xcc, 0xea, 0x6f, 0xff, 0x2c, 0xe7, 0x40, 0x34, 0xe7, 0x80, 0x04, 0x67, 0xcd,
0x41, 0x7f, 0xff, 0x47, 0xd2, 0x48, 0x47, 0xa4, 0x60, 0x31, 0x41, 0x04, 0xcc, 0x6a, 0x27, 0xff,
0xcc, 0xea, 0x67, 0xff, 0xd1, 0x40, 0x7a, 0x14, 0xcc, 0xea, 0x67, 0xff, 0x3c, 0xc7, 0x50, 0x47,
0x35, 0xe4, 0xcc, 0xea, 0x67, 0xff, 0x3c, 0xa7, 0x50, 0x47, 0x22, 0xe4, 0xcc, 0xea, 0x67, 0xff,
0x6c, 0xe7, 0x40, 0x90, 0xe7, 0x14, 0x40, 0x80, 0x00, 0x2c, 0xe7, 0x40, 0x47, 0xd2, 0x38, 0x98,
0xe0, 0x01, 0x00, 0x2f, 0x00, 0x98, 0xc0, 0x01, 0x00, 0x2f, 0x00, 0x2c, 0xc6, 0x40, 0x94, 0xc6,
0x7f, 0xff, 0xff, 0xff, 0x2c, 0xc7, 0x00, 0x98, 0xe0, 0x01, 0x00, 0x2f, 0x00, 0x98, 0xc0, 0x01,
0x00, 0x2f, 0x00, 0x2c, 0xc6, 0x40, 0x2c, 0xc7, 0x00, 0xcc, 0x0a, 0x0f, 0xff, 0x00, 0xe8, 0xcc,
0xea, 0x37, 0xff, 0x0f, 0x7e, 0x98, 0xe0, 0x01, 0x00, 0x2f, 0x00, 0x98, 0xc0, 0x01, 0x00, 0x2f,
0x00, 0x2c, 0xc6, 0x40, 0x94, 0xc6, 0x7f, 0xff, 0xff, 0xff, 0x2c, 0xc7, 0x00, 0x98, 0xe0, 0x01,
0x00, 0x2f, 0x00, 0x98, 0xc0, 0x01, 0x00, 0x2f, 0x00, 0x2c, 0xc6, 0x40, 0x38, 0xc6, 0x80, 0x2c,
0xc7, 0x00, 0xcc, 0x0a, 0x0f, 0xff, 0x00, 0xe8, 0xcc, 0xea, 0x37, 0xff, 0x0d, 0x0e, 0x98, 0xe0,
0x01, 0x00, 0x2f, 0x00, 0x98, 0xc0, 0x01, 0x00, 0x2f, 0x00, 0x2c, 0xc6, 0x40, 0x94, 0xc6, 0xbf,
0xff, 0xff, 0xff, 0x2c, 0xc7, 0x00, 0x98, 0xe0, 0x01, 0x00, 0x2f, 0x00, 0x98, 0xc0, 0x01, 0x00,
0x2f, 0x00, 0x2c, 0xc6, 0x40, 0x2c, 0xc7, 0x00, 0x00, 0xe4, 0xcc, 0xea, 0x0f, 0xff, 0x00, 0xe6,
0xcc, 0xea, 0x37, 0xff, 0x0d, 0x46, 0x98, 0xe0, 0x01, 0x00, 0x2f, 0x00, 0x98, 0xc0, 0x01, 0x00,
0x2f, 0x00, 0x2c, 0xc6, 0x40, 0x94, 0xc6, 0xbf, 0xff, 0xff, 0xff, 0x2c, 0xc7, 0x00, 0x98, 0xe0,
0x01, 0x00, 0x2f, 0x00, 0x98, 0xc0, 0x01, 0x00, 0x2f, 0x00, 0x2c, 0xc6, 0x40, 0x38, 0xc6, 0x40,
0x2c, 0xc7, 0x00, 0x00, 0xe4, 0xcc, 0xea, 0x0f, 0xff, 0x00, 0xec, 0xcc, 0xea, 0x37, 0xff, 0x0f,
0xca, 0x98, 0xe0, 0x01, 0x00, 0x2f, 0x00, 0x98, 0xc0, 0x01, 0x00, 0x2f, 0x00, 0x2c, 0xc6, 0x40,
0x94, 0xc6, 0xbf, 0xff, 0xff, 0xff, 0x2c, 0xc7, 0x00, 0x98, 0xe0, 0x01, 0x00, 0x2f, 0x00, 0x98,
0xc0, 0x01, 0x00, 0x2f, 0x00, 0x2c, 0xc6, 0x40, 0x38, 0xc6, 0x40, 0x2c, 0xc7, 0x00, 0x00, 0xe2,
0xcc, 0xea, 0x0f, 0xff, 0x00, 0xea, 0xcc, 0xea, 0x37, 0xff, 0x0c, 0xa2, 0x98, 0xe0, 0x01, 0x00,
0x2f, 0x00, 0x98, 0xc0, 0x01, 0x00, 0x2f, 0x00, 0x2c, 0xc6, 0x40, 0x94, 0xc6, 0xbf, 0xff, 0xff,
0xff, 0x2c, 0xc7, 0x00, 0x98, 0xe0, 0x01, 0x00, 0x2f, 0x00, 0x98, 0xc0, 0x01, 0x00, 0x2f, 0x00,
0x2c, 0xc6, 0x40, 0x38, 0xc6, 0x40, 0x2c, 0xc7, 0x00, 0x00, 0xe6, 0xcc, 0xea, 0x0f, 0xff, 0x38,
0xe0, 0x90, 0xcc, 0xea, 0x37, 0xff, 0x0c, 0x6c, 0x38, 0xe0, 0x50, 0xcc, 0xea, 0x37, 0xff, 0xcc,
0xea, 0x77, 0xff, 0xcc, 0xea, 0x0f, 0xff, 0x0f, 0x8c, 0x38, 0xe0, 0xd0, 0xcc, 0xea, 0x37, 0xff,
0xcc, 0xea, 0x77, 0xff, 0xcc, 0xea, 0x0f, 0xff, 0x0d, 0xb4, 0x98, 0xe0, 0x01, 0x00, 0x2f, 0x00,
0x98, 0xc0, 0x01, 0x00, 0x2f, 0x00, 0x2c, 0xc6, 0x40, 0x94, 0xc6, 0xe7, 0xff, 0xff, 0xff, 0x2c,
0xc7, 0x00, 0x98, 0xe0, 0x01, 0x00, 0x2f, 0x00, 0x98, 0xc0, 0x01, 0x00, 0x2f, 0x00, 0x2c, 0xc6,
0x40, 0x38, 0xc6, 0x10, 0x2c, 0xc7, 0x00, 0x38, 0xe0, 0x30, 0xcc, 0xea, 0x0f, 0xff, 0x38, 0xe0,
0x70, 0xcc, 0xea, 0x37, 0xff, 0x0e, 0x78, 0x98, 0xe0, 0x01, 0x00, 0x2f, 0x00, 0x98, 0xc0, 0x01,
0x00, 0x2f, 0x00, 0x2c, 0xc6, 0x40, 0x94, 0xc6, 0xe7, 0xff, 0xff, 0xff, 0x2c, 0xc7, 0x00, 0x98,
0xe0, 0x01, 0x00, 0x2f, 0x00, 0x98, 0xc0, 0x01, 0x00, 0x2f, 0x00, 0x2c, 0xc6, 0x40, 0x38, 0xc6,
0x18, 0x2c, 0xc7, 0x00, 0x38, 0xe0, 0x30, 0xcc, 0xea, 0x0f, 0xff, 0x38, 0xe0, 0x70, 0xcc, 0xea,
0x37, 0xff, 0x0c, 0xf0, 0x98, 0xe0, 0x01, 0x00, 0x2f, 0x00, 0x98, 0xc0, 0x01, 0x00, 0x2f, 0x00,
0x2c, 0xc6, 0x40, 0x94, 0xc6, 0xdf, 0xff, 0xff, 0xff, 0x2c, 0xc7, 0x00, 0x98, 0xe0, 0x01, 0x00,
0x2f, 0x00, 0x98, 0xc0, 0x01, 0x00, 0x2f, 0x00, 0x2c, 0xc6, 0x40, 0x2c, 0xc7, 0x00, 0x38, 0xe0,
0x48, 0xcc, 0xea, 0x0f, 0xff, 0x38, 0xe0, 0xa8, 0xcc, 0xea, 0x37, 0xff, 0x00, 0x10, 0xcc, 0xea,
0x4f, 0xff, 0xcc, 0xea, 0x2f, 0xff, 0x0e, 0xa0, 0xcc, 0x6a, 0x6f, 0xff, 0x00, 0x84, 0x4a, 0x48,
0xff, 0xcc, 0xea, 0x6f, 0xff, 0x00, 0xf8, 0xcc, 0xea, 0x2f, 0xff, 0xcc, 0xca, 0x6f, 0xff, 0xcc,
0xea, 0x77, 0xff, 0xd3, 0x0e, 0x6a, 0x7f, 0x0c, 0x40, 0x00, 0x10, 0x0c, 0x80, 0x00, 0x10, 0x47,
0xb4, 0x60, 0xcd, 0x41, 0x3f, 0xff, 0x05, 0x41, 0x04, 0xe3, 0xc0, 0xea, 0xef, 0xff, 0xc4, 0xea,
0xef, 0xff, 0x3e, 0x07, 0x39, 0x40, 0x07, 0x84, 0x98, 0xe0, 0x23, 0x00, 0x2f, 0x00, 0x98, 0xc0,
0x23, 0x00, 0x2f, 0x00, 0x2c, 0xc6, 0x40, 0x94, 0xc6, 0xff, 0xfc, 0x7f, 0xff, 0x98, 0xc6, 0x00,
0x01, 0x00, 0x00, 0x2c, 0xc7, 0x00, 0xcd, 0x41, 0x7f, 0xff, 0x47, 0xd2, 0x48, 0xcd, 0x41, 0x3f,
0xff, 0x05, 0x41, 0x98, 0xe0, 0x13, 0x00, 0x2f, 0x00, 0x98, 0xc0, 0x13, 0x00, 0x2f, 0x00, 0x2c,
0xc6, 0x40, 0x94, 0xc6, 0xff, 0xfd, 0xff, 0xff, 0x2c, 0xc7, 0x00, 0x98, 0xe0, 0x13, 0x00, 0x2f,
0x00, 0x98, 0xc0, 0x13, 0x00, 0x2f, 0x00, 0x2c, 0xc6, 0x40, 0x94, 0xc6, 0xff, 0xfb, 0xff, 0xff,
0x2c, 0xc7, 0x00, 0x98, 0xe0, 0x13, 0x00, 0x2f, 0x00, 0x98, 0xc0, 0x13, 0x00, 0x2f, 0x00, 0x2c,
0xc6, 0x40, 0x94, 0xc6, 0xff, 0xe7, 0xff, 0xff, 0x98, 0xc6, 0x00, 0x08, 0x00, 0x00, 0x2c, 0xc7,
0x00, 0xcd, 0x41, 0x7f, 0xff, 0x47, 0xd2, 0x48, 0x47, 0xa4, 0x00, 0x31, 0x41, 0x10, 0x00, 0x68,
0x49, 0x25, 0xdf, 0x98, 0xe0, 0x23, 0x00, 0x2f, 0x00, 0x98, 0xc0, 0x23, 0x00, 0x2f, 0x00, 0x2c,
0xc6, 0x40, 0x94, 0xc6, 0xf1, 0xff, 0xff, 0xff, 0x2c, 0xc7, 0x00, 0x98, 0xe0, 0x23, 0x00, 0x2f,
0x00, 0x98, 0xc0, 0x23, 0x00, 0x2f, 0x00, 0x2c, 0xc6, 0x40, 0x98, 0xc6, 0x01, 0x80, 0x00, 0x00,
0x2c, 0xc7, 0x00, 0x47, 0xb4, 0x00, 0xcd, 0x41, 0x3f, 0xff, 0x05, 0x41, 0xcc, 0x6a, 0x27, 0xff,
0x00, 0xe2, 0xcc, 0xea, 0x37, 0xff, 0xcc, 0x0a, 0x2f, 0xff, 0x0c, 0x50, 0xcc, 0x0a, 0x0f, 0xff,
0x0c, 0xc0, 0xcc, 0xea, 0x4f, 0xff, 0x00, 0xf8, 0xcc, 0xea, 0x0f, 0xff, 0xcc, 0xca, 0x4f, 0xff,
0xcc, 0xea, 0x77, 0xff, 0xd3, 0xce, 0x67, 0x7f, 0xcc, 0xea, 0x6f, 0xff, 0x00, 0xf8, 0xcc, 0xea,
0x2f, 0xff, 0xcc, 0xca, 0x6f, 0xff, 0xcc, 0xea, 0x67, 0xff, 0xd3, 0xce, 0x64, 0xbf, 0xcd, 0x41,
0x7f, 0xff, 0x47, 0xd2, 0x48, 0x47, 0xa4, 0x20, 0x31, 0x41, 0x18, 0x04, 0xe3, 0xc0, 0xea, 0xf7,
0xff, 0xcc, 0x0a, 0x2f, 0xff, 0x00, 0x68, 0x4b, 0xe7, 0xff, 0xc4, 0xea, 0xf7, 0xff, 0xd0, 0x00,
0x77, 0x18, 0x98, 0xe0, 0x0b, 0x00, 0x2f, 0x00, 0x98, 0xc0, 0x0b, 0x00, 0x2f, 0x00, 0x2c, 0xc6,
0x40, 0x94, 0xc6, 0xdf, 0xff, 0xff, 0xff, 0x2c, 0xc7, 0x00, 0x98, 0xe0, 0x0b, 0x00, 0x2f, 0x00,
0x98, 0xc0, 0x0b, 0x00, 0x2f, 0x00, 0x2c, 0xc6, 0x40, 0x94, 0xc6, 0xf3, 0xff, 0xff, 0xff, 0x38,
0xc6, 0x04, 0x2c, 0xc7, 0x00, 0x98, 0xe0, 0x0b, 0x00, 0x2f, 0x00, 0x98, 0xc0, 0x0b, 0x00, 0x2f,
0x00, 0x2c, 0xc6, 0x40, 0x94, 0xc6, 0xef, 0xff, 0xff, 0xff, 0x2c, 0xc7, 0x00, 0x38, 0x60, 0x50,
0x49, 0x8b, 0xff, 0x98, 0xe0, 0x1b, 0x00, 0x2f, 0x00, 0x2c, 0xe7, 0x40, 0xcc, 0xea, 0x2f, 0xff,
0xcc, 0xea, 0x6f, 0xff, 0x94, 0xe7, 0xff, 0xff, 0x00, 0x7f, 0xcc, 0xea, 0x2f, 0xff, 0xcc, 0xea,
0x6f, 0xff, 0x98, 0xe7, 0x00, 0x00, 0xbb, 0x00, 0xcc, 0xea, 0x2f, 0xff, 0x98, 0xe0, 0x1b, 0x00,
0x2f, 0x00, 0xcc, 0xca, 0x6f, 0xff, 0x2c, 0xc7, 0x00, 0x98, 0xe0, 0x1b, 0x00, 0x2f, 0x00, 0x98,
0xc0, 0x1b, 0x00, 0x2f, 0x00, 0x2c, 0xc6, 0x40, 0x94, 0xc6, 0xff, 0xff, 0xff, 0xbf, 0x2c, 0xc7,
0x00, 0x00, 0x68, 0x4b, 0x3d, 0xff, 0x98, 0xe0, 0x1b, 0x00, 0x2f, 0x00, 0x98, 0xc0, 0x1b, 0x00,
0x2f, 0x00, 0x2c, 0xc6, 0x40, 0x98, 0xc6, 0x00, 0x00, 0x00, 0x40, 0x2c, 0xc7, 0x00, 0x38, 0x60,
0x50, 0x4a, 0xad, 0xff, 0x98, 0xe0, 0x1b, 0x00, 0x2f, 0x00, 0x98, 0xc0, 0x1b, 0x00, 0x2f, 0x00,
0x2c, 0xc6, 0x40, 0x94, 0xc6, 0xff, 0xfd, 0xff, 0xff, 0x2c, 0xc7, 0x00, 0x00, 0x68, 0x48, 0x75,
0xff, 0x98, 0xe0, 0x1b, 0x00, 0x2f, 0x00, 0x98, 0xc0, 0x1b, 0x00, 0x2f, 0x00, 0x2c, 0xc6, 0x40,
0x98, 0xc6, 0x00, 0x02, 0x00, 0x00, 0x2c, 0xc7, 0x00, 0x00, 0x68, 0x4b, 0x65, 0xff, 0x98, 0xe0,
0x1b, 0x00, 0x2f, 0x00, 0x98, 0xc0, 0x1b, 0x00, 0x2f, 0x00, 0x2c, 0xc6, 0x40, 0x94, 0xc6, 0xff,
0xfd, 0xff, 0xff, 0x2c, 0xc7, 0x00, 0x00, 0x6c, 0x49, 0xf9, 0xff, 0x98, 0xe0, 0x1b, 0x00, 0x2f,
0x00, 0x98, 0xc0, 0x1b, 0x00, 0x2f, 0x00, 0x2c, 0xc6, 0x40, 0x94, 0xc6, 0xff, 0xfe, 0xff, 0xff,
0x2c, 0xc7, 0x00, 0x00, 0x68, 0x4a, 0x19, 0xff, 0x98, 0xe0, 0x1b, 0x00, 0x2f, 0x00, 0x98, 0xc0,
0x1b, 0x00, 0x2f, 0x00, 0x2c, 0xc6, 0x40, 0x98, 0xc6, 0x00, 0x01, 0x00, 0x00, 0x2c, 0xc7, 0x00,
0x00, 0x68, 0x48, 0x89, 0xff, 0x98, 0xe0, 0x1b, 0x00, 0x2f, 0x00, 0x98, 0xc0, 0x1b, 0x00, 0x2f,
0x00, 0x2c, 0xc6, 0x40, 0x94, 0xc6, 0xff, 0xfe, 0xff, 0xff, 0x2c, 0xc7, 0x00, 0x00, 0x6c, 0x4b,
0x91, 0xff, 0x98, 0xe0, 0x1b, 0x00, 0x2f, 0x00, 0x98, 0xc0, 0x1b, 0x00, 0x2f, 0x00, 0x2c, 0xc6,
0x40, 0x94, 0xc6, 0xff, 0xf3, 0xff, 0xff, 0x2c, 0xc7, 0x00, 0x0c, 0xd0, 0x98, 0xe0, 0x0b, 0x00,
0x2f, 0x00, 0x98, 0xc0, 0x0b, 0x00, 0x2f, 0x00, 0x2c, 0xc6, 0x40, 0x38, 0xc6, 0x20, 0x2c, 0xc7,
0x00, 0x98, 0xe0, 0x0b, 0x00, 0x2f, 0x00, 0x98, 0xc0, 0x0b, 0x00, 0x2f, 0x00, 0x2c, 0xc6, 0x40,
0x38, 0xc6, 0x10, 0x2c, 0xc7, 0x00, 0x47, 0xb4, 0x20, 0xcd, 0x41, 0x3f, 0xff, 0x05, 0x41, 0xcc,
0x6a, 0x2f, 0xff, 0xcc, 0x8a, 0x0f, 0xff, 0x98, 0xe0, 0x00, 0x00, 0x01, 0x00, 0xcc, 0xca, 0x6f,
0xff, 0x6c, 0xa6, 0x10, 0xcc, 0xca, 0x4f, 0xff, 0x6c, 0xc6, 0x80, 0x98, 0xc6, 0x00, 0x20, 0x00,
0x00, 0x60, 0xc5, 0x31, 0x2c, 0xc7, 0x00, 0xcd, 0x41, 0x7f, 0xff, 0x47, 0xd2, 0x48, 0x47, 0xa4,
0x00, 0x31, 0x41, 0x10, 0x98, 0xe0, 0x03, 0x00, 0x2f, 0x00, 0x98, 0xc0, 0xff, 0xff, 0x00, 0x00,
0x2c, 0xc7, 0x00, 0x98, 0xe0, 0x23, 0x00, 0x2f, 0x00, 0x98, 0xc0, 0x95, 0xe9, 0xa9, 0x9e, 0x2c,
0xc7, 0x00, 0x98, 0xe0, 0x13, 0x00, 0x2f, 0x00, 0x98, 0xc0, 0x95, 0xe9, 0xa9, 0xbe, 0x2c, 0xc7,
0x00, 0x98, 0xe0, 0x33, 0x00, 0x2f, 0x00, 0x98, 0xc0, 0xff, 0xff, 0x00, 0x00, 0x2c, 0xc7, 0x00,
0x98, 0xe0, 0x0b, 0x00, 0x2f, 0x00, 0x98, 0xc0, 0xff, 0xff, 0x00, 0x00, 0x2c, 0xc7, 0x00, 0x98,
0xe0, 0x2b, 0x00, 0x2f, 0x00, 0x98, 0xc0, 0xff, 0xff, 0x00, 0x00, 0x2c, 0xc7, 0x00, 0x98, 0xe0,
0x1b, 0x00, 0x2f, 0x00, 0x98, 0xc0, 0x00, 0x00, 0x00, 0x1f, 0x2c, 0xc7, 0x00, 0x98, 0xe0, 0x3b,
0x00, 0x2f, 0x00, 0x98, 0xc0, 0x00, 0x00, 0x00, 0x1f, 0x2c, 0xc7, 0x00, 0x98, 0xe0, 0x33, 0x00,
0x2f, 0x00, 0x98, 0xc0, 0x33, 0x00, 0x2f, 0x00, 0x2c, 0xc6, 0x40, 0x94, 0xc6, 0xff, 0xff, 0xff,
0x7f, 0x2c, 0xc7, 0x00, 0x98, 0xe0, 0x0b, 0x00, 0x2f, 0x00, 0x98, 0xc0, 0x0b, 0x00, 0x2f, 0x00,
0x2c, 0xc6, 0x40, 0x38, 0xc6, 0x40, 0x2c, 0xc7, 0x00, 0x98, 0xe0, 0x03, 0x00, 0x2f, 0x00, 0x98,
0xc0, 0x03, 0x00, 0x2f, 0x00, 0x2c, 0xc6, 0x40, 0x94, 0xc6, 0xff, 0xff, 0xff, 0xc0, 0x98, 0xc6,
0x00, 0x00, 0x00, 0x2c, 0x2c, 0xc7, 0x00, 0x98, 0xe0, 0x23, 0x00, 0x2f, 0x00, 0x98, 0xc0, 0x23,
0x00, 0x2f, 0x00, 0x2c, 0xc6, 0x40, 0x94, 0xc6, 0xff, 0xff, 0xff, 0xf7, 0x2c, 0xc7, 0x00, 0x00,
0x68, 0x48, 0xa2, 0xff, 0x98, 0xe0, 0x1b, 0x00, 0x2f, 0x00, 0x98, 0xc0, 0x1b, 0x00, 0x2f, 0x00,
0x2c, 0xc6, 0x40, 0x94, 0xc6, 0xff, 0xff, 0xff, 0xfe, 0x2c, 0xc7, 0x00, 0x98, 0xe0, 0x33, 0x00,
0x2f, 0x00, 0x98, 0xc0, 0x33, 0x00, 0x2f, 0x00, 0x2c, 0xc6, 0x40, 0x98, 0xc6, 0x00, 0x00, 0x00,
0x20, 0x2c, 0xc7, 0x00, 0x98, 0xe0, 0x13, 0x00, 0x2f, 0x00, 0x98, 0xc0, 0x13, 0x00, 0x2f, 0x00,
0x2c, 0xc6, 0x40, 0x94, 0xc6, 0xff, 0xff, 0xff, 0xe0, 0x98, 0xc6, 0x00, 0x00, 0x00, 0x1e, 0x2c,
0xc7, 0x00, 0x98, 0xe0, 0x30, 0x00, 0x01, 0x00, 0xd8, 0xc0, 0x00, 0x10, 0x2c, 0xc7, 0x00, 0x47,
0xb4, 0x00, 0x47, 0xa4, 0x00, 0x31, 0x41, 0x10, 0x49, 0xb5, 0xff, 0x98, 0xe0, 0x00, 0x00, 0x01,
0x00, 0xd8, 0xc0, 0x40, 0xc0, 0x2c, 0xc7, 0x00, 0x98, 0xe0, 0x20, 0x00, 0x01, 0x00, 0x98, 0xc0,
0x20, 0x00, 0x01, 0x00, 0x2c, 0xc6, 0x40, 0x94, 0xc6, 0xdf, 0xff, 0xff, 0xff, 0x2c, 0xc7, 0x00,
0x98, 0xe0, 0x20, 0x00, 0x01, 0x00, 0x98, 0xc0, 0x20, 0x00, 0x01, 0x00, 0x2c, 0xc6, 0x40, 0x94,
0xc6, 0xff, 0xff, 0xfd, 0xff, 0x2c, 0xc7, 0x00, 0x98, 0xe0, 0x20, 0x00, 0x01, 0x00, 0x98, 0xc0,
0x20, 0x00, 0x01, 0x00, 0x2c, 0xc6, 0x40, 0x94, 0xc6, 0xff, 0xff, 0xff, 0x7f, 0x2c, 0xc7, 0x00,
0x98, 0xe0, 0x20, 0x00, 0x01, 0x00, 0x98, 0xc0, 0x20, 0x00, 0x01, 0x00, 0x2c, 0xc6, 0x40, 0x98,
0xc6, 0x00, 0x00, 0x00, 0x40, 0x2c, 0xc7, 0x00, 0x98, 0xe0, 0x20, 0x00, 0x01, 0x00, 0x98, 0xc0,
0x20, 0x00, 0x01, 0x00, 0x2c, 0xc6, 0x40, 0x94, 0xc6, 0xff, 0xff, 0xfe, 0xff, 0x2c, 0xc7, 0x00,
0x98, 0xe0, 0x20, 0x00, 0x01, 0x00, 0x98, 0xc0, 0x20, 0x00, 0x01, 0x00, 0x2c, 0xc6, 0x40, 0x98,
0xc6, 0x00, 0x00, 0x00, 0x01, 0x2c, 0xc7, 0x00, 0x47, 0xb4, 0x00, 0xcd, 0x41, 0x3f, 0xff, 0x05,
0x41, 0xcc, 0x6a, 0x2f, 0xff, 0xcc, 0x8a, 0x0f, 0xff, 0x98, 0xe0, 0x31, 0x00, 0x2f, 0x00, 0x98,
0xc0, 0x31, 0x00, 0x2f, 0x00, 0x2c, 0xa6, 0x40, 0x00, 0x88, 0xcc, 0xca, 0x6f, 0xff, 0x60, 0xc4,
0x36, 0x60, 0xc5, 0x31, 0x2c, 0xc7, 0x00, 0x98, 0xe0, 0x11, 0x00, 0x2f, 0x00, 0x98, 0xc0, 0x11,
0x00, 0x2f, 0x00, 0x2c, 0xa6, 0x40, 0x00, 0x88, 0xcc, 0xca, 0x6f, 0xff, 0x60, 0xc4, 0x36, 0x60,
0xc6, 0x33, 0x60, 0xc5, 0x30, 0x2c, 0xc7, 0x00, 0x98, 0xe0, 0x11, 0x00, 0x2f, 0x00, 0x98, 0xc0,
0x11, 0x00, 0x2f, 0x00, 0x2c, 0xa6, 0x40, 0xcc, 0x8a, 0x4f, 0xff, 0xcc, 0xca, 0x6f, 0xff, 0x60,
0xc4, 0x36, 0x60, 0xc5, 0x31, 0x2c, 0xc7, 0x00, 0x98, 0xe0, 0x29, 0x00, 0x2f, 0x00, 0x98, 0xc0,
0x29, 0x00, 0x2f, 0x00, 0x2c, 0xa6, 0x40, 0x00, 0x88, 0xcc, 0xca, 0x6f, 0xff, 0x60, 0xc4, 0x36,
0x60, 0xc5, 0x31, 0x2c, 0xc7, 0x00, 0x98, 0xe0, 0x21, 0x00, 0x2f, 0x00, 0x98, 0xc0, 0x21, 0x00,
0x2f, 0x00, 0x2c, 0xa6, 0x40, 0x00, 0x88, 0xcc, 0xca, 0x6f, 0xff, 0x60, 0xc4, 0x36, 0x60, 0xc5,
0x31, 0x2c, 0xc7, 0x00, 0xcd, 0x41, 0x7f, 0xff, 0x47, 0xd2, 0x48, 0xcd, 0x41, 0x3f, 0xff, 0x05,
0x41, 0xcc, 0x6a, 0x2f, 0xff, 0xcc, 0x8a, 0x0f, 0xff, 0xcc, 0xea, 0x6f, 0xff, 0xcc, 0xca, 0x4f,
0xff, 0x3e, 0x27, 0x31, 0xcd, 0x41, 0x7f, 0xff, 0x47, 0xd2, 0x48, 0x47, 0xa4, 0x00, 0x31, 0x41,
0x10, 0xd8, 0x60, 0x00, 0x52, 0x00, 0x80, 0x48, 0xaf, 0xff, 0x00, 0x60, 0x4b, 0x90, 0x5f, 0x47,
0xb4, 0x00, 0x47, 0xa4, 0x40, 0x31, 0x41, 0x08, 0xc4, 0xe2, 0x3b, 0x57, 0xc0, 0xea, 0xcf, 0xff,
0xc4, 0xe2, 0x2c, 0x6c, 0xc0, 0xea, 0x4f, 0xff, 0xc4, 0xe2, 0xac, 0x6c, 0xc0, 0xea, 0x8f, 0xff,
0x4b, 0x53, 0x80, 0xc4, 0xaa, 0x8f, 0xff, 0xc4, 0xca, 0xcf, 0xff, 0xc4, 0xea, 0x4f, 0xff, 0x98,
0x60, 0x2a, 0x40, 0x80, 0x00, 0x04, 0x85, 0x04, 0xa6, 0x04, 0xc7, 0x4a, 0xfb, 0x57, 0xc4, 0xea,
0x8f, 0xff, 0x9d, 0x87, 0x55, 0x00, 0x00, 0x00, 0x47, 0x22, 0x40, 0xc4, 0xea, 0x8f, 0xff, 0x3c,
0x27, 0xaa, 0x47, 0x25, 0x80, 0xc4, 0xca, 0xcf, 0xff, 0xc4, 0xaa, 0x4f, 0xff, 0x00, 0xe8, 0x60,
0xe5, 0x3a, 0x3e, 0x07, 0x38, 0x04, 0x66, 0x04, 0x87, 0x49, 0xd9, 0xbf, 0x38, 0x60, 0x10, 0x4a,
0xc5, 0xa7, 0x38, 0x60, 0x50, 0x4a, 0xf4, 0x5f, 0x4b, 0x3b, 0xff, 0x38, 0x60, 0x50, 0x48, 0xb4,
0x5f, 0x00, 0x60, 0x00, 0x88, 0x48, 0xb8, 0xff, 0x00, 0x6a, 0x48, 0x54, 0x5f, 0x98, 0xe0, 0x03,
0x00, 0x2f, 0x00, 0x98, 0xc0, 0xff, 0xff, 0x00, 0x00, 0x2c, 0xc7, 0x00, 0x98, 0xe0, 0x23, 0x00,
0x2f, 0x00, 0x98, 0xc0, 0xff, 0xff, 0x00, 0x00, 0x2c, 0xc7, 0x00, 0x98, 0xe0, 0x13, 0x00, 0x2f,
0x00, 0x98, 0xc0, 0xff, 0xff, 0x00, 0x00, 0x2c, 0xc7, 0x00, 0x98, 0xe0, 0x33, 0x00, 0x2f, 0x00,
0x98, 0xc0, 0xff, 0xff, 0x00, 0x00, 0x2c, 0xc7, 0x00, 0x98, 0xe0, 0x0b, 0x00, 0x2f, 0x00, 0x98,
0xc0, 0xff, 0xff, 0x00, 0x00, 0x2c, 0xc7, 0x00, 0x98, 0xe0, 0x2b, 0x00, 0x2f, 0x00, 0x98, 0xc0,
0x00, 0x00, 0x00, 0x1f, 0x2c, 0xc7, 0x00, 0x98, 0xe0, 0x1b, 0x00, 0x2f, 0x00, 0x98, 0xc0, 0x00,
0x00, 0x00, 0x1f, 0x2c, 0xc7, 0x00, 0x98, 0xe0, 0x3b, 0x00, 0x2f, 0x00, 0x98, 0xc0, 0x00, 0x00,
0x00, 0x1f, 0x2c, 0xc7, 0x00, 0x98, 0xe0, 0x23, 0x00, 0x2f, 0x00, 0x98, 0xc0, 0x23, 0x00, 0x2f,
0x00, 0x2c, 0xc6, 0x40, 0x94, 0xc6, 0xff, 0xf7, 0xff, 0xff, 0x2c, 0xc7, 0x00, 0x00, 0x6a, 0x4b,
0x20, 0x5f, 0x98, 0xe0, 0x23, 0x00, 0x2f, 0x00, 0x98, 0xc0, 0x23, 0x00, 0x2f, 0x00, 0x2c, 0xc6,
0x40, 0x98, 0xc6, 0x00, 0x00, 0x00, 0x40, 0x2c, 0xc7, 0x00, 0x98, 0xe0, 0x23, 0x00, 0x2f, 0x00,
0x98, 0xc0, 0x23, 0x00, 0x2f, 0x00, 0x2c, 0xc6, 0x40, 0x98, 0xc6, 0x00, 0x00, 0x04, 0x00, 0x2c,
0xc7, 0x00, 0x00, 0x6a, 0x49, 0xef, 0x9f, 0x98, 0xe0, 0x20, 0x00, 0x01, 0x00, 0x98, 0xc0, 0x20,
0x00, 0x01, 0x00, 0x2c, 0xc6, 0x40, 0x98, 0xc6, 0xff, 0xff, 0xff, 0x00, 0x2c, 0xc7, 0x00, 0x00,
0x6a, 0x4a, 0x0f, 0x9f, 0xc4, 0xea, 0xcf, 0xff, 0x3c, 0xe7, 0x68, 0x47, 0x2a, 0x20, 0xcc, 0x0a,
0x2f, 0xff, 0x0d, 0xe0, 0xcc, 0x6a, 0x6f, 0xff, 0x00, 0x8a, 0x4a, 0xe4, 0xbf, 0xcc, 0x6a, 0x6f,
0xff, 0x00, 0x88, 0x48, 0x8a, 0xbf, 0xcc, 0xea, 0x6f, 0xff, 0x00, 0xf8, 0xcc, 0xea, 0x2f, 0xff,
0xcc, 0xea, 0x6f, 0xff, 0x3c, 0xc7, 0x68, 0x47, 0x2b, 0xbf, 0x98, 0xe0, 0x31, 0x00, 0x2f, 0x00,
0x98, 0xc0, 0xff, 0xff, 0xfc, 0x00, 0x2c, 0xc7, 0x00, 0x00, 0x6a, 0x4b, 0xbb, 0x9f, 0x0f, 0x74,
0xcc, 0x0a, 0x2f, 0xff, 0x0d, 0xe0, 0xcc, 0x6a, 0x6f, 0xff, 0x00, 0x8a, 0x4b, 0x68, 0xbf, 0xcc,
0x6a, 0x6f, 0xff, 0x00, 0x88, 0x49, 0x02, 0xbf, 0xcc, 0xea, 0x6f, 0xff, 0x00, 0xf8, 0xcc, 0xea,
0x2f, 0xff, 0xc4, 0xca, 0xcf, 0xff, 0xcc, 0xea, 0x6f, 0xff, 0xd3, 0x4c, 0x73, 0xbf, 0xc4, 0xea,
0xcf, 0xff, 0x00, 0xf8, 0xcc, 0xea, 0x2f, 0xff, 0x0d, 0xe0, 0xcc, 0x6a, 0x6f, 0xff, 0x00, 0x8a,
0x4b, 0x90, 0xbf, 0xcc, 0x6a, 0x6f, 0xff, 0x00, 0x88, 0x49, 0xcc, 0xbf, 0xcc, 0xea, 0x6f, 0xff,
0x00, 0xf8, 0xcc, 0xea, 0x2f, 0xff, 0xcc, 0xea, 0x6f, 0xff, 0x3c, 0xc7, 0x68, 0x47, 0x2b, 0xbf,
0x98, 0xe0, 0x31, 0x00, 0x2f, 0x00, 0x98, 0xc0, 0xff, 0xff, 0xfc, 0x00, 0x2c, 0xc7, 0x00, 0x00,
0x6a, 0x4a, 0x03, 0x9f, 0xc4, 0xea, 0x8f, 0xff, 0x9d, 0xc7, 0x55, 0x00, 0x00, 0x00, 0x47, 0x2d,
0xc0, 0xc4, 0xea, 0x4f, 0xff, 0x41, 0x07, 0x08, 0xc4, 0xea, 0xcf, 0xff, 0x04, 0x67, 0x00, 0x8c,
0x4b, 0xaf, 0x3f, 0x0e, 0xc0, 0xc4, 0xea, 0xcf, 0xff, 0x04, 0x67, 0x00, 0x80, 0x49, 0x4f, 0x3f,
0x00, 0x6a, 0x48, 0x2d, 0x9f, 0xc4, 0xca, 0xcf, 0xff, 0xc4, 0xea, 0x4f, 0xff, 0x04, 0x66, 0x04,
0x87, 0x49, 0x54, 0xff, 0x00, 0x6a, 0x48, 0xf5, 0x9f, 0x98, 0xe0, 0x09, 0x00, 0x2f, 0x00, 0xd8,
0xc0, 0x86, 0x4c, 0x2c, 0xc7, 0x00, 0x0c, 0x00, 0x47, 0xa4, 0x40, 0x31, 0x41, 0x08, 0xc0, 0x0a,
0xef, 0xff, 0x4b, 0x9d, 0x9f, 0x4a, 0xef, 0x7f, 0xc4, 0xea, 0xef, 0xff, 0x04, 0x67, 0x49, 0x83,
0x97, 0x38, 0x60, 0x4c, 0x49, 0xc5, 0x9f, 0x47, 0xb4, 0x40, 0xcd, 0x41, 0x3f, 0xff, 0xcd, 0x61,
0x1f, 0xff, 0x05, 0x41, 0xcc, 0x6a, 0x37, 0xff, 0xcc, 0xea, 0x77, 0xff, 0x3e, 0x27, 0x58, 0xcd,
0x6a, 0x2f, 0xff, 0xcc, 0xea, 0x6f, 0xff, 0x04, 0x67, 0xcd, 0x61, 0x5f, 0xff, 0xcd, 0x41, 0x7f,
0xff, 0x47, 0xd2, 0x48, 0x30, 0x21, 0x0b, 0x2c, 0xa1, 0x04, 0x2c, 0xc1, 0x24, 0x2c, 0xe1, 0x14,
0x2d, 0x01, 0x34, 0x2d, 0x41, 0x38, 0x31, 0x41, 0x04, 0xcc, 0x6a, 0x27, 0xff, 0xcc, 0x8a, 0x07,
0xff, 0xc0, 0x0a, 0xcf, 0xff, 0x04, 0xea, 0xcc, 0xea, 0x17, 0xff, 0xcc, 0x0a, 0x2f, 0xff, 0x0d,
0x30, 0xcc, 0xea, 0x57, 0xff, 0x30, 0xc7, 0x20, 0xcc, 0xca, 0x17, 0xff, 0x2c, 0xe7, 0x40, 0xcc,
0xea, 0x37, 0xff, 0x00, 0xc8, 0xcc, 0xea, 0x77, 0xff, 0x60, 0xe6, 0x3e, 0xcc, 0xca, 0x6f, 0xff,
0x60, 0xe6, 0x39, 0xcc, 0xea, 0x2f, 0xff, 0xc4, 0xea, 0xcf, 0xff, 0x00, 0xf8, 0xc0, 0xea, 0xcf,
0xff, 0xc4, 0xca, 0xcf, 0xff, 0xcc, 0xea, 0x47, 0xff, 0xd3, 0xce, 0x61, 0x3f, 0xcc, 0xea, 0x67,
0xff, 0x2c, 0xc7, 0x40, 0xcc, 0xea, 0x6f, 0xff, 0x60, 0xe7, 0x3b, 0x60, 0xc6, 0x38, 0xcc, 0xea,
0x67, 0xff, 0x2c, 0xc7, 0x00, 0x2d, 0x41, 0x78, 0x30, 0x21, 0x0c, 0x47, 0xd2, 0x48, 0x30, 0x21,
0x0b, 0x2c, 0xa1, 0x04, 0x2c, 0xc1, 0x24, 0x2c, 0xe1, 0x14, 0x2d, 0x01, 0x34, 0x2d, 0x41, 0x38,
0x31, 0x41, 0x04, 0xcc, 0x6a, 0x27, 0xff, 0xcc, 0x8a, 0x07, 0xff, 0xc0, 0x0a, 0xcf, 0xff, 0x04,
0xea, 0xcc, 0xea, 0x17, 0xff, 0xcc, 0x0a, 0x2f, 0xff, 0x0d, 0x30, 0xcc, 0xea, 0x57, 0xff, 0x30,
0xc7, 0x20, 0xcc, 0xca, 0x17, 0xff, 0x2c, 0xe7, 0x40, 0xcc, 0xea, 0x37, 0xff, 0x00, 0xc8, 0xcc,
0xea, 0x77, 0xff, 0x60, 0xe6, 0x3e, 0xcc, 0xca, 0x6f, 0xff, 0x60, 0xe6, 0x39, 0xcc, 0xea, 0x2f,
0xff, 0xc4, 0xea, 0xcf, 0xff, 0x00, 0xf8, 0xc0, 0xea, 0xcf, 0xff, 0xc4, 0xca, 0xcf, 0xff, 0xcc,
0xea, 0x47, 0xff, 0xd3, 0xce, 0x61, 0x3f, 0xcc, 0xea, 0x67, 0xff, 0x2c, 0xc7, 0x40, 0xcc, 0xea,
0x6f, 0xff, 0x60, 0xc6, 0x39, 0xcc, 0xea, 0x67, 0xff, 0x2c, 0xc7, 0x00, 0x2d, 0x41, 0x78, 0x30,
0x21, 0x0c, 0x47, 0xd2, 0x48, 0xcd, 0x41, 0x3f, 0xff, 0x05, 0x41, 0x04, 0xe3, 0xc0, 0xea, 0xef,
0xff, 0xc4, 0xea, 0xef, 0xff, 0x3c, 0xe7, 0x02, 0x47, 0x21, 0x80, 0xc4, 0xea, 0xef, 0xff, 0x3c,
0xa7, 0x5a, 0x47, 0x27, 0x00, 0xc4, 0xea, 0xef, 0xff, 0x30, 0xe7, 0x04, 0xc0, 0xea, 0xef, 0xff,
0xc4, 0xea, 0xef, 0xff, 0x04, 0x67, 0xcd, 0x41, 0x7f, 0xff, 0x47, 0xd2, 0x48, 0x47, 0xa4, 0x60,
0x31, 0x41, 0x04, 0xcc, 0x6a, 0x37, 0xff, 0xcc, 0x8a, 0x17, 0xff, 0xcc, 0xaa, 0x27, 0xff, 0xcc,
0xea, 0x77, 0xff, 0x24, 0xe7, 0x00, 0x3e, 0x07, 0x39, 0x3e, 0x07, 0x38, 0xcc, 0xca, 0x77, 0xff,
0x00, 0xd8, 0xcc, 0xca, 0x37, 0xff, 0x04, 0x67, 0x4a, 0xe7, 0xff, 0x04, 0xe3, 0xcc, 0xea, 0x2f,
0xff, 0xcc, 0xea, 0x57, 0xff, 0x24, 0xe7, 0x00, 0x3e, 0x07, 0x39, 0x3e, 0x07, 0x38, 0xcc, 0xca,
0x57, 0xff, 0x00, 0xd8, 0xcc, 0xca, 0x17, 0xff, 0x04, 0x67, 0x4b, 0x7b, 0xff, 0x04, 0xe3, 0xcc,
0xea, 0x0f, 0xff, 0xcc, 0xea, 0x67, 0xff, 0x00, 0xff, 0xcc, 0xea, 0x27, 0xff, 0xcc, 0xea, 0x67,
0xff, 0x44, 0x07, 0x68, 0xcc, 0xca, 0x6f, 0xff, 0xcc, 0xea, 0x4f, 0xff, 0xd2, 0xcc, 0x7d, 0x00,
0xcc, 0xea, 0x6f, 0xff, 0x41, 0x07, 0xd9, 0xcc, 0xca, 0x6f, 0xff, 0xcc, 0xea, 0x4f, 0xff, 0x60,
0xe6, 0x3d, 0x04, 0x67, 0x47, 0xb4, 0x60, 0xcd, 0x41, 0x3f, 0xff, 0x05, 0x41, 0xcc, 0x6a, 0x27,
0xff, 0xcc, 0x8a, 0x07, 0xff, 0xcc, 0xaa, 0x3b, 0xff, 0xcc, 0xea, 0x67, 0xff, 0xcc, 0xea, 0x2f,
0xff, 0xcc, 0xea, 0x47, 0xff, 0xcc, 0xea, 0x0f, 0xff, 0xcc, 0x0a, 0x37, 0xff, 0x00, 0x10, 0xcc,
0xea, 0x7b, 0xff, 0x3e, 0x07, 0x3c, 0x60, 0xe0, 0x3d, 0x6c, 0xe7, 0xf9, 0x3e, 0x07, 0x38, 0xcc,
0xca, 0x7b, 0xff, 0x00, 0xdf, 0xcc, 0xca, 0x3b, 0xff, 0x40, 0x07, 0x62, 0xcc, 0xea, 0x6f, 0xff,
0x24, 0xe7, 0x00, 0x3e, 0x07, 0x39, 0x04, 0xc7, 0xcc, 0xea, 0x4f, 0xff, 0x24, 0xe7, 0x00, 0x3e,
0x07, 0x39, 0x60, 0xe6, 0x3d, 0xcc, 0xea, 0x37, 0xff, 0xcc, 0xea, 0x77, 0xff, 0x3e, 0x07, 0x3c,
0x00, 0xff, 0x6c, 0xe7, 0xf9, 0x3e, 0x07, 0x38, 0xcc, 0xca, 0x6f, 0xff, 0x00, 0xd8, 0xcc, 0xca,
0x2f, 0xff, 0xcc, 0xca, 0x4f, 0xff, 0x00, 0xd8, 0xcc, 0xca, 0x0f, 0xff, 0x41, 0x07, 0xc5, 0xcc,
0xea, 0x77, 0xff, 0x04, 0x67, 0xcd, 0x41, 0x7f, 0xff, 0x47, 0xd2, 0x48, 0xcd, 0x41, 0x3f, 0xff,
0x05, 0x41, 0xcc, 0x6a, 0x37, 0xff, 0x04, 0xe4, 0xc0, 0xea, 0xd7, 0xff, 0xcc, 0xea, 0x77, 0xff,
0xcc, 0xea, 0x2f, 0xff, 0x0c, 0xc0, 0xcc, 0xea, 0x77, 0xff, 0x00, 0xf8, 0xcc, 0xea, 0x37, 0xff,
0xcc, 0xea, 0x77, 0xff, 0x24, 0xe7, 0x00, 0x3e, 0x07, 0x39, 0x41, 0x07, 0x37, 0x00, 0x10, 0xcc,
0xca, 0x77, 0xff, 0xcc, 0xea, 0x6f, 0xff, 0x60, 0xe6, 0x3a, 0x3e, 0x07, 0x3c, 0x60, 0xe0, 0x3d,
0x6c, 0xe7, 0xf9, 0x3e, 0x07, 0x38, 0xcc, 0xca, 0x77, 0xff, 0x00, 0xdf, 0xcc, 0xca, 0x37, 0xff,
0x40, 0x07, 0x18, 0xcc, 0xea, 0x77, 0xff, 0x24, 0xe7, 0x00, 0x3e, 0x07, 0x39, 0xc4, 0xca, 0xd7,
0xff, 0x3e, 0x06, 0x31, 0xd2, 0xcc, 0x7d, 0x3f, 0xcc, 0xea, 0x77, 0xff, 0x24, 0xe7, 0x00, 0x3e,
0x07, 0x39, 0xc4, 0xca, 0xd7, 0xff, 0x3e, 0x06, 0x31, 0xd2, 0xcc, 0x75, 0x00, 0xcc, 0xea, 0x77,
0xff, 0x0c, 0x80, 0x00, 0xe0, 0x04, 0x67, 0xcd, 0x41, 0x7f, 0xff, 0x47, 0xd2, 0x48, 0xcd, 0x41,
0x3f, 0xff, 0x05, 0x41, 0xcc, 0x6a, 0x37, 0xff, 0xcc, 0xea, 0x77, 0xff, 0xcc, 0xea, 0x2f, 0xff,
0x0c, 0xc0, 0xcc, 0xea, 0x6f, 0xff, 0x00, 0xf8, 0xcc, 0xea, 0x2f, 0xff, 0xcc, 0xea, 0x6f, 0xff,
0x24, 0xe7, 0x00, 0x3e, 0x07, 0x39, 0x41, 0x07, 0x37, 0xcc, 0xca, 0x6f, 0xff, 0xcc, 0xea, 0x77,
0xff, 0x60, 0xe6, 0x3d, 0x04, 0x67, 0xcd, 0x41, 0x7f, 0xff, 0x47, 0xd2, 0x48, 0xcd, 0x41, 0x3f,
0xff, 0x05, 0x41, 0xcc, 0x6a, 0x37, 0xff, 0xcc, 0x8a, 0x17, 0xff, 0xcc, 0xaa, 0x27, 0xff, 0xcc,
0xea, 0x77, 0xff, 0xcc, 0xea, 0x2f, 0xff, 0xcc, 0xea, 0x57, 0xff, 0xcc, 0xea, 0x0f, 0xff, 0x0c,
0x90, 0xcc, 0xea, 0x4f, 0xff, 0x24, 0xc7, 0x00, 0xcc, 0xea, 0x6f, 0xff, 0x20, 0xc7, 0x00, 0xcc,
0xea, 0x6f, 0xff, 0x00, 0xf8, 0xcc, 0xea, 0x2f, 0xff, 0xcc, 0xea, 0x4f, 0xff, 0x00, 0xf8, 0xcc,
0xea, 0x0f, 0xff, 0xcc, 0xea, 0x67, 0xff, 0x3e, 0x07, 0x3c, 0x60, 0xe0, 0x3d, 0x6c, 0xe7, 0xf9,
0x3e, 0x07, 0x38, 0xcc, 0xca, 0x67, 0xff, 0x00, 0xdf, 0xcc, 0xca, 0x27, 0xff, 0x41, 0x07, 0x23,
0xcd, 0x41, 0x7f, 0xff, 0x47, 0xd2, 0x48, 0xcd, 0x41, 0x3f, 0xff, 0x05, 0x41, 0xcc, 0x6a, 0x27,
0xff, 0xcc, 0x8a, 0x07, 0xff, 0xcc, 0xaa, 0x3b, 0xff, 0xcc, 0x0a, 0x37, 0xff, 0xcc, 0xea, 0x67,
0xff, 0xcc, 0xea, 0x2f, 0xff, 0xcc, 0xea, 0x47, 0xff, 0xcc, 0xea, 0x0f, 0xff, 0x0d, 0xf0, 0xcc,
0xea, 0x6f, 0xff, 0x24, 0xe7, 0x00, 0x04, 0xc7, 0xcc, 0xea, 0x4f, 0xff, 0x24, 0xe7, 0x00, 0x60,
0xe6, 0x3d, 0xcc, 0xea, 0x37, 0xff, 0xcc, 0xea, 0x77, 0xff, 0x41, 0x07, 0x54, 0xcc, 0xea, 0x6f,
0xff, 0x00, 0xf8, 0xcc, 0xea, 0x2f, 0xff, 0xcc, 0xea, 0x4f, 0xff, 0x00, 0xf8, 0xcc, 0xea, 0x0f,
0xff, 0xcc, 0xea, 0x7b, 0xff, 0x00, 0xff, 0xcc, 0xea, 0x3b, 0xff, 0xcc, 0xea, 0x7b, 0xff, 0x41,
0x07, 0x03, 0x0c, 0x80, 0x00, 0x10, 0xcc, 0xea, 0x77, 0xff, 0x04, 0x67, 0xcd, 0x41, 0x7f, 0xff,
0x47, 0xd2, 0x48, 0xcd, 0x41, 0x3f, 0xff, 0x05, 0x41, 0xcc, 0x6a, 0x37, 0xff, 0xcc, 0x8a, 0x17,
0xff, 0xcc, 0xaa, 0x27, 0xff, 0xcc, 0xea, 0x77, 0xff, 0xcc, 0xea, 0x2f, 0xff, 0x0d, 0x60, 0xcc,
0xea, 0x57, 0xff, 0x3e, 0x07, 0x30, 0xcc, 0xea, 0x6f, 0xff, 0x20, 0xc7, 0x00, 0xcc, 0xea, 0x6f,
0xff, 0x00, 0xf8, 0xcc, 0xea, 0x2f, 0xff, 0xcc, 0xea, 0x67, 0xff, 0x3e, 0x07, 0x3c, 0x60, 0xe0,
0x3d, 0x6c, 0xe7, 0xf9, 0x3e, 0x07, 0x38, 0xcc, 0xca, 0x67, 0xff, 0x00, 0xdf, 0xcc, 0xca, 0x27,
0xff, 0x41, 0x07, 0x73, 0xcd, 0x41, 0x7f, 0xff, 0x47, 0xd2, 0x48, 0x47, 0xa4, 0x00, 0x31, 0x41,
0x10, 0xc4, 0xe2, 0xbb, 0x57, 0x9d, 0x87, 0xff, 0x00, 0x00, 0x00, 0x47, 0x24, 0x40, 0xc4, 0xe2,
0x6c, 0x6c, 0x40, 0x07, 0x08, 0xc4, 0xe2, 0xbb, 0x57, 0x04, 0x67, 0x00, 0x88, 0x49, 0x5b, 0xdf,
0x0e, 0xc0, 0xc4, 0xe2, 0xbb, 0x57, 0x04, 0x67, 0x00, 0x80, 0x4a, 0xeb, 0xdf, 0x47, 0xb4, 0x00,
0x47, 0xa4, 0x00, 0x31, 0x41, 0x10, 0xc4, 0xe2, 0xbb, 0x57, 0x9d, 0x87, 0xff, 0x00, 0x00, 0x00,
0x47, 0x24, 0x40, 0xc4, 0xe2, 0x6c, 0x6c, 0x40, 0x07, 0x08, 0xc4, 0xe2, 0xbb, 0x57, 0x04, 0x67,
0x00, 0x80, 0x4a, 0xb3, 0xdf, 0x0e, 0xc0, 0xc4, 0xe2, 0xbb, 0x57, 0x04, 0x67, 0x00, 0x88, 0x48,
0x53, 0xdf, 0x47, 0xb4, 0x00, 0x47, 0xa4, 0x00, 0x31, 0x41, 0x10, 0x38, 0x60, 0xc8, 0x00, 0x88,
0x4b, 0x99, 0xdf, 0x38, 0x60, 0xa8, 0x00, 0x88, 0x4b, 0xe9, 0xdf, 0x38, 0x60, 0x48, 0x00, 0x88,
0x4b, 0xa9, 0xdf, 0x38, 0x60, 0x28, 0x00, 0x88, 0x4b, 0xc9, 0xdf, 0x38, 0x60, 0x50, 0x48, 0xaa,
0x1f, 0x38, 0x60, 0xc8, 0x00, 0x80, 0x4a, 0x3d, 0xdf, 0x00, 0x60, 0x49, 0x80, 0x00, 0x47, 0xb4,
0x00, 0x47, 0xa4, 0x40, 0x31, 0x41, 0x08, 0x04, 0xe3, 0xc0, 0xea, 0xef, 0xff, 0xc4, 0xea, 0xef,
0xff, 0x34, 0xe7, 0x80, 0x38, 0x60, 0x28, 0x04, 0x87, 0x49, 0xcd, 0xdf, 0xc4, 0xea, 0xef, 0xff,
0x6c, 0xe7, 0x81, 0x3e, 0x07, 0x38, 0x34, 0xe7, 0x80, 0x38, 0x60, 0xa8, 0x04, 0x87, 0x4a, 0x75,
0xdf, 0xc4, 0xea, 0xef, 0xff, 0x6c, 0xe7, 0x41, 0x3e, 0x07, 0x38, 0x34, 0xe7, 0x80, 0x38, 0x60,
0x48, 0x04, 0x87, 0x48, 0x95, 0xdf, 0x47, 0xb4, 0x40, 0xcd, 0x41, 0x3f, 0xff, 0x05, 0x41, 0x98,
0xe0, 0x30, 0x01, 0xaf, 0x00, 0x98, 0xc0, 0x01, 0x30, 0x08, 0x00, 0x2c, 0xc7, 0x00, 0xcd, 0x41,
0x7f, 0xff, 0x47, 0xd2, 0x48, 0x47, 0xa4, 0x00, 0x31, 0x41, 0x10, 0xc8, 0x02, 0x3c, 0x6c, 0x49,
0x6f, 0xff, 0x98, 0xe0, 0x20, 0x00, 0x01, 0x00, 0x98, 0xc0, 0x20, 0x00, 0x01, 0x00, 0x2c, 0xc6,
0x40, 0x94, 0xc6, 0xff, 0xdf, 0xef, 0xff, 0x2c, 0xc7, 0x00, 0x47, 0xb4, 0x00, 0x47, 0xa4, 0x00,
0x31, 0x41, 0x10, 0xc8, 0xe2, 0xab, 0x17, 0x9d, 0xc7, 0xff, 0xff, 0x00, 0x00, 0x47, 0x2c, 0x40,
0x00, 0xef, 0xc0, 0xe2, 0x3b, 0x57, 0x00, 0xef, 0xc0, 0xe2, 0x2c, 0x6c, 0x00, 0xef, 0xc0, 0xe2,
0xbb, 0x57, 0x00, 0xef, 0xc0, 0xe2, 0x6c, 0x6c, 0x00, 0xef, 0xc0, 0xe2, 0xac, 0x6c, 0x0e, 0x48,
0x98, 0xe0, 0xe0, 0x01, 0xe0, 0x00, 0x24, 0xe7, 0x00, 0xc0, 0xe2, 0x3b, 0x57, 0x98, 0xe0, 0x40,
0x01, 0xe0, 0x00, 0x24, 0xe7, 0x00, 0x94, 0xe7, 0x01, 0xff, 0xff, 0xff, 0x3e, 0x07, 0x38, 0xc0,
0xe2, 0x2c, 0x6c, 0x98, 0xe0, 0x14, 0x01, 0xe0, 0x00, 0x24, 0xe7, 0x00, 0xc0, 0xe2, 0xbb, 0x57,
0x98, 0xe0, 0x40, 0x01, 0xe0, 0x00, 0x24, 0xe7, 0x00, 0x34, 0xe7, 0x40, 0x3e, 0x07, 0x38, 0xc0,
0xe2, 0x6c, 0x6c, 0xc0, 0x02, 0xac, 0x6c, 0xc4, 0xe2, 0xbb, 0x57, 0x04, 0x87, 0xc4, 0xe2, 0x6c,
0x6c, 0x04, 0xa7, 0xc4, 0xe2, 0x3b, 0x57, 0x04, 0xc7, 0xc4, 0xe2, 0x2c, 0x6c, 0xc6, 0xe2, 0xac,
0x6c, 0x98, 0x60, 0x8e, 0x40, 0x80, 0x00, 0x05, 0x17, 0x4b, 0xe5, 0x17, 0xc4, 0xe2, 0xac, 0x6c,
0x3c, 0x27, 0xaa, 0x47, 0x29, 0xc0, 0xc4, 0xe2, 0x3b, 0x57, 0x04, 0x67, 0x00, 0x88, 0x4a, 0x7c,
0xdf, 0xc4, 0xe2, 0x3b, 0x57, 0x3c, 0xa7, 0x68, 0x47, 0x20, 0x60, 0xc4, 0xe2, 0x2c, 0x6c, 0x40,
0x07, 0x08, 0xc4, 0xe2, 0x3b, 0x57, 0x04, 0x67, 0x00, 0x88, 0x4a, 0xc6, 0xdf, 0x0f, 0x48, 0xc4,
0xe2, 0x3b, 0x57, 0x04, 0x67, 0x00, 0x80, 0x48, 0x06, 0xdf, 0x0d, 0xf0, 0xc4, 0xe2, 0xac, 0x6c,
0x9d, 0xc7, 0x55, 0x00, 0x00, 0x00, 0x47, 0x27, 0x40, 0xc4, 0xe2, 0x3b, 0x57, 0x3c, 0xa7, 0x68,
0x47, 0x21, 0x40, 0xc4, 0xe2, 0x2c, 0x6c, 0x40, 0x07, 0x08, 0xc4, 0xe2, 0x3b, 0x57, 0x04, 0x67,
0x00, 0x80, 0x4a, 0x94, 0xdf, 0x0f, 0x20, 0xc4, 0xe2, 0x3b, 0x57, 0x04, 0x67, 0x00, 0x8c, 0x48,
0x64, 0xdf, 0x0d, 0x80, 0xc0, 0x02, 0xac, 0x6c, 0xc4, 0xe2, 0xcb, 0xaf, 0x40, 0x07, 0x50, 0xc4,
0xe2, 0xcb, 0xaf, 0x41, 0x47, 0x48, 0xc0, 0x02, 0x1b, 0x57, 0x4b, 0x0d, 0xef, 0x48, 0x41, 0xff,
0x4a, 0x95, 0xff, 0x0f, 0x90, 0xc0, 0x02, 0x1b, 0x57, 0xc4, 0xe2, 0xbb, 0x57, 0x9d, 0x87, 0xff,
0x00, 0x00, 0x00, 0x47, 0x2e, 0x80, 0x4b, 0x95, 0xef, 0xc4, 0xe2, 0xbb, 0x57, 0x04, 0x67, 0x00,
0x88, 0x49, 0xa8, 0xdf, 0x4b, 0xba, 0xff, 0x49, 0xf9, 0xff, 0x47, 0xb4, 0x00, 0xcd, 0x41, 0x3f,
0xff, 0x05, 0x41, 0xc8, 0xe2, 0xbc, 0x6c, 0x04, 0x67, 0xcd, 0x41, 0x7f, 0xff, 0x47, 0xd2, 0x48,
0x47, 0xa4, 0x40, 0x31, 0x41, 0x08, 0xd8, 0x60, 0x00, 0x52, 0x48, 0x34, 0x7f, 0xcc, 0x6a, 0x2f,
0xff, 0xd8, 0x60, 0x00, 0x52, 0x00, 0x80, 0x48, 0x8e, 0xbf, 0x98, 0xe0, 0x30, 0x01, 0xaf, 0x00,
0x98, 0xc0, 0x30, 0x01, 0xaf, 0x00, 0x2c, 0xc6, 0x40, 0x98, 0xc6, 0x00, 0x00, 0x04, 0x00, 0x2c,
0xc7, 0x00, 0xc4, 0xe2, 0x1b, 0x57, 0x41, 0x07, 0x42, 0xc4, 0xe2, 0xcb, 0xaf, 0x40, 0x07, 0x50,
0xc4, 0xe2, 0xcb, 0xaf, 0x41, 0x47, 0x10, 0x48, 0xb2, 0x00, 0x0f, 0xf0, 0xc4, 0xe2, 0x62, 0x6c,
0x00, 0xf8, 0x3e, 0x07, 0x38, 0xc0, 0xe2, 0x62, 0x6c, 0xc4, 0xe2, 0x62, 0x6c, 0x41, 0x27, 0x10,
0x4b, 0x7c, 0xff, 0x0c, 0x90, 0xc4, 0xe2, 0x62, 0x6c, 0x3c, 0x27, 0x10, 0x47, 0x2d, 0x80, 0xc0,
0x02, 0x62, 0x6c, 0x4a, 0xe2, 0xff, 0x0e, 0x20, 0xc8, 0xe2, 0xbc, 0x6c, 0x00, 0xf8, 0x3e, 0x07,
0x3a, 0xc8, 0xe2, 0x3c, 0x6c, 0x0c, 0x80, 0x00, 0x10, 0x00, 0x60, 0x48, 0x56, 0xef, 0xd8, 0x60,
0x00, 0x52, 0xcc, 0x8a, 0x6f, 0xff, 0x4a, 0x8a, 0xbf, 0x47, 0xb4, 0x40, 0x47, 0xa4, 0x00, 0x31,
0x41, 0x10, 0xd8, 0x62, 0x7b, 0x57, 0xd8, 0x80, 0x00, 0xa0, 0x48, 0x13, 0x5f, 0x04, 0xe3, 0x40,
0x07, 0xc8, 0xc8, 0xe2, 0xa2, 0x6c, 0x3e, 0x07, 0x3a, 0x00, 0xf8, 0x3e, 0x07, 0x3a, 0xc8, 0xe2,
0x22, 0x6c, 0xc8, 0xe2, 0xa2, 0x6c, 0x3e, 0x07, 0x3a, 0x3c, 0xe7, 0x4c, 0x47, 0x2e, 0x00, 0x00,
0xe8, 0x0c, 0x80, 0x00, 0xe0, 0x04, 0x67, 0x47, 0xb4, 0x00, 0x47, 0xa4, 0x40, 0x31, 0x41, 0x08,
0x98, 0xe0, 0xa0, 0x01, 0xe0, 0x00, 0x24, 0xe7, 0x00, 0xc0, 0xea, 0xef, 0xff, 0x98, 0xe0, 0x80,
0x01, 0xe0, 0x00, 0x24, 0xe7, 0x00, 0x34, 0xe7, 0x02, 0xc0, 0xea, 0x6f, 0xff, 0xc4, 0xea, 0xef,
0xff, 0x04, 0x67, 0x00, 0x88, 0x49, 0x33, 0x5f, 0xd8, 0x60, 0x2f, 0x80, 0x49, 0xb1, 0xef, 0xc4,
0xea, 0x6f, 0xff, 0x40, 0x07, 0x08, 0xc4, 0xea, 0xef, 0xff, 0x04, 0x67, 0x00, 0x80, 0x4a, 0x4f,
0x5f, 0x0e, 0xc0, 0xc4, 0xea, 0xef, 0xff, 0x04, 0x67, 0x00, 0x88, 0x48, 0xf7, 0x5f, 0x4b, 0x49,
0x1f, 0x49, 0x37, 0xef, 0xcc, 0xe2, 0x5c, 0x6c, 0x38, 0xe7, 0x20, 0xcc, 0xe2, 0x1c, 0x6c, 0x98,
0xe0, 0x00, 0x00, 0x6f, 0x00, 0xcc, 0xc2, 0x5c, 0x6c, 0x2c, 0xc7, 0x00, 0x98, 0xe0, 0x20, 0x00,
0x01, 0x00, 0x98, 0xc0, 0x20, 0x00, 0x01, 0x00, 0x2c, 0xc6, 0x40, 0x94, 0xc6, 0xff, 0xef, 0xff,
0xff, 0x2c, 0xc7, 0x00, 0x00, 0x64, 0x38, 0x80, 0x08, 0x4b, 0x45, 0x5f, 0x38, 0x60, 0x90, 0x4a,
0x22, 0x1f, 0x49, 0x53, 0xff, 0x4b, 0x9a, 0x9f, 0x47, 0xb4, 0x40, 0x47, 0xa4, 0x00, 0x31, 0x41,
0x10, 0xcc, 0xe2, 0x42, 0x6c, 0x40, 0x07, 0x88, 0x38, 0x60, 0xc8, 0x00, 0x80, 0x49, 0x6b, 0x5f,
0xcc, 0x02, 0x02, 0x6c, 0x0c, 0x20, 0x38, 0x60, 0xc8, 0x00, 0x88, 0x48, 0xcb, 0x5f, 0x00, 0xe8,
0xcc, 0xe2, 0x02, 0x6c, 0x47, 0xb4, 0x00, 0x47, 0xa4, 0x00, 0x31, 0x41, 0x10, 0x00, 0x62, 0x49,
0x28, 0xff, 0x38, 0x60, 0xc8, 0x00, 0x80, 0x48, 0x33, 0x5f, 0x0c, 0x00, 0x47, 0xa4, 0x00, 0x31,
0x41, 0x10, 0x38, 0x60, 0xc8, 0x00, 0x88, 0x48, 0x13, 0x5f, 0x00, 0x60, 0x4a, 0xb0, 0xff, 0x38,
0x60, 0x50, 0x48, 0x3a, 0xef, 0x00, 0x64, 0x49, 0x50, 0xff, 0x38, 0x60, 0xc8, 0x00, 0x80, 0x48,
0x43, 0x5f, 0x0c, 0x00, 0x47, 0xa4, 0x40, 0x31, 0x41, 0x08, 0x04, 0xe3, 0xc0, 0xea, 0xef, 0xff,
0x98, 0xe0, 0x00, 0x00, 0x2f, 0x00, 0x38, 0xc0, 0x1e, 0x2c, 0xc7, 0x00, 0x98, 0xe0, 0x20, 0x00,
0x2f, 0x00, 0x38, 0xc0, 0x1e, 0x2c, 0xc7, 0x00, 0xc4, 0xea, 0xef, 0xff, 0x41, 0x07, 0x70, 0x98,
0x60, 0x00, 0x08, 0x70, 0x00, 0x49, 0x65, 0xe7, 0x0f, 0x40, 0x98, 0x60, 0x00, 0x43, 0x80, 0x00,
0x4b, 0xc5, 0xe7, 0x47, 0xb4, 0x40, 0xcd, 0x41, 0x3f, 0xff, 0x05, 0x41, 0x98, 0xe0, 0x00, 0x01,
0x0f, 0x00, 0x2c, 0x07, 0x00, 0xcd, 0x41, 0x7f, 0xff, 0x47, 0xd2, 0x48, 0x47, 0xa4, 0x40, 0x31,
0x41, 0x08, 0xcc, 0x6a, 0x2f, 0xff, 0xd8, 0x60, 0x00, 0x52, 0x48, 0x39, 0xbf, 0x04, 0xc3, 0xcc,
0xea, 0x6f, 0xff, 0x2c, 0xc7, 0x00, 0xd8, 0x60, 0x00, 0x52, 0x00, 0x80, 0x4b, 0xfb, 0x3f, 0x00,
0x60, 0x49, 0x2f, 0x6f, 0x47, 0xb4, 0x40, 0x47, 0xa4, 0x40, 0x31, 0x41, 0x08, 0xcc, 0x6a, 0x2f,
0xff, 0xd8, 0x60, 0x00, 0x52, 0xcc, 0x8a, 0x6f, 0xff, 0x49, 0x1b, 0x3f, 0x00, 0x68, 0x4a, 0xb7,
0x6f, 0x47, 0xb4, 0x40, 0xcd, 0x41, 0x3f, 0xff, 0x05, 0x41, 0xcc, 0x6a, 0x2f, 0xff, 0x98, 0xe0,
0x00, 0x01, 0x2f, 0x00, 0xcc, 0xca, 0x6f, 0xff, 0x98, 0xc6, 0x00, 0x00, 0x5a, 0x00, 0x2c, 0xc7,
0x00, 0x98, 0xe0, 0x00, 0x01, 0x2f, 0x00, 0xcc, 0xca, 0x6f, 0xff, 0x98, 0xc6, 0x00, 0x00, 0xa5,
0x00, 0x2c, 0xc7, 0x00, 0xcd, 0x41, 0x7f, 0xff, 0x47, 0xd2, 0x48, 0x3c, 0xe5, 0xf0, 0x47, 0x20,
0x90, 0x60, 0xe4, 0x19, 0x34, 0xe7, 0xc0, 0xd0, 0x40, 0x77, 0x10, 0x04, 0xc4, 0x04, 0xe3, 0x06,
0xe5, 0x2f, 0x06, 0x40, 0x32, 0xf7, 0x0f, 0x3c, 0xb7, 0xf0, 0x2f, 0x07, 0x00, 0x2f, 0x06, 0x60,
0x2f, 0x07, 0x20, 0x2f, 0x06, 0x50, 0x2f, 0x07, 0x10, 0x2f, 0x06, 0x70, 0x30, 0xc6, 0x08, 0x2f,
0x07, 0x30, 0x30, 0xe7, 0x08, 0x47, 0x23, 0xbf, 0x30, 0xc5, 0x0f, 0x94, 0xc6, 0x0f, 0xff, 0xff,
0xff, 0x30, 0xc6, 0x08, 0x37, 0x45, 0xf0, 0x60, 0xe3, 0x34, 0x08, 0x86, 0xd2, 0x31, 0xab, 0x20,
0x07, 0x04, 0x06, 0xe7, 0x04, 0xda, 0x2f, 0x38, 0x40, 0x00, 0xd3, 0x03, 0x12, 0x2f, 0x37, 0x00,
0x02, 0xf2, 0xd1, 0xf0, 0x62, 0xff, 0x30, 0xda, 0x3f, 0x94, 0xc6, 0x3f, 0xff, 0xff, 0xff, 0x00,
0xd2, 0x34, 0xa5, 0xc0, 0x08, 0x86, 0x08, 0xe6, 0x40, 0x05, 0xc8, 0x08, 0xa7, 0x24, 0xc4, 0x00,
0x00, 0x98, 0x20, 0xc7, 0x00, 0x00, 0xf8, 0xd2, 0xce, 0x56, 0xff, 0x47, 0xd2, 0x48, 0x04, 0xe3,
0x41, 0x05, 0xd7, 0x0c, 0x7f, 0x04, 0xe3, 0x0c, 0x9f, 0x04, 0xba, 0x41, 0x05, 0x07, 0x0e, 0xdf,
0x34, 0xe3, 0xc0, 0xd0, 0x00, 0x7c, 0x50, 0x30, 0xc5, 0xff, 0x3e, 0x04, 0xb9, 0x04, 0xe3, 0x41,
0x05, 0x70, 0x0e, 0x24, 0x30, 0xa6, 0xff, 0xd0, 0x00, 0x63, 0x10, 0x04, 0xc5, 0x22, 0xe7, 0x00,
0x00, 0xf8, 0x34, 0xa7, 0xc0, 0x41, 0x05, 0xf7, 0xd2, 0x30, 0x69, 0x60, 0x34, 0xa4, 0xff, 0x6e,
0xe5, 0x10, 0x60, 0xb7, 0x29, 0x6e, 0xe5, 0x08, 0x62, 0xf7, 0x29, 0x07, 0x06, 0x04, 0xa7, 0x3c,
0xa6, 0xf0, 0x47, 0x30, 0xc0, 0x2e, 0xe5, 0x00, 0x33, 0x18, 0x0f, 0x3c, 0xb8, 0xf0, 0x2e, 0xe5,
0x20, 0x2e, 0xe5, 0x10, 0x2e, 0xe5, 0x30, 0x30, 0xa5, 0x08, 0x47, 0x2d, 0x7f, 0x30, 0xa6, 0x0f,
0x94, 0xa5, 0x0f, 0xff, 0xff, 0xff, 0x30, 0xa5, 0x08, 0x34, 0xc6, 0xf0, 0x08, 0xe5, 0xd2, 0x30,
0x6c, 0x40, 0x07, 0x07, 0x04, 0xa6, 0x2e, 0xf8, 0x00, 0x00, 0xb3, 0x03, 0x12, 0xd1, 0xf0, 0x59,
0xff, 0x30, 0xa6, 0x3f, 0x94, 0xa5, 0x3f, 0xff, 0xff, 0xff, 0x00, 0xb2, 0x34, 0xc6, 0xc0, 0x08,
0xe5, 0x3e, 0x04, 0x21, 0x60, 0xa7, 0x34, 0x40, 0x06, 0x30, 0x20, 0x87, 0x00, 0x00, 0xf8, 0xd2,
0xce, 0x5d, 0xff, 0x47, 0xd2, 0x48, 0x04, 0xe3, 0x04, 0xc5, 0xd1, 0xf0, 0x64, 0x1f, 0x0f, 0x1f,
0x47, 0xac, 0xd8, 0x06, 0xe4, 0x05, 0x63, 0x05, 0x45, 0x45, 0x05, 0x12, 0x33, 0x05, 0xff, 0x3c,
0x25, 0x00, 0xd8, 0xa0, 0x10, 0x40, 0x67, 0x18, 0x02, 0x04, 0x81, 0x28, 0xa1, 0x30, 0x04, 0xa6,
0x04, 0xc7, 0x00, 0xef, 0x2e, 0xe1, 0x00, 0x2e, 0xe1, 0x08, 0x2f, 0x01, 0x10, 0x2f, 0x01, 0x28,
0x28, 0xe1, 0x70, 0x4a, 0x08, 0x00, 0xd1, 0x7e, 0x30, 0x80, 0x40, 0x0a, 0x90, 0x2c, 0xe1, 0x40,
0x20, 0x07, 0x00, 0x47, 0xbc, 0xd8, 0x38, 0xe0, 0xd1, 0x2c, 0xeb, 0x00, 0x40, 0x0a, 0xef, 0x0d,
0xdf, 0x38, 0xe0, 0xd1, 0x00, 0x6f, 0x2c, 0xeb, 0x00, 0x47, 0xbc, 0xd8, 0x07, 0x23, 0x8c, 0x60,
0x40, 0x00, 0x02, 0x00, 0x07, 0x04, 0x06, 0xe5, 0x04, 0xe6, 0x04, 0x99, 0x04, 0xb8, 0x04, 0xd7,
0x0c, 0x27, 0x00, 0x00, 0x47, 0xa7, 0x7c, 0x05, 0x64, 0x05, 0x45, 0x2c, 0xc1, 0x34, 0x05, 0xa3,
0x4b, 0x93, 0x10, 0x2c, 0x63, 0x40, 0x2c, 0x01, 0x12, 0x2c, 0x61, 0x22, 0x2c, 0x01, 0x32, 0x48,
0x70, 0xb0, 0x28, 0xeb, 0xb0, 0x2c, 0x61, 0x0a, 0x34, 0xe7, 0x01, 0x3e, 0x07, 0x3b, 0x40, 0x07,
0x30, 0x2c, 0xeb, 0x48, 0xa0, 0x00, 0x73, 0xc0, 0x80, 0x00, 0xda, 0xc1, 0x1d, 0x00, 0xd8, 0xa1,
0xed, 0x00, 0x60, 0xd6, 0x2d, 0x30, 0xe1, 0x6e, 0xd8, 0x81, 0xc1, 0x00, 0xda, 0x41, 0x21, 0x00,
0x06, 0xf6, 0x2c, 0xa1, 0x04, 0xd8, 0xa1, 0xa1, 0x00, 0x2c, 0xc1, 0x3a, 0x2c, 0xe1, 0x38, 0x2c,
0x81, 0x18, 0x2c, 0xa1, 0x28, 0x2e, 0xc1, 0x21, 0x2c, 0x01, 0x3c, 0x2c, 0x01, 0x31, 0x2c, 0x01,
0x1a, 0x2c, 0x01, 0x11, 0x2c, 0x01, 0x2a, 0x2c, 0x01, 0x24, 0x24, 0xea, 0x00, 0x38, 0x80, 0xa4,
0x3e, 0x07, 0x30, 0xd2, 0x8c, 0x49, 0xc2, 0xd0, 0x00, 0x6a, 0xc2, 0x38, 0xa0, 0xa4, 0x05, 0x8a,
0x0c, 0x40, 0x3e, 0x07, 0x38, 0x40, 0x07, 0x88, 0x01, 0x98, 0x24, 0xec, 0x00, 0x60, 0xc7, 0x2a,
0x3e, 0x06, 0x30, 0x41, 0x06, 0xf7, 0x61, 0xcc, 0x55, 0x40, 0x0e, 0x14, 0x2f, 0x01, 0x71, 0x2c,
0xe1, 0x51, 0x0b, 0x0e, 0x00, 0xf8, 0x2d, 0x57, 0x00, 0x2d, 0xd7, 0x20, 0x32, 0xf7, 0x10, 0x2f,
0x01, 0x31, 0x2c, 0xe1, 0x11, 0xd0, 0xf8, 0x71, 0xdc, 0x2c, 0xa1, 0x64, 0x08, 0xae, 0x2c, 0xa1,
0x24, 0x24, 0xec, 0x00, 0xd0, 0x00, 0x75, 0xdc, 0x20, 0x01, 0xa6, 0x38, 0xc0, 0x50, 0x38, 0xa0,
0xd4, 0x3b, 0x20, 0x04, 0x31, 0x4c, 0x80, 0x02, 0xaf, 0x2c, 0x01, 0x14, 0x01, 0x80, 0x00, 0x8f,
0x25, 0xca, 0x00, 0x01, 0x58, 0x3e, 0x0e, 0x71, 0x30, 0xee, 0x07, 0x3c, 0xa7, 0x1a, 0x47, 0x3a,
0x30, 0xd0, 0x00, 0xeb, 0x1c, 0x21, 0xc1, 0x09, 0xda, 0x01, 0x09, 0x00, 0x01, 0xe8, 0x20, 0x01,
0xa6, 0x02, 0x28, 0x2c, 0x01, 0x1c, 0x2c, 0x01, 0x02, 0x34, 0xec, 0x40, 0x34, 0xcc, 0x21, 0x2c,
0xe1, 0x0c, 0x30, 0xef, 0x40, 0x2c, 0xc1, 0x2c, 0x2c, 0xc1, 0x4c, 0x3c, 0x26, 0x00, 0x65, 0xe7,
0x7a, 0x2c, 0xe1, 0x6c, 0xd0, 0x40, 0x7b, 0xba, 0x2c, 0x81, 0x54, 0x62, 0x64, 0x7d, 0xd1, 0x01,
0x3c, 0xba, 0x2f, 0x01, 0x71, 0x2c, 0xe1, 0x51, 0x9a, 0x80, 0x23, 0x40, 0x80, 0x00, 0x3a, 0xa0,
0x08, 0x3c, 0xd3, 0x08, 0x47, 0x37, 0x00, 0x0c, 0x08, 0x32, 0x73, 0x0f, 0x3c, 0x93, 0x08, 0x47,
0x31, 0xc0, 0x2e, 0x97, 0x00, 0x33, 0x18, 0x08, 0x00, 0xf8, 0x2e, 0xb7, 0x20, 0x32, 0xf7, 0x10,
0x2f, 0x01, 0x31, 0x2c, 0xe1, 0x11, 0x44, 0xe7, 0xc7, 0x04, 0x6d, 0x04, 0x8b, 0x04, 0xb2, 0x4a,
0x33, 0x30, 0xd0, 0x40, 0x3b, 0x8c, 0x32, 0x73, 0x0f, 0x06, 0xf6, 0x2f, 0x01, 0x71, 0x2c, 0xe1,
0x51, 0x3c, 0x93, 0x08, 0x47, 0x27, 0x3f, 0x2e, 0x97, 0x00, 0x0b, 0x13, 0x00, 0xf8, 0x2e, 0x77,
0x20, 0x32, 0xf7, 0x10, 0x2f, 0x01, 0x31, 0x2c, 0xe1, 0x11, 0xd1, 0x38, 0x75, 0x6a, 0x04, 0x6d,
0x04, 0x8b, 0x04, 0xb2, 0x48, 0xfd, 0x30, 0xd0, 0x40, 0x31, 0x74, 0x2f, 0x01, 0x71, 0x06, 0xf6,
0x46, 0x2a, 0xa0, 0x6c, 0xe7, 0x40, 0x90, 0xe7, 0x2b, 0xe9, 0x00, 0x00, 0x2c, 0xe7, 0x40, 0x47,
0xd2, 0x38, 0x00, 0x00, 0xaa, 0x9c, 0x00, 0x00, 0x01, 0x97, 0x00, 0x00, 0x01, 0x97, 0x00, 0x00,
0xe8, 0x9b, 0x00, 0x00, 0x01, 0x97, 0x00, 0x00, 0x01, 0x97, 0x00, 0x00, 0x01, 0x97, 0x00, 0x00,
0x01, 0x97, 0x00, 0x00, 0x01, 0x97, 0x00, 0x00, 0x01, 0x97, 0x00, 0x00, 0x59, 0x9a, 0x00, 0x00,
0xee, 0x9b, 0x00, 0x00, 0x01, 0x97, 0x00, 0x00, 0x77, 0x9a, 0x00, 0x00, 0xd8, 0x9c, 0x00, 0x00,
0x01, 0x97, 0x00, 0x00, 0xe2, 0x9b, 0x00, 0x00, 0xb7, 0x9c, 0x00, 0x00, 0xb7, 0x9c, 0x00, 0x00,
0xb7, 0x9c, 0x00, 0x00, 0xb7, 0x9c, 0x00, 0x00, 0xb7, 0x9c, 0x00, 0x00, 0xb7, 0x9c, 0x00, 0x00,
0xb7, 0x9c, 0x00, 0x00, 0xb7, 0x9c, 0x00, 0x00, 0xb7, 0x9c, 0x00, 0x00, 0x01, 0x97, 0x00, 0x00,
0x01, 0x97, 0x00, 0x00, 0x01, 0x97, 0x00, 0x00, 0x01, 0x97, 0x00, 0x00, 0x01, 0x97, 0x00, 0x00,
0x01, 0x97, 0x00, 0x00, 0x01, 0x97, 0x00, 0x00, 0x01, 0x97, 0x00, 0x00, 0x01, 0x97, 0x00, 0x00,
0x01, 0x97, 0x00, 0x00, 0xdf, 0x99, 0x00, 0x00, 0x51, 0x9b, 0x00, 0x00, 0x01, 0x97, 0x00, 0x00,
0x51, 0x9b, 0x00, 0x00, 0x01, 0x97, 0x00, 0x00, 0x01, 0x97, 0x00, 0x00, 0x01, 0x97, 0x00, 0x00,
0x01, 0x97, 0x00, 0x00, 0xbf, 0x9b, 0x00, 0x00, 0x01, 0x97, 0x00, 0x00, 0x01, 0x97, 0x00, 0x00,
0xb1, 0x99, 0x00, 0x00, 0x01, 0x97, 0x00, 0x00, 0x01, 0x97, 0x00, 0x00, 0x01, 0x97, 0x00, 0x00,
0x01, 0x97, 0x00, 0x00, 0x01, 0x97, 0x00, 0x00, 0x3e, 0x99, 0x00, 0x00, 0x01, 0x97, 0x00, 0x00,
0x01, 0x97, 0x00, 0x00, 0x03, 0x9b, 0x00, 0x00, 0x01, 0x97, 0x00, 0x00, 0x01, 0x97, 0x00, 0x00,
0x01, 0x97, 0x00, 0x00, 0x01, 0x97, 0x00, 0x00, 0x01, 0x97, 0x00, 0x00, 0x01, 0x97, 0x00, 0x00,
0x01, 0x97, 0x00, 0x00, 0x01, 0x97, 0x00, 0x00, 0x01, 0x97, 0x00, 0x00, 0x01, 0x97, 0x00, 0x00,
0x35, 0x9b, 0x00, 0x00, 0xe2, 0x99, 0x00, 0x00, 0x51, 0x9b, 0x00, 0x00, 0x51, 0x9b, 0x00, 0x00,
0x51, 0x9b, 0x00, 0x00, 0xf4, 0x9b, 0x00, 0x00, 0xe2, 0x99, 0x00, 0x00, 0x01, 0x97, 0x00, 0x00,
0x01, 0x97, 0x00, 0x00, 0x38, 0x99, 0x00, 0x00, 0x01, 0x97, 0x00, 0x00, 0xc5, 0x9b, 0x00, 0x00,
0xb4, 0x99, 0x00, 0x00, 0x73, 0x9c, 0x00, 0x00, 0x38, 0x99, 0x00, 0x00, 0x01, 0x97, 0x00, 0x00,
0x20, 0x9c, 0x00, 0x00, 0x01, 0x97, 0x00, 0x00, 0x41, 0x99, 0x00, 0x00, 0x01, 0x97, 0x00, 0x00,
0x01, 0x97, 0x00, 0x00, 0xfa, 0x9b, 0x00, 0x00, 0x39, 0x8c, 0x08, 0x46, 0xad, 0xbf, 0x39, 0x8c,
0x08, 0x34, 0xec, 0x08, 0xd0, 0x00, 0x74, 0x58, 0x2c, 0x81, 0x74, 0x00, 0xc8, 0x2c, 0xe4, 0x40,
0x3e, 0x07, 0xcc, 0x63, 0x20, 0xcd, 0x00, 0x92, 0x6f, 0x39, 0xf9, 0x2c, 0x81, 0x34, 0x20, 0x01,
0xa6, 0x94, 0x8c, 0xfe, 0xff, 0xff, 0xff, 0x3e, 0x15, 0x2c, 0x3c, 0x55, 0x00, 0x65, 0x84, 0x62,
0xd0, 0x00, 0x54, 0xd0, 0xa0, 0x20, 0x69, 0x61, 0x00, 0x00, 0x06, 0x16, 0xd0, 0x10, 0x6f, 0x56,
0x34, 0xc7, 0xe0, 0x02, 0x1f, 0x30, 0xc6, 0x0c, 0x3e, 0x06, 0x31, 0x6c, 0xe7, 0xc1, 0x20, 0xd0,
0x00, 0x41, 0x07, 0xf7, 0x34, 0xec, 0x80, 0x04, 0xb0, 0xd0, 0x00, 0x71, 0x56, 0x3c, 0x26, 0x0c,
0x47, 0x38, 0x56, 0x02, 0x1f, 0x38, 0xe0, 0x0c, 0x62, 0x36, 0x85, 0xc0, 0xe5, 0xff, 0xff, 0x0f,
0xc4, 0x39, 0x8c, 0x08, 0x34, 0xec, 0x08, 0xd0, 0x40, 0x74, 0x28, 0x34, 0xec, 0x02, 0xa0, 0x00,
0x72, 0xa5, 0x00, 0x00, 0x2c, 0xa1, 0x74, 0x00, 0xc0, 0x28, 0xe5, 0x80, 0x3e, 0x07, 0xcc, 0x63,
0x20, 0xcd, 0x00, 0xb2, 0x6f, 0x39, 0xf9, 0x2c, 0xa1, 0x34, 0x20, 0x01, 0xa6, 0x0c, 0x87, 0x39,
0x8c, 0x08, 0x34, 0xec, 0x08, 0xd0, 0x40, 0x73, 0xb0, 0x34, 0xec, 0x02, 0xa0, 0x00, 0x7f, 0x25,
0x00, 0x00, 0x2c, 0xc1, 0x74, 0x2c, 0xe6, 0x40, 0x00, 0xd2, 0x3e, 0x07, 0x3b, 0x2c, 0xc1, 0x34,
0xd1, 0x40, 0x70, 0xb0, 0x3e, 0x07, 0xcc, 0x63, 0x20, 0xcd, 0x6f, 0x39, 0xf9, 0x00, 0xc8, 0x94,
0x8c, 0xfe, 0xff, 0xff, 0xff, 0x3e, 0x15, 0x2c, 0x3c, 0x55, 0x00, 0x65, 0x84, 0x62, 0xd0, 0x40,
0x56, 0xaf, 0xd0, 0x41, 0x94, 0xaf, 0xd0, 0x40, 0x66, 0xea, 0x34, 0xec, 0x80, 0xd0, 0x00, 0x7f,
0x6a, 0x38, 0xe0, 0x0c, 0xda, 0x01, 0xed, 0x00, 0x2e, 0x21, 0x7a, 0x20, 0xe1, 0xed, 0x24, 0xe1,
0xa6, 0x2e, 0xa1, 0x1c, 0x3d, 0x91, 0xa8, 0x2c, 0x01, 0x02, 0x3e, 0x07, 0x39, 0x65, 0xf1, 0xaa,
0xd0, 0x00, 0x79, 0x33, 0x01, 0xf8, 0x46, 0xc3, 0x3f, 0x2c, 0xe1, 0x74, 0x2c, 0xe7, 0x40, 0x2c,
0xe1, 0x14, 0x2c, 0xe1, 0x74, 0x00, 0xf2, 0x2c, 0xe1, 0x34, 0x2c, 0xe1, 0x54, 0xd0, 0x80, 0x7c,
0x13, 0x60, 0xe0, 0x3d, 0x2c, 0xe1, 0x14, 0x39, 0x8c, 0x20, 0x46, 0x6e, 0x3f, 0x04, 0x6d, 0x04,
0x8b, 0x04, 0xb2, 0x4a, 0xd0, 0x30, 0x41, 0x03, 0x98, 0x06, 0xf6, 0x46, 0x7c, 0x3f, 0x2c, 0xe1,
0x71, 0x40, 0x07, 0x70, 0xd8, 0xa1, 0x21, 0x00, 0x04, 0x6d, 0x04, 0x8b, 0x48, 0xa0, 0x30, 0x28,
0xeb, 0xb0, 0x2c, 0x81, 0x64, 0x34, 0xe7, 0x02, 0x3e, 0x07, 0x3b, 0x3c, 0x07, 0x00, 0x00, 0xef,
0x64, 0x84, 0x3a, 0x2c, 0x81, 0x24, 0x2c, 0x61, 0x64, 0x47, 0xb7, 0x7c, 0x05, 0x8a, 0x46, 0xc8,
0x3f, 0x2c, 0xa1, 0x74, 0x2c, 0xe5, 0x40, 0x00, 0xb2, 0x2c, 0xa1, 0x34, 0xd0, 0x80, 0x71, 0xcf,
0x60, 0xe0, 0x3d, 0x3e, 0x07, 0xcc, 0x63, 0x20, 0xcd, 0x38, 0xa0, 0xb4, 0x6f, 0x39, 0xf9, 0x00,
0xc8, 0x20, 0xa1, 0xa6, 0x0f, 0x53, 0x34, 0xec, 0x02, 0xa0, 0x00, 0x71, 0x29, 0x00, 0x00, 0x2c,
0xa1, 0x74, 0x00, 0xc8, 0x28, 0xe5, 0x80, 0x0e, 0xad, 0x2c, 0x81, 0x74, 0x00, 0xc0, 0x2c, 0xe4,
0x40, 0x0f, 0xc9, 0x98, 0xc0, 0x7a, 0x20, 0x80, 0x00, 0x34, 0xec, 0x08, 0x2c, 0xc1, 0x1a, 0xd0,
0x00, 0x7d, 0xf0, 0x2c, 0x81, 0x74, 0x2c, 0xe4, 0x40, 0x00, 0x92, 0x2c, 0x81, 0x34, 0x34, 0xcc,
0x80, 0xd0, 0x40, 0x60, 0x2e, 0x3e, 0x07, 0xcc, 0x63, 0x20, 0xcd, 0x6f, 0x39, 0xf9, 0x00, 0xc4,
0x20, 0x01, 0xa6, 0x0d, 0xd1, 0x2c, 0x81, 0x74, 0x01, 0xe8, 0x2c, 0xe4, 0x40, 0x00, 0x92, 0x02,
0x28, 0x20, 0xe1, 0x09, 0xda, 0x01, 0x09, 0x00, 0x2c, 0x81, 0x34, 0x20, 0x01, 0xa6, 0x46, 0xa3,
0xdf, 0x2c, 0xa1, 0x74, 0x2c, 0xc1, 0x74, 0x2e, 0x85, 0x40, 0x2e, 0x25, 0x60, 0x30, 0xc6, 0x10,
0x04, 0x74, 0x2e, 0xe1, 0x10, 0x04, 0x91, 0x2c, 0xc1, 0x34, 0x2e, 0x81, 0x12, 0x2e, 0x21, 0x32,
0x4a, 0xa1, 0xd0, 0x2e, 0xe1, 0x50, 0xa0, 0x60, 0x35, 0xa1, 0x00, 0x00, 0x00, 0xa0, 0x00, 0xc0,
0x04, 0x74, 0x04, 0x91, 0x48, 0x97, 0x28, 0x2e, 0xe1, 0x50, 0xa1, 0x40, 0x33, 0xe3, 0x00, 0x00,
0x24, 0xe1, 0xa6, 0x3e, 0x07, 0x39, 0x98, 0xc0, 0x72, 0x20, 0x80, 0x00, 0x9a, 0x00, 0x4a, 0x20,
0x80, 0x00, 0x3c, 0x8e, 0xe2, 0x2c, 0x01, 0x1c, 0x95, 0x8c, 0xfe, 0xff, 0xff, 0xff, 0x66, 0x10,
0x32, 0x01, 0xec, 0x2c, 0x01, 0x02, 0x02, 0x2c, 0xd0, 0x40, 0x73, 0x97, 0x46, 0xba, 0xdf, 0x39,
0x8c, 0x10, 0x46, 0x74, 0xdf, 0x34, 0xec, 0x08, 0xa0, 0x00, 0x7f, 0x11, 0x00, 0x00, 0x2c, 0x81,
0x74, 0x2c, 0xa1, 0x64, 0x2c, 0xe4, 0x40, 0x00, 0x92, 0x2c, 0x81, 0x34, 0x2c, 0xa7, 0x00, 0x46,
0xd9, 0x5f, 0x39, 0x8c, 0x01, 0x46, 0xd0, 0xdf, 0x39, 0x8c, 0x80, 0x46, 0xa0, 0xdf, 0x20, 0xa1,
0xa6, 0x46, 0xff, 0x5f, 0x39, 0x8c, 0x02, 0x46, 0x9f, 0x5f, 0x98, 0xa0, 0xf6, 0x20, 0x80, 0x00,
0x34, 0xec, 0x08, 0x2c, 0xa1, 0x1a, 0xd0, 0x40, 0x7b, 0x0f, 0x34, 0xec, 0x02, 0xa0, 0x00, 0x73,
0xc1, 0x00, 0x00, 0x2c, 0xa1, 0x74, 0x28, 0xe5, 0x80, 0x00, 0xb2, 0x2c, 0xa1, 0x34, 0x0c, 0x03,
0x2c, 0xe1, 0x74, 0x2e, 0x07, 0x40, 0x20, 0x01, 0xa6, 0x06, 0x87, 0x02, 0x92, 0xa0, 0x01, 0x0a,
0x2d, 0x00, 0x00, 0x04, 0x70, 0xa1, 0x41, 0x5b, 0xb5, 0x00, 0x00, 0x2e, 0xe1, 0x10, 0x00, 0x80,
0x04, 0xb5, 0x4b, 0x7d, 0x10, 0x2e, 0xe1, 0x50, 0xa0, 0x00, 0x35, 0x41, 0x00, 0x00, 0x62, 0x23,
0x85, 0xa3, 0x63, 0x58, 0x41, 0x00, 0x00, 0x24, 0xe1, 0xa6, 0x2e, 0x81, 0x34, 0x3c, 0x51, 0x00,
0x2c, 0x01, 0x1c, 0x3e, 0x07, 0x39, 0x2c, 0x01, 0x02, 0x65, 0xf1, 0x02, 0xd0, 0x40, 0x71, 0x7b,
0x46, 0x95, 0x5f, 0x2c, 0xa1, 0x74, 0x98, 0xc0, 0xf6, 0x20, 0x80, 0x00, 0x39, 0x8c, 0x40, 0x39,
0xc0, 0x1e, 0x2c, 0xe5, 0x40, 0x00, 0xb2, 0x3e, 0x07, 0xcc, 0x63, 0x20, 0xcd, 0x6f, 0x39, 0xf9,
0x2c, 0xa1, 0x34, 0x38, 0xa0, 0x0c, 0x20, 0xa1, 0x66, 0x38, 0xa0, 0x1e, 0x2c, 0xc1, 0x1a, 0x00,
0xc4, 0x20, 0xa1, 0xe6, 0x20, 0x01, 0xa6, 0x46, 0x5d, 0x3f, 0x24, 0xe1, 0xa6, 0xd0, 0x40, 0x7c,
0x25, 0x23, 0x21, 0xa6, 0x46, 0x3c, 0x5f, 0x30, 0xee, 0x0b, 0x03, 0x00, 0x25, 0xca, 0x00, 0x67,
0x18, 0x33, 0x3e, 0x0e, 0x71, 0x0b, 0x07, 0x30, 0xee, 0x0b, 0x01, 0x58, 0x3c, 0xe7, 0x90, 0x47,
0x2b, 0x7f, 0x2f, 0x01, 0x14, 0x46, 0xc4, 0x5f, 0x25, 0xca, 0x00, 0x01, 0x58, 0x3e, 0x0e, 0x71,
0x3c, 0x0e, 0x54, 0xd6, 0x2e, 0x30, 0x00, 0x30, 0xee, 0x0b, 0x02, 0xa0, 0x3c, 0xe7, 0x90, 0x47,
0x39, 0x05, 0x25, 0xca, 0x00, 0x66, 0xb5, 0x33, 0x3e, 0x0e, 0x71, 0x0a, 0xa7, 0x30, 0xee, 0x0b,
0x01, 0x58, 0x3c, 0xe7, 0x90, 0x47, 0x2b, 0x7f, 0x3c, 0x55, 0x00, 0x66, 0xb5, 0x22, 0x46, 0x57,
0x9f, 0x2f, 0x01, 0x71, 0x24, 0xe1, 0xa6, 0x40, 0x07, 0x44, 0x2c, 0xe1, 0x51, 0x30, 0xc1, 0xa6,
0x03, 0x18, 0x00, 0xf8, 0x2c, 0xd7, 0x00, 0x00, 0xc8, 0x2c, 0xd7, 0x20, 0x32, 0xf7, 0x10, 0x2f,
0x01, 0x31, 0x2c, 0xe1, 0x11, 0xd0, 0xf8, 0x7a, 0x02, 0x2c, 0xc1, 0x4c, 0x40, 0x06, 0x44, 0x2c,
0xe1, 0x51, 0x30, 0xc1, 0x66, 0x03, 0x14, 0x00, 0xf8, 0x2c, 0xd7, 0x00, 0x00, 0xc4, 0x2c, 0xd7,
0x20, 0x32, 0xf7, 0x10, 0x2f, 0x01, 0x31, 0x2c, 0xe1, 0x11, 0xd0, 0xf8, 0x7d, 0x3c, 0x2c, 0xe1,
0x6c, 0x9d, 0xc7, 0x01, 0x00, 0x00, 0x00, 0x47, 0x33, 0xc4, 0x2c, 0xc1, 0x5c, 0x62, 0x86, 0x8d,
0x44, 0x14, 0xbe, 0x2c, 0xe1, 0x51, 0x9a, 0xa0, 0x2b, 0x40, 0x80, 0x00, 0x3a, 0x60, 0x08, 0x3c,
0xd4, 0x08, 0x47, 0x37, 0x00, 0x0c, 0x08, 0x32, 0x94, 0x0f, 0x3c, 0x94, 0x08, 0x47, 0x31, 0xc0,
0x2e, 0xb7, 0x00, 0x33, 0x18, 0x08, 0x00, 0xf8, 0x2e, 0x77, 0x20, 0x32, 0xf7, 0x10, 0x2f, 0x01,
0x31, 0x2c, 0xe1, 0x11, 0x44, 0xe7, 0xc7, 0x04, 0x6d, 0x04, 0x8b, 0x04, 0xb2, 0x4b, 0x02, 0xd0,
0xd0, 0x40, 0x3f, 0x73, 0x32, 0x94, 0x0f, 0x06, 0xf6, 0x2f, 0x01, 0x71, 0x2c, 0xe1, 0x51, 0x3c,
0x94, 0x08, 0x47, 0x27, 0x3f, 0x2e, 0xb7, 0x00, 0x0b, 0x14, 0x00, 0xf8, 0x2e, 0x97, 0x20, 0x32,
0xf7, 0x10, 0x2f, 0x01, 0x31, 0x2c, 0xe1, 0x11, 0x44, 0xe7, 0xa8, 0x04, 0x6d, 0x04, 0x8b, 0x04,
0xb2, 0x4b, 0xcc, 0xd0, 0xd0, 0x40, 0x3d, 0xd3, 0x2f, 0x01, 0x71, 0x06, 0xf6, 0x94, 0xec, 0x00,
0x80, 0x00, 0x00, 0xd0, 0x40, 0x7a, 0x70, 0x2c, 0xe1, 0x51, 0x0b, 0x11, 0x00, 0xf8, 0x56, 0x17,
0x00, 0x2f, 0x01, 0x31, 0x2c, 0xe1, 0x11, 0xd0, 0xf8, 0x7b, 0xd0, 0x32, 0xf7, 0x10, 0x35, 0x8c,
0x20, 0xd0, 0x00, 0xc4, 0x10, 0x2c, 0xa1, 0x54, 0x61, 0x85, 0x7d, 0x44, 0x0c, 0x1e, 0x2c, 0xe1,
0x51, 0x9a, 0x80, 0x23, 0x40, 0x80, 0x00, 0x39, 0xc0, 0x08, 0x3c, 0xcc, 0x08, 0x47, 0x37, 0x00,
0x0c, 0x08, 0x31, 0x8c, 0x0f, 0x3c, 0x8c, 0x08, 0x47, 0x31, 0xc0, 0x2e, 0x97, 0x00, 0x33, 0x18,
0x08, 0x00, 0xf8, 0x2d, 0xd7, 0x20, 0x32, 0xf7, 0x10, 0x2f, 0x01, 0x31, 0x2c, 0xe1, 0x11, 0x44,
0xe7, 0xc7, 0x04, 0x6d, 0x04, 0x8b, 0x04, 0xb2, 0x48, 0x68, 0xd0, 0xd0, 0x40, 0x32, 0x23, 0x31,
0x8c, 0x0f, 0x06, 0xf6, 0x2f, 0x01, 0x71, 0x2c, 0xe1, 0x51, 0x3c, 0x8c, 0x08, 0x47, 0x27, 0x3f,
0x2e, 0x97, 0x00, 0x0b, 0x0c, 0x00, 0xf8, 0x2d, 0x97, 0x20, 0x2f, 0x01, 0x31, 0x2c, 0xe1, 0x11,
0x44, 0xe7, 0xc8, 0x04, 0x6d, 0x04, 0x8b, 0x04, 0xb2, 0x4b, 0x90, 0xd0, 0xd0, 0x40, 0x3c, 0x83,
0x2f, 0x01, 0x71, 0x2c, 0xc1, 0x54, 0x2c, 0xe1, 0x64, 0x3d, 0x8f, 0x30, 0x65, 0xef, 0x32, 0x08,
0xef, 0x2c, 0xe1, 0x24, 0xd0, 0x41, 0x88, 0xe4, 0x2c, 0x01, 0x11, 0x06, 0xf6, 0x46, 0xb3, 0xef,
0x2e, 0xb7, 0x00, 0x0b, 0x0e, 0x00, 0xf8, 0x2d, 0xd7, 0x20, 0x2f, 0x01, 0x31, 0x2c, 0xe1, 0x11,
0xd1, 0x38, 0x7d, 0x2f, 0x04, 0x6d, 0x04, 0x8b, 0x04, 0xb2, 0x49, 0x9f, 0x50, 0xd0, 0x40, 0x34,
0xbd, 0x06, 0xf6, 0x2f, 0x01, 0x71, 0x0c, 0x73, 0x3c, 0xce, 0xa6, 0x47, 0x23, 0x68, 0x50, 0x61,
0x12, 0x2e, 0xe1, 0x10, 0x00, 0xa0, 0x2f, 0x01, 0x30, 0x00, 0xc0, 0x4a, 0xdd, 0xc8, 0x52, 0xe1,
0x10, 0xd0, 0x40, 0x37, 0xa4, 0x2c, 0xe1, 0x51, 0x98, 0xc0, 0xe1, 0x20, 0x80, 0x00, 0x03, 0x18,
0x00, 0xf8, 0x2c, 0xd7, 0x00, 0x00, 0xc8, 0x2c, 0xd7, 0x20, 0x32, 0xf7, 0x10, 0x2f, 0x01, 0x31,
0x2c, 0xe1, 0x11, 0xd0, 0xf8, 0x7f, 0xea, 0x2c, 0xe1, 0x56, 0x2c, 0x81, 0x7c, 0xd3, 0x48, 0x7d,
0x00, 0x34, 0xec, 0x80, 0xd0, 0x00, 0x75, 0x77, 0x2c, 0xe1, 0x51, 0x2c, 0xc1, 0x4a, 0x2c, 0xa1,
0x62, 0x2c, 0xd7, 0x20, 0x0b, 0x06, 0x00, 0xf8, 0x2c, 0xb7, 0x00, 0x32, 0xf7, 0x10, 0x2f, 0x01,
0x31, 0x2c, 0xe1, 0x11, 0xd0, 0xf8, 0x7d, 0xf6, 0x2d, 0xc1, 0x7c, 0x01, 0xdf, 0xd1, 0x00, 0xe8,
0x37, 0x2c, 0xe1, 0x51, 0x9a, 0xa0, 0x2b, 0x40, 0x80, 0x00, 0x3a, 0x00, 0x08, 0x3c, 0xce, 0x08,
0x47, 0x37, 0x00, 0x0e, 0xcb, 0x31, 0xce, 0x0f, 0x3c, 0x8e, 0x08, 0x47, 0x3a, 0x2f, 0x2e, 0xb7,
0x00, 0x33, 0x18, 0x08, 0x00, 0xf8, 0x2e, 0x17, 0x20, 0x32, 0xf7, 0x10, 0x2f, 0x01, 0x31, 0x2c,
0xe1, 0x11, 0x44, 0xe7, 0xc7, 0x04, 0x6d, 0x04, 0x8b, 0x04, 0xb2, 0x4a, 0x93, 0x50, 0xd0, 0x40,
0x38, 0x8d, 0x2f, 0x01, 0x71, 0x2c, 0xe1, 0x51, 0x06, 0xf6, 0x0f, 0x4f, 0x02, 0x20, 0x06, 0x16,
0x46, 0x79, 0x5f, 0x2c, 0x81, 0x54, 0x62, 0x84, 0x7d, 0xd1, 0x01, 0x48, 0x3b, 0x2c, 0xe1, 0x51,
0x9a, 0xa0, 0x2b, 0x40, 0x80, 0x00, 0x3a, 0x60, 0x08, 0x3c, 0xd4, 0x08, 0x47, 0x37, 0x00, 0x0c,
0x08, 0x32, 0x94, 0x0f, 0x3c, 0x94, 0x08, 0x47, 0x31, 0xc0, 0x2e, 0xb7, 0x00, 0x33, 0x18, 0x08,
0x00, 0xf8, 0x2e, 0x77, 0x20, 0x32, 0xf7, 0x10, 0x2f, 0x01, 0x31, 0x2c, 0xe1, 0x11, 0x44, 0xe7,
0xc7, 0x04, 0x6d, 0x04, 0x8b, 0x04, 0xb2, 0x4a, 0x4d, 0x50, 0xd0, 0x40, 0x3a, 0xd5, 0x32, 0x94,
0x0f, 0x06, 0xf6, 0x2f, 0x01, 0x71, 0x2c, 0xe1, 0x51, 0x3c, 0x94, 0x08, 0x47, 0x27, 0x3f, 0x2e,
0xb7, 0x00, 0x0b, 0x14, 0x00, 0xf8, 0x2e, 0x97, 0x20, 0x32, 0xf7, 0x10, 0x2f, 0x01, 0x31, 0x2c,
0xe1, 0x11, 0xd1, 0x38, 0x71, 0xab, 0x04, 0x6d, 0x04, 0x8b, 0x04, 0xb2, 0x48, 0xa5, 0x50, 0xd0,
0x40, 0x30, 0x15, 0x2f, 0x01, 0x71, 0x06, 0xf6, 0x46, 0x42, 0xbf, 0x2c, 0xa1, 0x5a, 0x34, 0xc7,
0xf0, 0x08, 0xc5, 0x02, 0x1f, 0x6c, 0xe7, 0x21, 0x24, 0xc6, 0x00, 0x20, 0xd0, 0x00, 0x41, 0x07,
0x0f, 0x62, 0x36, 0x85, 0x46, 0x5f, 0x9f, 0x2c, 0xe1, 0x7c, 0xd1, 0x20, 0x72, 0x90, 0x2c, 0xe1,
0x51, 0x03, 0x18, 0x00, 0xf8, 0x00, 0xc8, 0x2e, 0x17, 0x00, 0x2c, 0xd7, 0x20, 0x32, 0xf7, 0x10,
0x2f, 0x01, 0x31, 0x2c, 0xe1, 0x11, 0xd0, 0xf8, 0x70, 0x8c, 0x2c, 0xa1, 0x4a, 0x2c, 0x81, 0x62,
0x2c, 0xb7, 0x20, 0x0b, 0x05, 0x00, 0xf8, 0x31, 0xd7, 0x10, 0x2c, 0x97, 0x00, 0x2f, 0x01, 0x31,
0x2c, 0xe1, 0x11, 0xd0, 0xf8, 0x7b, 0x0c, 0x50, 0x61, 0x12, 0x2c, 0xe1, 0x08, 0x00, 0xa0, 0x2f,
0x01, 0x30, 0x00, 0xc0, 0x48, 0x8a, 0xc8, 0x2c, 0xe1, 0x48, 0x2f, 0x01, 0x70, 0xd0, 0x00, 0x36,
0xa8, 0x2c, 0xc1, 0x7c, 0x02, 0x18, 0x00, 0xdf, 0x0b, 0x06, 0x00, 0xf8, 0x2e, 0x0e, 0x00, 0x2c,
0xce, 0x20, 0x2f, 0x01, 0x31, 0x2c, 0xe1, 0x11, 0x43, 0xe7, 0x62, 0x31, 0xce, 0x10, 0x2c, 0x81,
0x6a, 0x30, 0xc1, 0x6e, 0x0b, 0x04, 0x00, 0xf8, 0x2c, 0xce, 0x00, 0x2c, 0x8e, 0x20, 0x2f, 0x01,
0x31, 0x2c, 0xe1, 0x11, 0xd0, 0xf8, 0x70, 0xfb, 0x32, 0xee, 0x10, 0x46, 0xcc, 0xbf, 0x34, 0xec,
0x80, 0xd0, 0x40, 0x7b, 0x6f, 0x2c, 0xe1, 0x51, 0x03, 0x18, 0x00, 0xf8, 0x00, 0xc8, 0x2e, 0x17,
0x00, 0x2c, 0xd7, 0x20, 0x2f, 0x01, 0x31, 0x2c, 0xe1, 0x11, 0xd1, 0x38, 0x70, 0xea, 0x04, 0x6d,
0x04, 0x8b, 0x04, 0xb2, 0x48, 0xd6, 0x50, 0xd0, 0x40, 0x31, 0x99, 0x05, 0xd6, 0x2f, 0x01, 0x71,
0x2c, 0xe1, 0x51, 0x0f, 0x57, 0x04, 0x6d, 0x04, 0x8b, 0x04, 0xb2, 0x4a, 0xa6, 0x50, 0xd0, 0x00,
0x35, 0x1b, 0x46, 0xbe, 0x9f, 0x04, 0x6d, 0x04, 0x8b, 0x04, 0xb2, 0x4a, 0x86, 0x50, 0xd0, 0x40,
0x38, 0xe9, 0x2f, 0x01, 0x71, 0x06, 0xf6, 0x46, 0xe4, 0x3f, 0x04, 0x6d, 0x04, 0x8b, 0x04, 0xb2,
0x48, 0x3a, 0x50, 0xd0, 0x40, 0x33, 0xa9, 0x2f, 0x01, 0x71, 0x06, 0xf6, 0x46, 0xb7, 0xdf, 0x2d,
0xc1, 0x56, 0xd1, 0x00, 0xee, 0xac, 0x2c, 0xe1, 0x7c, 0x61, 0xd0, 0x3c, 0x62, 0x2e, 0x85, 0x2c,
0xe1, 0x42, 0x3d, 0x87, 0x88, 0x66, 0x31, 0x3a, 0x44, 0x11, 0x58, 0x2c, 0xe1, 0x51, 0x0b, 0x11,
0x00, 0xf8, 0x56, 0x17, 0x00, 0x32, 0xf7, 0x10, 0x2f, 0x01, 0x31, 0x2c, 0xe1, 0x11, 0xd0, 0xf8,
0x7b, 0xda, 0x2c, 0xe1, 0x42, 0x3c, 0x51, 0x00, 0x66, 0x31, 0x02, 0x62, 0x27, 0x8d, 0xd1, 0x01,
0x1a, 0x88, 0x2c, 0xe1, 0x51, 0x9a, 0xa0, 0x2b, 0x40, 0x80, 0x00, 0x3a, 0x80, 0x08, 0x3c, 0xd1,
0x08, 0x47, 0x37, 0x00, 0x0f, 0xac, 0x32, 0x31, 0x0f, 0x3c, 0x91, 0x08, 0x47, 0x3f, 0x30, 0x2e,
0xb7, 0x00, 0x33, 0x18, 0x08, 0x00, 0xf8, 0x2e, 0x97, 0x20, 0x32, 0xf7, 0x10, 0x2f, 0x01, 0x31,
0x2c, 0xe1, 0x11, 0x44, 0xe7, 0xc7, 0x04, 0x6d, 0x04, 0x8b, 0x04, 0xb2, 0x48, 0x9c, 0x50, 0xd0,
0x40, 0x30, 0xb1, 0x2f, 0x01, 0x71, 0x2c, 0xe1, 0x51, 0x06, 0xf6, 0x0f, 0x4f, 0x3c, 0xa7, 0x90,
0x47, 0x25, 0x38, 0x30, 0xe7, 0x0c, 0xda, 0x01, 0xed, 0x00, 0x2e, 0x21, 0x7a, 0x20, 0xe1, 0xed,
0x46, 0x72, 0x1f, 0x2e, 0x01, 0x7c, 0x02, 0x1f, 0xd1, 0x01, 0x06, 0x37, 0x9a, 0xa0, 0x2b, 0x40,
0x80, 0x00, 0x3a, 0x20, 0x08, 0x3c, 0xd0, 0x08, 0x47, 0x37, 0x00, 0x0c, 0x08, 0x32, 0x10, 0x0f,
0x3c, 0x90, 0x08, 0x47, 0x31, 0xc0, 0x2e, 0xae, 0x00, 0x33, 0x18, 0x08, 0x00, 0xf8, 0x2e, 0x2e,
0x20, 0x31, 0xce, 0x10, 0x2f, 0x01, 0x31, 0x2c, 0xe1, 0x11, 0x44, 0xe7, 0xc7, 0x04, 0x6d, 0x04,
0x8b, 0x04, 0xb2, 0x4a, 0xf8, 0x50, 0xd0, 0x40, 0x39, 0x61, 0x32, 0x10, 0x0f, 0x05, 0xd6, 0x2f,
0x01, 0x71, 0x2c, 0xe1, 0x51, 0x3c, 0x90, 0x08, 0x47, 0x27, 0x3f, 0x2e, 0xae, 0x00, 0x0b, 0x10,
0x00, 0xf8, 0x2e, 0x0e, 0x20, 0x2f, 0x01, 0x31, 0x2c, 0xe1, 0x11, 0xd1, 0x38, 0x70, 0x67, 0x0f,
0xe5, 0xd0, 0x00, 0x7a, 0x68, 0x38, 0xc0, 0x0c, 0x39, 0x8c, 0x40, 0x03, 0x28, 0x20, 0xc1, 0x66,
0x00, 0xc4, 0x21, 0xc1, 0xe6, 0x20, 0x01, 0xa6, 0x46, 0x97, 0x6f, 0x2e, 0xb7, 0x00, 0x0b, 0x11,
0x00, 0xf8, 0x2e, 0x37, 0x20, 0x32, 0xf7, 0x10, 0x2f, 0x01, 0x31, 0x2c, 0xe1, 0x11, 0x44, 0xe7,
0xa8, 0x04, 0x6d, 0x04, 0x8b, 0x04, 0xb2, 0x4a, 0x60, 0x50, 0xd0, 0x40, 0x3a, 0x01, 0x2f, 0x01,
0x71, 0x06, 0xf6, 0x2c, 0xe1, 0x42, 0x2c, 0xc1, 0x56, 0x0a, 0x07, 0x2c, 0xe1, 0x7c, 0xd3, 0x4e,
0x6f, 0x10, 0x34, 0xec, 0x80, 0xd0, 0x40, 0x71, 0x10, 0x2c, 0xe1, 0x7c, 0x61, 0xce, 0x85, 0x60,
0xc7, 0x35, 0x3d, 0x8e, 0x30, 0x66, 0x26, 0x72, 0x44, 0x11, 0x58, 0x2c, 0xe1, 0x51, 0x0b, 0x11,
0x00, 0xf8, 0x56, 0x17, 0x00, 0x32, 0xf7, 0x10, 0x2f, 0x01, 0x31, 0x2c, 0xe1, 0x11, 0xd0, 0xf8,
0x72, 0xe2, 0x3c, 0x51, 0x00, 0x65, 0xd1, 0x02, 0x61, 0xc6, 0x75, 0xd1, 0x00, 0xec, 0x4d, 0x2c,
0xe1, 0x51, 0x9a, 0xa0, 0x2b, 0x40, 0x80, 0x00, 0x3a, 0x00, 0x08, 0x3c, 0xce, 0x08, 0x47, 0x3f,
0x00, 0x46, 0xf5, 0xdf, 0x31, 0xce, 0x0f, 0x3c, 0x8e, 0x08, 0x47, 0x36, 0x5d, 0x2e, 0xb7, 0x00,
0x33, 0x18, 0x08, 0x00, 0xf8, 0x2e, 0x17, 0x20, 0x32, 0xf7, 0x10, 0x2f, 0x01, 0x31, 0x2c, 0xe1,
0x11, 0x44, 0xe7, 0xc7, 0x04, 0x6d, 0x04, 0x8b, 0x04, 0xb2, 0x49, 0x87, 0x90, 0xa0, 0x40, 0x34,
0xee, 0xff, 0xff, 0x2f, 0x01, 0x71, 0x2c, 0xe1, 0x51, 0x06, 0xf6, 0x0e, 0x4f, 0x2c, 0xe1, 0x51,
0x2c, 0xa1, 0x4a, 0x2c, 0x81, 0x62, 0x2c, 0xb7, 0x20, 0x0b, 0x05, 0x00, 0xf8, 0x2c, 0x97, 0x00,
0x32, 0xf7, 0x10, 0x2f, 0x01, 0x31, 0x2c, 0xe1, 0x11, 0xd1, 0x38, 0x70, 0x6f, 0x04, 0x6d, 0x04,
0x8b, 0x04, 0xb2, 0x4a, 0xcb, 0x90, 0xa0, 0x40, 0x39, 0xce, 0xff, 0xff, 0x2c, 0xc1, 0x56, 0x2f,
0x01, 0x71, 0x06, 0xf6, 0x0e, 0x8b, 0x04, 0x6d, 0x04, 0x8b, 0x04, 0xb2, 0x48, 0xb3, 0x90, 0xa0,
0x40, 0x30, 0x4e, 0xff, 0xff, 0x2f, 0x01, 0x71, 0x2c, 0xe1, 0x51, 0x06, 0xf6, 0x46, 0xbb, 0x3f,
0x04, 0x6d, 0x04, 0x8b, 0x04, 0xb2, 0x49, 0x63, 0x90, 0xa0, 0x40, 0x36, 0x0e, 0xff, 0xff, 0x2f,
0x01, 0x71, 0x2c, 0xe1, 0x51, 0x05, 0xd6, 0x46, 0x07, 0x3f, 0x38, 0xc0, 0x50, 0x06, 0x16, 0x68,
0xa7, 0x35, 0x64, 0xe7, 0x35, 0x02, 0x1f, 0x30, 0xa5, 0x0c, 0x20, 0xb0, 0x00, 0x41, 0x07, 0x4f,
0x62, 0x36, 0x85, 0x46, 0xde, 0x6f, 0x03, 0x20, 0x00, 0xc4, 0x20, 0x01, 0xa6, 0x46, 0x29, 0xaf,
0x2e, 0xe1, 0x10, 0x04, 0x74, 0x04, 0x91, 0x49, 0xd6, 0x90, 0x2e, 0xe1, 0x50, 0xd0, 0x40, 0x3f,
0x68, 0x98, 0xe0, 0x6a, 0x20, 0x80, 0x00, 0x9a, 0x00, 0x5a, 0x20, 0x80, 0x00, 0x3c, 0x8e, 0xe2,
0x66, 0x10, 0x3a, 0x95, 0x8c, 0xfe, 0xff, 0xff, 0xff, 0x01, 0xec, 0x24, 0xe1, 0xa6, 0x2c, 0x01,
0x1c, 0x3e, 0x07, 0x39, 0x2c, 0x01, 0x02, 0x02, 0x2c, 0xa0, 0x40, 0x7d, 0x26, 0xff, 0xff, 0x46,
0x50, 0xcf, 0x2c, 0xc1, 0x74, 0x2c, 0xe6, 0x40, 0x00, 0xc0, 0x2c, 0x81, 0x74, 0x3e, 0x07, 0xcc,
0x63, 0x20, 0xcd, 0x00, 0x92, 0x6f, 0x39, 0xf9, 0x2c, 0x81, 0x34, 0x20, 0x01, 0xa6, 0x46, 0xcc,
0xaf, 0x2c, 0xc1, 0x74, 0x2c, 0xe6, 0x40, 0x00, 0xc8, 0x0e, 0x1f, 0x2c, 0x81, 0x74, 0x2c, 0xe4,
0x40, 0x00, 0x92, 0x2c, 0x81, 0x34, 0x46, 0x5d, 0xaf, 0x2c, 0xc1, 0x74, 0x2c, 0xe6, 0x40, 0x00,
0xd2, 0x2c, 0xc1, 0x34, 0x46, 0x53, 0x6f, 0x35, 0x8c, 0x02, 0xd0, 0x00, 0xc3, 0xf8, 0x2c, 0xc1,
0x74, 0x2c, 0x81, 0x64, 0x2c, 0xe6, 0x40, 0x00, 0xd2, 0x2c, 0xc1, 0x34, 0x28, 0x87, 0x00, 0x46,
0xd0, 0x4f, 0x24, 0xe1, 0xa6, 0x2e, 0x81, 0x34, 0x3c, 0x55, 0x00, 0x2c, 0x01, 0x1c, 0x3e, 0x07,
0x39, 0x2c, 0x01, 0x02, 0x65, 0xf5, 0x02, 0x06, 0x35, 0xa0, 0x40, 0x7d, 0x3a, 0xff, 0xff, 0x46,
0x51, 0x4f, 0x04, 0x6d, 0x04, 0x8b, 0x04, 0xb2, 0x48, 0x61, 0x90, 0xa0, 0x40, 0x32, 0x06, 0xff,
0xff, 0x2f, 0x01, 0x71, 0x06, 0xf6, 0x46, 0x8e, 0x5f, 0x2c, 0xe1, 0x51, 0x98, 0xc0, 0xe1, 0x20,
0x80, 0x00, 0x03, 0x18, 0x00, 0xf8, 0x2c, 0xd7, 0x00, 0x00, 0xc8, 0x2c, 0xd7, 0x20, 0x32, 0xf7,
0x10, 0x2f, 0x01, 0x31, 0x2c, 0xe1, 0x11, 0xd0, 0xf8, 0x72, 0x38, 0x41, 0x0e, 0x08, 0x2c, 0xe1,
0x7c, 0x41, 0x07, 0x50, 0x34, 0xec, 0x80, 0xd0, 0x00, 0x7e, 0xc9, 0x2c, 0xe1, 0x51, 0x2c, 0xa1,
0x4a, 0x2c, 0x81, 0x62, 0x2c, 0xb7, 0x20, 0x0b, 0x05, 0x00, 0xf8, 0x2c, 0x97, 0x00, 0x32, 0xf7,
0x10, 0x2f, 0x01, 0x31, 0x2c, 0xe1, 0x11, 0xd0, 0xf8, 0x75, 0xf8, 0x61, 0xc0, 0x75, 0xd1, 0x00,
0xee, 0xb8, 0x9a, 0xa0, 0x2b, 0x40, 0x80, 0x00, 0x3a, 0x20, 0x08, 0x3c, 0xce, 0x08, 0x47, 0x37,
0x00, 0x0f, 0xa6, 0x31, 0xce, 0x0f, 0x3c, 0x8e, 0x08, 0x47, 0x3f, 0x18, 0x2e, 0xb7, 0x00, 0x33,
0x18, 0x08, 0x00, 0xf8, 0x2e, 0x37, 0x20, 0x32, 0xf7, 0x10, 0x2f, 0x01, 0x31, 0x2c, 0xe1, 0x11,
0x44, 0xe7, 0xc7, 0x04, 0x6d, 0x04, 0x8b, 0x04, 0xb2, 0x4b, 0xba, 0x90, 0xa0, 0x40, 0x3c, 0x6a,
0xff, 0xff, 0x2f, 0x01, 0x71, 0x2c, 0xe1, 0x51, 0x06, 0xf6, 0x0e, 0x4f, 0x95, 0xee, 0xfb, 0xff,
0xff, 0xff, 0xd0, 0x3f, 0x53, 0xd8, 0x3c, 0x2f, 0xe2, 0x47, 0x2d, 0x00, 0x3c, 0x35, 0x00, 0x00,
0xe8, 0x66, 0xb5, 0x3a, 0x98, 0xac, 0x00, 0x80, 0x00, 0x00, 0x2c, 0xa1, 0x0c, 0x2c, 0x01, 0x2c,
0xd1, 0x41, 0x16, 0x8c, 0x3b, 0x40, 0x62, 0x63, 0x4f, 0xd2, 0x3e, 0x1a, 0xd4, 0x03, 0x5f, 0x6f,
0x5a, 0xf9, 0xd0, 0x41, 0xa0, 0x94, 0x3c, 0x2f, 0xa2, 0x47, 0x29, 0xf4, 0x30, 0xe1, 0x36, 0x30,
0xa1, 0x0e, 0x32, 0x75, 0x80, 0x31, 0x01, 0x16, 0x04, 0x94, 0x2c, 0xe1, 0x00, 0x04, 0x6d, 0x2c,
0xa1, 0x20, 0x04, 0xf3, 0x2e, 0xe1, 0x10, 0x04, 0xb1, 0x00, 0xc4, 0x49, 0x32, 0x80, 0x2e, 0xe1,
0x50, 0x0a, 0x63, 0x06, 0x03, 0x2e, 0xe1, 0x10, 0x00, 0xa0, 0x00, 0xc0, 0x04, 0x74, 0x04, 0x91,
0x48, 0x60, 0x48, 0x2e, 0xe1, 0x50, 0x40, 0x03, 0x54, 0x2c, 0x81, 0x4e, 0xd3, 0x89, 0x32, 0x3c,
0x33, 0x24, 0x80, 0x30, 0xb3, 0x80, 0x38, 0xc0, 0x0c, 0x04, 0xf9, 0xc0, 0xc7, 0xff, 0xff, 0x2c,
0xe1, 0x0e, 0x00, 0xf8, 0xd2, 0xce, 0x5e, 0xff, 0x63, 0x93, 0xcd, 0x03, 0x98, 0x62, 0x64, 0xe4,
0x62, 0x73, 0x85, 0x3c, 0x2f, 0xe2, 0x2e, 0x61, 0x3c, 0x47, 0x37, 0x58, 0x3c, 0x8e, 0xa6, 0x47,
0x36, 0x9c, 0x2c, 0xe1, 0x56, 0x3c, 0x0e, 0x66, 0x47, 0x22, 0x54, 0x2c, 0x81, 0x7c, 0xd3, 0x48,
0x7e, 0x14, 0x35, 0x8c, 0x80, 0xd0, 0x40, 0xcc, 0x4c, 0x3c, 0x47, 0x00, 0x39, 0xc0, 0xe6, 0x65,
0xe7, 0x02, 0x06, 0x27, 0x2c, 0xe1, 0x02, 0x2c, 0xc1, 0x6c, 0x2d, 0x81, 0x4c, 0xd0, 0x00, 0x6f,
0xa8, 0x38, 0xe0, 0xb4, 0x01, 0xf8, 0x20, 0xe1, 0xa6, 0x2c, 0x01, 0x1c, 0x46, 0xbb, 0x0f, 0x04,
0x6d, 0x04, 0x8b, 0x04, 0xb2, 0x4b, 0x58, 0x90, 0xa0, 0x40, 0x3e, 0xa2, 0xff, 0xff, 0x2f, 0x01,
0x71, 0x06, 0xf6, 0x46, 0xaf, 0x1f, 0x2c, 0xa1, 0x74, 0x2c, 0xc1, 0x64, 0x2c, 0xe5, 0x40, 0x00,
0xb2, 0x2c, 0xa1, 0x34, 0x2c, 0xc7, 0x00, 0x46, 0xc8, 0x0f, 0x31, 0xd7, 0x10, 0x46, 0x8a, 0x5f,
0x38, 0x80, 0x02, 0x04, 0x6d, 0x49, 0x1d, 0x20, 0x2c, 0x6b, 0x00, 0x2c, 0x6b, 0x08, 0xd0, 0x00,
0x33, 0x8c, 0x38, 0xe0, 0x02, 0x2c, 0xeb, 0x28, 0x46, 0x4d, 0xf7, 0x04, 0x6d, 0x04, 0x8b, 0x04,
0xb2, 0x4b, 0xe0, 0x90, 0xa0, 0x40, 0x3d, 0x02, 0xff, 0xff, 0x2d, 0xc1, 0x56, 0x2f, 0x01, 0x71,
0x06, 0xf6, 0xd0, 0x40, 0xe9, 0xc7, 0x0c, 0x51, 0x2e, 0xb7, 0x00, 0x0b, 0x0e, 0x00, 0xf8, 0x2d,
0xd7, 0x20, 0x32, 0xf7, 0x10, 0x2f, 0x01, 0x31, 0x2c, 0xe1, 0x11, 0x44, 0xe7, 0x58, 0x04, 0x6d,
0x04, 0x8b, 0x04, 0xb2, 0x48, 0xdf, 0x10, 0xa0, 0x40, 0x31, 0xbc, 0xff, 0xff, 0x2f, 0x01, 0x71,
0x2c, 0xe1, 0x51, 0x06, 0xf6, 0x2c, 0xc1, 0x7c, 0x2e, 0x17, 0x00, 0x0b, 0x06, 0x00, 0xf8, 0x2c,
0xd7, 0x20, 0x2f, 0x01, 0x31, 0x2c, 0xe1, 0x11, 0xa1, 0x38, 0x7c, 0x4e, 0xff, 0xff, 0x46, 0x6b,
0xef, 0x04, 0x6d, 0x04, 0x8b, 0x04, 0xb2, 0x4a, 0x77, 0x10, 0xa0, 0x40, 0x3a, 0x5c, 0xff, 0xff,
0x2d, 0xc1, 0x56, 0x2f, 0x01, 0x71, 0x2c, 0xe1, 0x51, 0x06, 0xf6, 0x46, 0x0f, 0xbf, 0x02, 0xa6,
0x0c, 0xa9, 0x2e, 0xe1, 0x10, 0x49, 0x0b, 0x10, 0x24, 0xe1, 0xa6, 0x2e, 0x81, 0x34, 0x3c, 0x43,
0x00, 0x2c, 0x01, 0x1c, 0x06, 0x23, 0x2c, 0x01, 0x02, 0x3e, 0x07, 0x39, 0x65, 0xe3, 0x02, 0x2e,
0xe1, 0x50, 0xa0, 0x40, 0x74, 0x4c, 0xff, 0xff, 0x46, 0x87, 0xf7, 0x04, 0x6d, 0x04, 0x8b, 0x04,
0xb2, 0x4b, 0xdb, 0x10, 0xa0, 0x40, 0x3d, 0xac, 0xff, 0xff, 0x2f, 0x01, 0x71, 0x06, 0xf6, 0x46,
0xcc, 0x5f, 0x04, 0x6d, 0x04, 0x8b, 0x04, 0xb2, 0x48, 0x6b, 0x10, 0xa0, 0x40, 0x32, 0x2c, 0xff,
0xff, 0x2c, 0xc1, 0x56, 0x2c, 0xe1, 0x7c, 0x2f, 0x01, 0x71, 0x60, 0xc7, 0x35, 0x06, 0xf6, 0x46,
0xce, 0xdf, 0x3c, 0xf5, 0x60, 0x02, 0x26, 0x66, 0x35, 0x8a, 0x3c, 0x51, 0x00, 0x2e, 0x81, 0x34,
0x65, 0xf1, 0x02, 0x9a, 0x00, 0x01, 0x20, 0x80, 0x00, 0x46, 0x51, 0xf7, 0x24, 0xe1, 0xa6, 0x2c,
0x01, 0x1c, 0x3e, 0x07, 0x39, 0xa0, 0x40, 0x7f, 0xd4, 0xff, 0xff, 0x46, 0x7e, 0xf7, 0x2c, 0xe1,
0x4e, 0x60, 0xe7, 0x1d, 0x2c, 0xe1, 0x3c, 0x2c, 0xa1, 0x56, 0x04, 0xe5, 0xd1, 0x6e, 0x51, 0x00,
0xd3, 0x2a, 0x5d, 0xa7, 0x01, 0xd7, 0x00, 0xbf, 0x2c, 0xa1, 0x16, 0x21, 0xc1, 0x6e, 0xd1, 0x40,
0x5d, 0xd8, 0x38, 0xe0, 0xd4, 0x20, 0xe1, 0xee, 0x3c, 0xc5, 0x90, 0x47, 0x39, 0xf0, 0x30, 0xa5,
0x0c, 0x38, 0xc0, 0x0c, 0x30, 0xe1, 0x5e, 0x20, 0xc1, 0x1e, 0x20, 0xa1, 0x9e, 0x2c, 0xa1, 0x78,
0x2e, 0x21, 0x7c, 0x60, 0xe7, 0x2d, 0x0a, 0x27, 0x2c, 0xe1, 0x2a, 0x2c, 0xe1, 0x7c, 0x44, 0x87,
0x08, 0x02, 0x38, 0x3c, 0x51, 0x00, 0x2c, 0x01, 0x02, 0x65, 0xf1, 0x02, 0x0f, 0x51, 0x35, 0x8c,
0x80, 0x41, 0x0c, 0x0f, 0x0f, 0xdf, 0x38, 0xc0, 0xb4, 0x38, 0xe0, 0xb4, 0x20, 0xc1, 0xa6, 0x46,
0xe1, 0xcf, 0x00, 0xcc, 0x30, 0xe1, 0x36, 0x30, 0xa1, 0x0e, 0x31, 0x01, 0x16, 0x04, 0x94, 0x2c,
0xe1, 0x00, 0x04, 0x6d, 0x2c, 0xa1, 0x20, 0x04, 0xf5, 0x2e, 0xe1, 0x10, 0x04, 0xb1, 0x2f, 0x41,
0x08, 0x48, 0xd5, 0x00, 0x3c, 0x2f, 0xe2, 0x06, 0x03, 0x2e, 0xe1, 0x50, 0x2f, 0x41, 0x48, 0x47,
0x25, 0x00, 0x34, 0xec, 0x80, 0xd0, 0x00, 0x79, 0xaf, 0x62, 0x70, 0xac, 0xd0, 0x01, 0xa9, 0x6b,
0x24, 0xf0, 0x00, 0x3c, 0x07, 0x0c, 0x47, 0x2d, 0x00, 0x2c, 0xe1, 0x56, 0x0a, 0x67, 0x46, 0xea,
0xbf, 0x2e, 0xe1, 0x10, 0x00, 0xa0, 0x00, 0xc0, 0x04, 0x74, 0x04, 0x91, 0x48, 0xda, 0x88, 0x2e,
0xe1, 0x50, 0x40, 0x03, 0xe7, 0x00, 0xe8, 0x60, 0xe7, 0xad, 0x0a, 0x67, 0x2c, 0xe1, 0x16, 0x46,
0x6c, 0xbf, 0x00, 0xc4, 0x0c, 0x27, 0x38, 0xc0, 0xb4, 0x92, 0x31, 0x00, 0x00, 0x00, 0x01, 0x2c,
0xc1, 0x2c, 0x46, 0x47, 0x3f, 0x02, 0x28, 0xd1, 0x00, 0x7b, 0x70, 0x2c, 0xa1, 0x7c, 0x39, 0xc0,
0xe6, 0x0a, 0x25, 0x3c, 0x51, 0x00, 0x65, 0xf1, 0x02, 0x46, 0xde, 0xbf, 0xd1, 0x00, 0x7d, 0x90,
0x41, 0x15, 0x9e, 0x35, 0x8c, 0x80, 0x41, 0x0c, 0xce, 0x3c, 0x47, 0x00, 0x06, 0x27, 0x65, 0xe7,
0x02, 0x46, 0xc6, 0xbf, 0x9b, 0x20, 0xe6, 0x66, 0x66, 0x66, 0x3b, 0x00, 0x50, 0x04, 0x92, 0x68,
0xe5, 0xcb, 0x6c, 0xc5, 0xfa, 0x6c, 0xe7, 0x42, 0x60, 0xe7, 0x35, 0x00, 0x9f, 0x3c, 0x87, 0x90,
0x64, 0xc7, 0xc3, 0x60, 0xc5, 0x35, 0x30, 0xc6, 0x0c, 0x04, 0xa7, 0x20, 0xc4, 0x00, 0x47, 0x28,
0x7f, 0x30, 0xa7, 0x0c, 0x3e, 0x05, 0x29, 0x30, 0xe4, 0xff, 0xc0, 0xa4, 0xff, 0xff, 0xd3, 0x8f,
0x2b, 0x10, 0x30, 0xc1, 0x9e, 0x0d, 0x40, 0x24, 0xa7, 0x80, 0x00, 0xf8, 0x3e, 0x05, 0x29, 0xc0,
0xa6, 0xff, 0xff, 0x00, 0xd8, 0x2c, 0xa1, 0x58, 0xd2, 0xce, 0x5f, 0x7f, 0x2c, 0xc1, 0x68, 0x60,
0xe6, 0x25, 0x30, 0x81, 0x1e, 0x08, 0xe4, 0x0d, 0xb5, 0x33, 0x15, 0x80, 0x62, 0x27, 0xc4, 0x3c,
0x51, 0x00, 0x65, 0xf1, 0x02, 0x46, 0xf7, 0x3f, 0x32, 0x27, 0x80, 0x3c, 0x51, 0x00, 0x39, 0xc0,
0xe6, 0x65, 0xf1, 0x02, 0x46, 0x07, 0x3f, 0x41, 0x15, 0x64, 0x35, 0x8c, 0x80, 0x41, 0x0c, 0x04,
0x01, 0xe8, 0x02, 0x28, 0x46, 0x0b, 0x3f, 0x2c, 0xe1, 0x74, 0x2e, 0xa7, 0x40, 0x00, 0xf2, 0x2c,
0xe1, 0x34, 0xa0, 0x81, 0x57, 0x1b, 0x7f, 0xff, 0x02, 0xaf, 0x46, 0x61, 0xb7, 0x32, 0x35, 0x40,
0x3c, 0x51, 0x00, 0x65, 0xf1, 0x02, 0x46, 0x75, 0x3f, 0x38, 0xe0, 0xb4, 0x60, 0xa0, 0x2d, 0x20,
0xe1, 0xee, 0x0d, 0x89, 0x02, 0x24, 0x62, 0x31, 0x3d, 0x0d, 0x23, 0x30, 0xe1, 0x1e, 0x0f, 0xc9,
0x06, 0x64, 0x46, 0x7a, 0x3f, 0x2c, 0xa1, 0x56, 0x0d, 0xe1, 0x38, 0xe0, 0x30, 0x00, 0x8f, 0x2c,
0xed, 0x00, 0x2c, 0x81, 0x24, 0x46, 0x88, 0x8f, 0x47, 0xae, 0x80, 0x2c, 0xe3, 0x48, 0x2d, 0x64,
0x48, 0x05, 0xc3, 0x00, 0x60, 0xd3, 0x56, 0x7a, 0x48, 0x30, 0xcb, 0xc0, 0x6c, 0xc6, 0x40, 0x60,
0xe4, 0x34, 0x08, 0xce, 0x31, 0xe7, 0x20, 0x31, 0x44, 0x28, 0x01, 0x7f, 0x31, 0xae, 0x28, 0x2d,
0x87, 0x60, 0x2c, 0xe6, 0x60, 0x01, 0x98, 0x65, 0x87, 0x65, 0xd0, 0x00, 0xc3, 0x10, 0x04, 0xca,
0x04, 0xed, 0x03, 0x80, 0x00, 0xa0, 0x2f, 0x66, 0x40, 0x2f, 0x47, 0x40, 0x97, 0x3b, 0xff, 0xff,
0x00, 0x00, 0x6f, 0x7b, 0x09, 0x97, 0x1a, 0xff, 0xff, 0x00, 0x00, 0x08, 0xb8, 0x6f, 0x5a, 0x09,
0x00, 0xd2, 0x67, 0x39, 0x63, 0x67, 0x7b, 0x63, 0x0b, 0x3c, 0x6e, 0xf9, 0x09, 0x0a, 0xfb, 0x97,
0x39, 0xff, 0xff, 0x00, 0x00, 0x63, 0x05, 0xcd, 0x97, 0x37, 0xff, 0xff, 0x00, 0x00, 0x60, 0xba,
0xcd, 0x6f, 0x38, 0x0a, 0x08, 0xb9, 0x6f, 0x25, 0x08, 0x97, 0x18, 0xff, 0xff, 0x00, 0x00, 0x63,
0x19, 0xc1, 0x6f, 0x97, 0x09, 0x6c, 0xa5, 0x0a, 0x2f, 0x07, 0x00, 0x00, 0xf2, 0xd3, 0x9e, 0x69,
0x5f, 0x30, 0xeb, 0x20, 0x6c, 0xe7, 0x40, 0x08, 0xee, 0x2c, 0xc7, 0x60, 0x41, 0x06, 0x58, 0xd3,
0xce, 0xd7, 0x00, 0x0c, 0x20, 0x00, 0xf3, 0x01, 0x7f, 0xd3, 0x9a, 0x75, 0x00, 0x2c, 0xc7, 0x40,
0x40, 0x06, 0xaf, 0x2d, 0x6e, 0x08, 0x04, 0x6e, 0x4b, 0xb5, 0x60, 0x45, 0x03, 0xb6, 0x01, 0x98,
0x04, 0xed, 0x00, 0xc0, 0x2e, 0xe7, 0x40, 0x2c, 0x8a, 0x40, 0x94, 0xb7, 0xff, 0xff, 0x00, 0x00,
0x97, 0x04, 0xff, 0xff, 0x00, 0x00, 0x08, 0xc5, 0x60, 0xa6, 0xc5, 0x6c, 0x84, 0x09, 0x6c, 0xd7,
0x09, 0x60, 0xc6, 0x25, 0x6f, 0x05, 0x0a, 0x08, 0xd8, 0x6c, 0x86, 0x08, 0x94, 0xa5, 0xff, 0xff,
0x00, 0x00, 0x60, 0xa4, 0x29, 0x01, 0x52, 0x6c, 0xc6, 0x0a, 0x2c, 0xa7, 0x00, 0x00, 0xf2, 0xd3,
0x9e, 0xaa, 0x3f, 0x30, 0xeb, 0x20, 0x6c, 0xe7, 0x40, 0x08, 0xee, 0x2c, 0xc7, 0x60, 0x41, 0x06,
0x58, 0xd3, 0xce, 0xd7, 0x00, 0x0c, 0x20, 0x00, 0xf3, 0x01, 0x7f, 0xd3, 0x9a, 0x75, 0x00, 0x2c,
0xc7, 0x40, 0x40, 0x06, 0xaf, 0x2d, 0x6e, 0x08, 0x04, 0x6c, 0x47, 0xbe, 0x80, 0x47, 0xa7, 0x28,
0x2e, 0xe3, 0x42, 0x2c, 0xe1, 0x30, 0x05, 0x43, 0x2d, 0x01, 0x10, 0x05, 0x66, 0x2d, 0x81, 0x51,
0x06, 0xa4, 0x05, 0xc5, 0x40, 0x17, 0x98, 0x2c, 0xe3, 0x62, 0x00, 0xc8, 0x60, 0xc6, 0x3e, 0x04,
0x97, 0x2c, 0xf7, 0x20, 0x2c, 0xd7, 0x10, 0x48, 0x92, 0xa0, 0x2c, 0x0a, 0x02, 0x45, 0x0e, 0x7e,
0x2c, 0x0c, 0x00, 0x95, 0xee, 0x00, 0x00, 0x0f, 0xfe, 0x9d, 0xcf, 0x00, 0x00, 0x0f, 0xfe, 0x47,
0x31, 0xc0, 0x00, 0xa0, 0x00, 0xc0, 0x04, 0x75, 0x04, 0x8e, 0x05, 0xb5, 0x48, 0xd5, 0x08, 0x41,
0x03, 0x96, 0x2c, 0xc1, 0x50, 0x00, 0xe8, 0x2c, 0xe6, 0x00, 0x99, 0x60, 0xe1, 0x20, 0x80, 0x00,
0x2c, 0xe1, 0x71, 0x40, 0x07, 0xf0, 0x2c, 0xc1, 0x71, 0x98, 0xe0, 0x11, 0x20, 0x80, 0x00, 0x2c,
0xe6, 0x00, 0x04, 0x6b, 0x47, 0xb7, 0x28, 0x2c, 0xc1, 0x50, 0xd8, 0xe0, 0xf0, 0xe4, 0x99, 0x60,
0x49, 0x20, 0x80, 0x00, 0x2c, 0xe6, 0x00, 0xd0, 0x01, 0x5c, 0x1c, 0x2c, 0xe1, 0x71, 0x40, 0x07,
0x27, 0x24, 0xab, 0xc0, 0x30, 0xcb, 0xc0, 0x30, 0xeb, 0x10, 0x3c, 0x05, 0x00, 0x64, 0xe6, 0x3a,
0x04, 0x6b, 0x2c, 0xc1, 0x71, 0x2c, 0xe6, 0x00, 0x47, 0xb7, 0x28, 0x00, 0xe8, 0x95, 0xce, 0xff,
0xff, 0xff, 0xfe, 0x2c, 0xec, 0x00, 0x0e, 0xfb, 0x6e, 0x4e, 0x29, 0x30, 0xc1, 0x32, 0x30, 0xe1,
0x12, 0x96, 0x52, 0xff, 0xe0, 0x00, 0x00, 0x04, 0x95, 0x04, 0xae, 0x04, 0x6a, 0x49, 0x97, 0x60,
0x05, 0x83, 0xd0, 0x41, 0x2b, 0x2c, 0x2e, 0x61, 0x52, 0x2e, 0x41, 0x72, 0x0a, 0x53, 0x9f, 0x92,
0xf7, 0xdf, 0xff, 0xff, 0x47, 0x2b, 0xe6, 0xd8, 0x60, 0x70, 0x3f, 0x60, 0x63, 0x95, 0xd8, 0xf2,
0x48, 0x20, 0x60, 0x6e, 0x1e, 0x60, 0xf5, 0x3f, 0x60, 0x63, 0x39, 0x48, 0xb0, 0x28, 0x00, 0xe8,
0x02, 0x5f, 0x92, 0x04, 0x00, 0x00, 0x08, 0x7f, 0x05, 0xa3, 0x2c, 0xe1, 0x2c, 0x98, 0xc0, 0x00,
0x00, 0x1f, 0xfc, 0x00, 0xa0, 0x04, 0x6d, 0x04, 0x90, 0x4b, 0xe8, 0x48, 0x98, 0xa0, 0x86, 0xc2,
0xf6, 0xc6, 0x98, 0xc0, 0xe5, 0xe1, 0x4b, 0xfc, 0x48, 0x5f, 0x08, 0x98, 0xa0, 0xcd, 0x13, 0x06,
0xd1, 0x98, 0xc0, 0x14, 0x51, 0x63, 0xfc, 0x49, 0x72, 0xb0, 0x06, 0x03, 0x06, 0x24, 0x04, 0x72,
0x48, 0xab, 0xc8, 0x98, 0xa0, 0xdf, 0x9e, 0xf9, 0x0a, 0x98, 0xc0, 0xc8, 0x22, 0xcb, 0xfc, 0x4a,
0x0f, 0x08, 0x04, 0xa3, 0x04, 0xc4, 0x04, 0x70, 0x04, 0x91, 0x4b, 0xa2, 0xb0, 0x06, 0x23, 0x06,
0x04, 0x04, 0x90, 0x4b, 0x4d, 0xc8, 0x00, 0xa0, 0x05, 0xa3, 0x00, 0xc0, 0x04, 0x71, 0x04, 0x90,
0x48, 0x6d, 0x08, 0xd1, 0x40, 0x30, 0xba, 0x00, 0xe8, 0x2c, 0xe1, 0x04, 0x3c, 0xad, 0x68, 0x47,
0x2f, 0x80, 0x6c, 0x8d, 0xc0, 0x90, 0x84, 0x1c, 0xc0, 0x80, 0x00, 0x04, 0xb5, 0x50, 0x64, 0x00,
0x04, 0xce, 0x48, 0xbe, 0x08, 0xd1, 0x00, 0x36, 0x3a, 0x01, 0xbf, 0x2c, 0x01, 0x04, 0x62, 0x53,
0x95, 0x02, 0x5f, 0x2e, 0x41, 0x28, 0x2c, 0x01, 0x18, 0xd1, 0x41, 0x2f, 0x14, 0xd1, 0x40, 0xd8,
0x1a, 0x2c, 0xe1, 0x68, 0x2d, 0xa1, 0x14, 0x08, 0xed, 0x2c, 0xe1, 0x28, 0x2c, 0x01, 0x24, 0x3c,
0xab, 0x90, 0x47, 0x24, 0x14, 0x00, 0xe8, 0x44, 0xab, 0xe0, 0x01, 0x73, 0x00, 0xe0, 0xa0, 0x30,
0xb3, 0xf9, 0x00, 0x00, 0xd0, 0xf0, 0xb4, 0xba, 0xd0, 0x50, 0xb7, 0x64, 0x2c, 0x01, 0x34, 0x2c,
0xc1, 0x70, 0xa1, 0x00, 0x67, 0x79, 0x00, 0x00, 0x3d, 0x26, 0xf0, 0x02, 0x08, 0x66, 0x10, 0x02,
0x62, 0x07, 0x80, 0x06, 0xc6, 0x2c, 0xc1, 0x0c, 0x2c, 0xc1, 0x38, 0x2c, 0x0a, 0x22, 0x00, 0x80,
0x3c, 0xf6, 0xe8, 0x47, 0x21, 0x80, 0x00, 0xc8, 0x00, 0xe2, 0x6c, 0xe7, 0x80, 0x30, 0xa7, 0x28,
0x04, 0x86, 0x00, 0xd8, 0xd3, 0xac, 0x56, 0xff, 0x2c, 0x8a, 0x22, 0x04, 0x6a, 0x48, 0x6d, 0x20,
0x2c, 0x61, 0x08, 0x2c, 0x6a, 0x02, 0xd0, 0x01, 0x04, 0x24, 0xa1, 0x00, 0xd4, 0x81, 0x00, 0x00,
0x34, 0xed, 0xf0, 0x6c, 0xe7, 0xc0, 0x6e, 0x6d, 0x22, 0x90, 0xe7, 0x1c, 0xc0, 0x80, 0x00, 0x34,
0xd3, 0x08, 0x2e, 0xe7, 0x40, 0x2e, 0xc7, 0x60, 0xd0, 0x00, 0x65, 0xbe, 0x8c, 0xa0, 0x4c, 0xc0,
0x80, 0x00, 0x8c, 0xc0, 0x6c, 0xc0, 0x80, 0x00, 0x2e, 0xe1, 0x20, 0x04, 0x75, 0x04, 0x8e, 0x4a,
0x5d, 0x70, 0x2e, 0xe1, 0x60, 0x36, 0x73, 0xf0, 0x06, 0x23, 0x06, 0x04, 0x02, 0x4c, 0x40, 0x13,
0x14, 0x9a, 0x80, 0x08, 0xc0, 0x80, 0x00, 0x34, 0xb3, 0x80, 0x04, 0x77, 0x6e, 0x73, 0x82, 0x04,
0x96, 0x40, 0x05, 0xf0, 0x50, 0xb4, 0x00, 0x02, 0x58, 0x4b, 0x85, 0x08, 0x06, 0xe3, 0x06, 0xc4,
0x32, 0x94, 0x10, 0x41, 0x13, 0x27, 0x04, 0x71, 0x04, 0x90, 0x04, 0xb7, 0x04, 0xd6, 0x49, 0x55,
0x70, 0x06, 0x23, 0x06, 0x04, 0x2c, 0xe1, 0x44, 0x40, 0x07, 0x18, 0x98, 0xc0, 0x00, 0x00, 0x0f,
0xfc, 0x00, 0xa0, 0x04, 0x71, 0x04, 0x90, 0x4a, 0x26, 0x08, 0xa1, 0x40, 0x3b, 0x69, 0x00, 0x00,
0x04, 0x72, 0x49, 0x2e, 0xc8, 0x04, 0xb1, 0x04, 0xd0, 0x4b, 0x89, 0x08, 0x98, 0xc0, 0x00, 0x00,
0x38, 0x02, 0x00, 0xa0, 0x4a, 0xe7, 0x30, 0x2c, 0xe1, 0x78, 0x06, 0x63, 0x92, 0x44, 0x00, 0x00,
0x03, 0x3f, 0xd0, 0x00, 0x79, 0x3a, 0x2e, 0xe1, 0x78, 0x2d, 0xa1, 0x3c, 0x2c, 0xe1, 0x74, 0xd0,
0x00, 0x7f, 0x9e, 0x6c, 0xf7, 0xc0, 0x90, 0xe7, 0x0c, 0xc0, 0x80, 0x00, 0x98, 0x80, 0x00, 0x00,
0x07, 0xfc, 0x00, 0x60, 0x50, 0xa7, 0x00, 0x2e, 0xe1, 0x20, 0x49, 0xf1, 0x70, 0x04, 0xb3, 0x04,
0xd2, 0x4b, 0x99, 0x88, 0x06, 0x64, 0x04, 0x90, 0x06, 0x43, 0x04, 0x71, 0x49, 0x22, 0xc8, 0x06,
0x83, 0x4b, 0x3a, 0xc8, 0x04, 0xa3, 0x04, 0xc4, 0x04, 0x71, 0x04, 0x90, 0x48, 0xc9, 0x88, 0x32,
0x94, 0x0c, 0x3e, 0x14, 0xb1, 0x2c, 0xe1, 0x48, 0x2e, 0x81, 0x48, 0x22, 0xc7, 0x00, 0x06, 0x03,
0x06, 0x24, 0x04, 0x72, 0x04, 0x93, 0x04, 0xb0, 0x04, 0xd1, 0x02, 0x98, 0x49, 0x70, 0x08, 0xd0,
0xc0, 0x3f, 0x50, 0x98, 0x80, 0x00, 0x00, 0x0f, 0xfc, 0x04, 0xb0, 0x04, 0xd1, 0x00, 0x60, 0x4a,
0x61, 0x88, 0x04, 0xa3, 0x04, 0xc4, 0x04, 0x72, 0x04, 0x93, 0x48, 0xe0, 0x08, 0x2e, 0xe1, 0x60,
0xa0, 0xc0, 0x3f, 0x69, 0x00, 0x00, 0xd1, 0x21, 0x74, 0xf0, 0x2c, 0xe1, 0x48, 0x2d, 0xa1, 0x1c,
0x0a, 0xe7, 0x05, 0xb7, 0x0c, 0x10, 0x98, 0x80, 0x00, 0x00, 0x0f, 0xfc, 0x00, 0x60, 0x49, 0x5e,
0x88, 0x04, 0xb2, 0x04, 0xd3, 0x4b, 0x34, 0x08, 0xa1, 0x40, 0x3e, 0x29, 0x00, 0x00, 0xa2, 0xa8,
0xd7, 0xa9, 0x00, 0x00, 0x98, 0xc0, 0x00, 0x00, 0x24, 0x02, 0x00, 0xa0, 0x04, 0x72, 0x04, 0x93,
0x48, 0x1a, 0x08, 0x98, 0xc0, 0x00, 0x00, 0x24, 0x02, 0x00, 0xa0, 0x06, 0x43, 0x06, 0x64, 0x04,
0x70, 0x04, 0x91, 0x4a, 0xca, 0x08, 0x06, 0x04, 0x04, 0x90, 0x06, 0x23, 0x49, 0x18, 0xc8, 0x06,
0xc3, 0x4b, 0x0c, 0xc8, 0x32, 0xd6, 0x0c, 0x04, 0xa3, 0x04, 0xc4, 0x04, 0x71, 0x04, 0x90, 0x3e,
0x16, 0xb1, 0x49, 0xa6, 0x88, 0x22, 0xd4, 0x00, 0x06, 0x03, 0x06, 0x24, 0x04, 0xb2, 0x04, 0xd3,
0x04, 0x91, 0x49, 0xa8, 0x08, 0x02, 0x98, 0x04, 0xb0, 0x04, 0xd1, 0x42, 0x03, 0xd1, 0x2d, 0x61,
0x48, 0x2d, 0xa1, 0x7c, 0x2e, 0x81, 0x08, 0x46, 0x00, 0xc0, 0x95, 0xce, 0xff, 0xff, 0xf0, 0x00,
0x98, 0xe0, 0x91, 0x20, 0x80, 0x00, 0x3c, 0x0e, 0x00, 0x65, 0x67, 0x5a, 0x46, 0xf6, 0x3f, 0x96,
0x0e, 0xff, 0xff, 0xf0, 0x00, 0x9a, 0x10, 0x00, 0x00, 0x0f, 0xfc, 0xda, 0x52, 0x80, 0x3f, 0x2c,
0x01, 0x2c, 0x2e, 0x61, 0x52, 0x46, 0x1b, 0x3f, 0x60, 0xe0, 0x95, 0x2c, 0xe1, 0x18, 0x2c, 0x01,
0x28, 0x46, 0x36, 0xbf, 0x01, 0x60, 0x00, 0xef, 0x2c, 0x0a, 0x22, 0x04, 0x6a, 0x2c, 0xe1, 0x0c,
0x00, 0x80, 0x4b, 0x14, 0x20, 0x00, 0xe8, 0x2c, 0x61, 0x08, 0x2c, 0xe1, 0x34, 0x00, 0xef, 0x2c,
0x6a, 0x02, 0x2c, 0xe1, 0x38, 0x2c, 0x01, 0x30, 0x2c, 0xe1, 0x72, 0xd1, 0x40, 0x76, 0xa8, 0x3c,
0x8d, 0x70, 0x47, 0x2f, 0x28, 0x6c, 0xed, 0xc0, 0x90, 0xe7, 0x1c, 0xc0, 0x80, 0x00, 0x52, 0x07,
0x00, 0x2c, 0xe1, 0x78, 0x43, 0x07, 0x50, 0x2c, 0xc1, 0x70, 0xd1, 0x40, 0x6e, 0x76, 0x04, 0xb0,
0x04, 0xd1, 0x04, 0x8e, 0x04, 0x75, 0x49, 0x34, 0x70, 0x4a, 0xa7, 0x48, 0x05, 0xe3, 0x49, 0xbf,
0x48, 0x04, 0xb0, 0x04, 0xd1, 0x4b, 0x58, 0x08, 0x04, 0xc4, 0x04, 0xa3, 0x04, 0x8e, 0x04, 0x75,
0x48, 0x4c, 0x88, 0x2c, 0xc1, 0x48, 0x30, 0xef, 0x0c, 0x05, 0xc6, 0x20, 0xe6, 0x00, 0x06, 0xe3,
0x2c, 0xc1, 0x78, 0x04, 0xe4, 0x01, 0xd8, 0xd0, 0x20, 0x6a, 0x10, 0x98, 0xc0, 0x00, 0x00, 0x24,
0x02, 0x00, 0xa0, 0x4a, 0xf0, 0x08, 0x00, 0xa0, 0x06, 0x84, 0x06, 0x63, 0x00, 0xc0, 0x04, 0x94,
0x48, 0x61, 0xf0, 0xd0, 0x00, 0x33, 0x8e, 0x2d, 0x61, 0x48, 0x2e, 0x41, 0x48, 0x2c, 0xe1, 0x78,
0x01, 0x74, 0x0a, 0x47, 0x0c, 0x60, 0x49, 0x60, 0x08, 0x00, 0xa0, 0x06, 0x84, 0x06, 0x63, 0x00,
0xc0, 0x04, 0x94, 0x01, 0x78, 0x4b, 0x3e, 0xf0, 0xd0, 0x00, 0x3e, 0xf6, 0x04, 0xb0, 0x04, 0xd1,
0x04, 0x73, 0x04, 0x94, 0x48, 0xb0, 0x70, 0x4b, 0xa3, 0x48, 0x05, 0xe3, 0x48, 0x7b, 0x48, 0x04,
0xb0, 0x04, 0xd1, 0x4a, 0xdf, 0xf0, 0x04, 0xa3, 0x04, 0xc4, 0x04, 0x73, 0x04, 0x94, 0x49, 0x48,
0x88, 0x33, 0x0f, 0x0c, 0x06, 0xe3, 0xc3, 0x0b, 0xff, 0xff, 0x04, 0xe4, 0x00, 0xa0, 0x98, 0xc0,
0x00, 0x00, 0x24, 0x02, 0x04, 0x77, 0x05, 0xcb, 0xd2, 0xd7, 0x27, 0x5f, 0x04, 0xb7, 0x04, 0xc7,
0x04, 0x87, 0x04, 0x77, 0x4a, 0xe2, 0x30, 0x06, 0x43, 0x05, 0x64, 0x04, 0x70, 0x04, 0x91, 0x04,
0xb2, 0x04, 0xcb, 0x4a, 0x9d, 0xf0, 0x45, 0x03, 0x98, 0x04, 0x70, 0x04, 0x91, 0x04, 0xb2, 0x04,
0xcb, 0x4b, 0x86, 0xf0, 0xd0, 0x40, 0x3d, 0x16, 0x35, 0xef, 0x80, 0xd0, 0x00, 0xf2, 0x16, 0xc6,
0xce, 0xff, 0xff, 0x2d, 0x61, 0x48, 0x3e, 0x16, 0xb1, 0x2d, 0xc1, 0x08, 0x04, 0xce, 0x2d, 0xa1,
0x3c, 0x0f, 0x40, 0xc6, 0xc7, 0xff, 0xff, 0x04, 0xc7, 0x3e, 0x16, 0xb1, 0x30, 0xe6, 0xff, 0x3c,
0x16, 0x9c, 0x47, 0x31, 0x2e, 0xd2, 0xd6, 0x77, 0x7f, 0x2c, 0xc1, 0x08, 0x38, 0xc0, 0x0c, 0x04,
0xeb, 0x2d, 0xa1, 0x7c, 0x20, 0xcb, 0x00, 0x38, 0xc0, 0x8c, 0x01, 0xb8, 0x20, 0xc7, 0x00, 0x0c,
0x4a, 0x2c, 0xc1, 0x74, 0xd0, 0x40, 0x65, 0x58, 0x2e, 0x01, 0x64, 0x2e, 0x21, 0x58, 0x02, 0x40,
0x2c, 0xe1, 0x68, 0x44, 0x07, 0x84, 0x44, 0x11, 0x78, 0x2c, 0xc1, 0x58, 0x3d, 0x91, 0x38, 0x64,
0xe7, 0x8a, 0x60, 0xc6, 0x3d, 0x62, 0x31, 0x3d, 0x2c, 0xc1, 0x18, 0x2c, 0xc1, 0x68, 0x60, 0xc6,
0x3d, 0x2c, 0xc1, 0x28, 0x2c, 0xe1, 0x64, 0x44, 0x07, 0x6c, 0x2c, 0xe1, 0x74, 0xd0, 0x00, 0x7c,
0xfa, 0x44, 0x10, 0x44, 0x04, 0x92, 0x04, 0xb0, 0x04, 0x6a, 0x4b, 0x4d, 0x20, 0x04, 0xac, 0x06,
0x43, 0x04, 0x6a, 0x04, 0x92, 0x48, 0xfa, 0x20, 0x04, 0xe3, 0x04, 0x8c, 0x04, 0x6a, 0x05, 0x87,
0x4b, 0x53, 0xc0, 0x2c, 0xe1, 0x64, 0x60, 0xa7, 0x85, 0xd0, 0x40, 0x5f, 0x26, 0x04, 0x6a, 0x00,
0x88, 0x4b, 0x4a, 0x20, 0x2c, 0xe1, 0x54, 0x06, 0x03, 0x44, 0x07, 0x70, 0x04, 0x90, 0x04, 0x6a,
0x04, 0xa7, 0x4b, 0x25, 0x20, 0x06, 0x03, 0x02, 0x60, 0xd1, 0x20, 0xb0, 0xaa, 0x2c, 0xe1, 0x54,
0x00, 0x68, 0xd0, 0x40, 0x76, 0x0a, 0x2c, 0xc1, 0x68, 0x60, 0xe3, 0x34, 0x34, 0xe7, 0xf8, 0xd0,
0x00, 0x73, 0x5c, 0x38, 0xc0, 0x04, 0x60, 0xc6, 0x3d, 0xd1, 0x08, 0x65, 0xee, 0x38, 0xc0, 0x38,
0x60, 0xe6, 0x3d, 0x2c, 0xc1, 0x58, 0x0a, 0x27, 0x08, 0xc7, 0x2c, 0xc1, 0x18, 0x2c, 0xc1, 0x68,
0x08, 0xc7, 0x2c, 0xc1, 0x28, 0x2c, 0xe1, 0x58, 0x44, 0x07, 0x70, 0x04, 0x8c, 0x04, 0x6a, 0x04,
0xa7, 0x4a, 0x1d, 0x20, 0x05, 0x83, 0x2c, 0xe1, 0x68, 0x44, 0x07, 0x70, 0x04, 0x90, 0x04, 0x6a,
0x04, 0xa7, 0x48, 0x2d, 0x20, 0x06, 0x03, 0x2c, 0xe1, 0x44, 0xd0, 0x40, 0x75, 0x48, 0xd1, 0x10,
0xb4, 0x24, 0x2c, 0xe1, 0x78, 0xd0, 0xc0, 0x7d, 0xc4, 0x2c, 0xe1, 0x78, 0xd0, 0x40, 0x76, 0x44,
0x04, 0x90, 0x00, 0xaa, 0x00, 0xc0, 0x04, 0x6a, 0x4a, 0xe5, 0xc0, 0x06, 0x03, 0x04, 0x6c, 0x04,
0x90, 0x49, 0xdb, 0x20, 0xd1, 0x00, 0x37, 0x04, 0x2d, 0x61, 0x48, 0x38, 0xe0, 0x8c, 0x01, 0xb8,
0x01, 0xe0, 0x20, 0xeb, 0x00, 0x04, 0xeb, 0x00, 0xf8, 0x2c, 0xe1, 0x08, 0x04, 0x6a, 0x04, 0x90,
0x4b, 0x69, 0xc0, 0x40, 0x12, 0x28, 0x60, 0xef, 0x92, 0x3e, 0x07, 0x3c, 0xd0, 0x40, 0x7f, 0x4c,
0x04, 0x6a, 0x04, 0x92, 0x4b, 0x89, 0xc0, 0x04, 0x6a, 0x04, 0x8c, 0x48, 0x09, 0xc0, 0x2c, 0xe1,
0x48, 0x2c, 0xc1, 0x50, 0x20, 0x07, 0x00, 0x01, 0xb8, 0x2c, 0xe1, 0x71, 0x2d, 0xa6, 0x00, 0xd0,
0x00, 0x7c, 0xa9, 0x2c, 0xc1, 0x48, 0x04, 0x6b, 0x2c, 0xc7, 0x00, 0x47, 0xb7, 0x28, 0x2c, 0xe1,
0x58, 0x2c, 0x01, 0x14, 0x60, 0xe7, 0x6d, 0x2c, 0xe1, 0x18, 0x60, 0xe0, 0x6d, 0x2c, 0xe1, 0x24,
0x46, 0xfe, 0x5f, 0x04, 0x6d, 0x4b, 0xca, 0x48, 0x04, 0xb1, 0x04, 0xd0, 0x48, 0xd7, 0x70, 0x30,
0xed, 0xff, 0x3c, 0x23, 0x00, 0x65, 0xa7, 0x6a, 0x46, 0xf8, 0x5f, 0x2c, 0x01, 0x04, 0x46, 0x02,
0x5f, 0xd8, 0x60, 0x77, 0xdf, 0x60, 0x63, 0x95, 0x60, 0x75, 0x1e, 0x46, 0x09, 0x9f, 0xd1, 0x20,
0xba, 0xaa, 0x2e, 0x01, 0x78, 0x2c, 0xe1, 0x64, 0x02, 0x1f, 0xd3, 0x60, 0x77, 0x12, 0x62, 0x07,
0x85, 0x2c, 0xe1, 0x78, 0x2e, 0x21, 0x58, 0xd1, 0x40, 0x70, 0xaa, 0x2c, 0xc1, 0x58, 0x04, 0x6a,
0x08, 0xc7, 0x00, 0x88, 0x2c, 0xc1, 0x18, 0x2c, 0xc1, 0x68, 0x08, 0xc7, 0x2c, 0xc1, 0x28, 0x4a,
0xef, 0xc0, 0x06, 0x43, 0x0c, 0xd1, 0xd0, 0x08, 0xb3, 0x82, 0xd0, 0x68, 0xb3, 0x93, 0x00, 0xc8,
0x2c, 0xc1, 0x34, 0x2c, 0xc1, 0x70, 0x02, 0x08, 0x08, 0xcd, 0x06, 0xc6, 0x2c, 0xc1, 0x0c, 0x02,
0xd8, 0x3d, 0x36, 0xf0, 0x66, 0x10, 0x02, 0xd1, 0x01, 0x68, 0x42, 0x62, 0x07, 0x80, 0x2e, 0xc1,
0x38, 0x46, 0x54, 0x5f, 0x04, 0x6c, 0x04, 0x90, 0x4b, 0x99, 0x20, 0xd0, 0x80, 0x3c, 0xb7, 0x38,
0xa0, 0x50, 0x04, 0x8c, 0x04, 0x6a, 0x00, 0xc0, 0x4a, 0xfa, 0xc0, 0x2c, 0xe1, 0x74, 0x01, 0xbf,
0x05, 0x83, 0xd0, 0x40, 0x71, 0x3a, 0x2c, 0xe1, 0x4c, 0x43, 0x07, 0xe0, 0xd0, 0xd0, 0xb7, 0xba,
0x2c, 0xe1, 0x4c, 0x2c, 0xe1, 0x38, 0x2d, 0x61, 0x48, 0x2d, 0xc1, 0x78, 0x05, 0xeb, 0x0f, 0x40,
0x04, 0x8c, 0x00, 0xc0, 0x4a, 0x2a, 0xc0, 0x05, 0x83, 0x04, 0x90, 0x04, 0x6c, 0x4b, 0x55, 0xbf,
0x32, 0xc3, 0x0c, 0x38, 0xa0, 0x50, 0x04, 0x6a, 0x22, 0xcb, 0x00, 0x01, 0x78, 0x60, 0xeb, 0x7d,
0xd3, 0x5c, 0x70, 0x7f, 0x2c, 0xe1, 0x78, 0x02, 0x68, 0x3c, 0x87, 0x00, 0x66, 0x67, 0x9a, 0x01,
0xe0, 0x2c, 0xe1, 0x48, 0x0a, 0x67, 0x04, 0x8c, 0x00, 0xa8, 0x04, 0x6a, 0x49, 0x92, 0x20, 0x04,
0x90, 0x05, 0x83, 0x48, 0xde, 0x20, 0xd1, 0x00, 0x33, 0x52, 0xc4, 0xd3, 0xff, 0xff, 0x2c, 0xa1,
0x48, 0x3e, 0x06, 0x31, 0x0f, 0x40, 0xc4, 0xc7, 0xff, 0xff, 0x06, 0x67, 0x3e, 0x06, 0x31, 0x30,
0xf3, 0xff, 0x3c, 0x06, 0x9c, 0x47, 0x35, 0xb2, 0xd2, 0xca, 0x77, 0x7f, 0x2d, 0x61, 0x48, 0x38,
0xe0, 0x8c, 0x01, 0xb8, 0x20, 0xeb, 0x00, 0x2e, 0x61, 0x08, 0x0d, 0x19, 0x04, 0x72, 0x49, 0x80,
0x48, 0x04, 0xb1, 0x04, 0xd0, 0x4b, 0x78, 0xf0, 0x98, 0xc0, 0x00, 0x00, 0x38, 0x02, 0x00, 0xa0,
0x4a, 0x2e, 0xd0, 0x92, 0x44, 0x00, 0x00, 0x03, 0x3f, 0x06, 0x63, 0x98, 0xc0, 0x00, 0x00, 0x28,
0x02, 0x00, 0xa0, 0x04, 0x71, 0x04, 0x90, 0x4a, 0x0c, 0x08, 0x04, 0xb3, 0x06, 0x23, 0x06, 0x04,
0x04, 0xd2, 0x48, 0x8d, 0x70, 0xd0, 0xc0, 0x33, 0x14, 0x92, 0x52, 0x00, 0x00, 0x00, 0x01, 0x04,
0x71, 0x04, 0x90, 0x04, 0xb3, 0x04, 0xd2, 0x4a, 0x3b, 0x70, 0xd0, 0x80, 0x37, 0x1d, 0x02, 0x00,
0x02, 0x40, 0x2c, 0xc1, 0x70, 0x2d, 0x61, 0x48, 0x61, 0xa6, 0x33, 0x01, 0xe0, 0x46, 0xff, 0xbf,
0x2c, 0xe1, 0x74, 0xd0, 0x00, 0x7c, 0x8f, 0x44, 0x11, 0x70, 0x04, 0x92, 0x04, 0x6a, 0x04, 0xb1,
0x49, 0x38, 0x20, 0x06, 0x43, 0x06, 0x32, 0xd0, 0x41, 0x3f, 0x82, 0x2c, 0xe1, 0x48, 0x2c, 0xc1,
0x78, 0x2d, 0xc1, 0x48, 0x08, 0xe6, 0x36, 0xb5, 0x80, 0x01, 0xd8, 0x05, 0xf2, 0x2c, 0xe1, 0x30,
0x2d, 0xa1, 0x28, 0x05, 0xb5, 0x04, 0x90, 0x04, 0x6c, 0x4b, 0xe6, 0xbf, 0x04, 0x8f, 0x06, 0x63,
0x04, 0x6c, 0x4a, 0xc2, 0x20, 0x04, 0xb1, 0x06, 0x43, 0x04, 0x90, 0x04, 0x6a, 0x4b, 0x0a, 0x20,
0x2c, 0xa3, 0x70, 0x04, 0xe3, 0x32, 0x8e, 0xff, 0x32, 0xd3, 0x0c, 0x02, 0xa8, 0xd0, 0x00, 0x5b,
0x50, 0x04, 0x87, 0x04, 0x6a, 0x49, 0xbf, 0x40, 0x60, 0xf5, 0x59, 0x41, 0x07, 0xe0, 0xd0, 0x00,
0xd1, 0x10, 0x45, 0x12, 0xf2, 0x62, 0x52, 0x59, 0x41, 0x12, 0x60, 0x40, 0x0d, 0x62, 0xd0, 0xc1,
0x58, 0x02, 0x2c, 0xe1, 0x70, 0xc2, 0xce, 0xff, 0xff, 0x06, 0x6e, 0xd2, 0x9c, 0x70, 0x82, 0x38,
0xa0, 0x50, 0x04, 0x8c, 0x04, 0x6a, 0x00, 0xc0, 0x4a, 0xef, 0x40, 0x38, 0xa0, 0x50, 0x05, 0x83,
0xd2, 0x9f, 0x18, 0x10, 0x04, 0x8f, 0x00, 0xc0, 0x04, 0x6a, 0x4b, 0x4f, 0x40, 0x38, 0xa0, 0x50,
0x04, 0x91, 0x05, 0xe3, 0x00, 0xc0, 0x04, 0x6a, 0x01, 0xd8, 0x4b, 0x77, 0x40, 0x06, 0x23, 0x0d,
0xbb, 0x2d, 0xa1, 0x68, 0x05, 0x76, 0x44, 0x15, 0x04, 0x04, 0x8c, 0x00, 0xa8, 0x04, 0x6a, 0x4b,
0x37, 0xc0, 0x04, 0x90, 0x05, 0x83, 0x4a, 0x78, 0x20, 0xd1, 0x00, 0x37, 0xbc, 0x32, 0xd3, 0x8c,
0x3c, 0x0b, 0x9c, 0x47, 0x20, 0x3c, 0x2d, 0x61, 0x48, 0x22, 0xd4, 0x00, 0x02, 0x98, 0x06, 0x51,
0x2e, 0x81, 0x08, 0x46, 0x90, 0xbf, 0x2d, 0xa1, 0x68, 0x3c, 0x16, 0x9c, 0x47, 0x2e, 0x5c, 0x32,
0x73, 0x8c, 0x3c, 0x92, 0x00, 0x66, 0xd3, 0xb2, 0x0d, 0xef, 0x04, 0x87, 0x2c, 0xe1, 0x20, 0x04,
0x6c, 0x49, 0xf0, 0x20, 0x2c, 0xe1, 0x60, 0x06, 0xa3, 0x0c, 0x4b, 0x38, 0xe0, 0x38, 0x46, 0xa6,
0x3f, 0x04, 0x8f, 0x04, 0x6a, 0x00, 0xc0, 0x01, 0xd8, 0x48, 0xcb, 0x40, 0x05, 0xe3, 0x06, 0x23,
0x0e, 0x83, 0x06, 0x35, 0x06, 0x0e, 0x02, 0x44, 0x46, 0x62, 0x1f, 0x3e, 0x0f, 0x3c, 0xd0, 0x00,
0x74, 0xb3, 0x04, 0x6a, 0x04, 0x8f, 0x4a, 0xa3, 0x40, 0x46, 0xe3, 0x3f, 0x62, 0x60, 0x6d, 0xd0,
0x01, 0x3f, 0xb8, 0x34, 0xd3, 0xf0, 0x6c, 0xc6, 0xc0, 0x90, 0xc6, 0x1c, 0xc0, 0x80, 0x00, 0x6e,
0x73, 0x22, 0x04, 0x75, 0x50, 0xa6, 0x00, 0x04, 0x8e, 0x4b, 0xb5, 0x70, 0x06, 0x23, 0x06, 0x04,
0xd0, 0x01, 0x3a, 0xac, 0x9a, 0x80, 0x08, 0xc0, 0x80, 0x00, 0x02, 0x44, 0x34, 0xb3, 0x80, 0x04,
0x71, 0x6e, 0x73, 0x82, 0x04, 0x90, 0x40, 0x05, 0xf0, 0x50, 0xb4, 0x00, 0x02, 0x58, 0x49, 0x25,
0x70, 0x06, 0x23, 0x06, 0x04, 0x32, 0x94, 0x10, 0x41, 0x13, 0x27, 0x46, 0x58, 0x1f, 0x30, 0xf7,
0xff, 0x04, 0xd2, 0x2c, 0xe1, 0x1c, 0x6c, 0xe7, 0xc0, 0x90, 0xe7, 0x1c, 0xc0, 0x80, 0x00, 0x04,
0xb3, 0x50, 0x67, 0x00, 0x2e, 0xe1, 0x20, 0x4a, 0x59, 0x70, 0x2c, 0x81, 0x22, 0x04, 0x90, 0x2c,
0x61, 0x02, 0x04, 0x71, 0x49, 0x7a, 0x88, 0x06, 0xc3, 0x4b, 0x6e, 0x88, 0x04, 0xc4, 0x04, 0xa3,
0x04, 0x90, 0x04, 0x71, 0x48, 0xb5, 0xf0, 0x2c, 0xc1, 0x48, 0x2e, 0x21, 0x48, 0x30, 0xf6, 0x0c,
0x02, 0x38, 0x06, 0x83, 0x2e, 0xe1, 0x60, 0x2e, 0x01, 0x48, 0x20, 0xe6, 0x00, 0x06, 0x44, 0x0a,
0x17, 0x06, 0xd1, 0x40, 0x97, 0x3c, 0x98, 0xc0, 0x00, 0x00, 0x24, 0x02, 0x00, 0xa0, 0x49, 0x11,
0x70, 0x06, 0x44, 0x04, 0x92, 0x06, 0x63, 0x4b, 0xb2, 0x88, 0x06, 0x83, 0x48, 0x66, 0x88, 0x32,
0x94, 0x0c, 0x04, 0xa3, 0x04, 0xc4, 0x04, 0x73, 0x04, 0x92, 0x49, 0xd9, 0xf0, 0x22, 0x96, 0x00,
0x02, 0xd8, 0xd2, 0xed, 0x02, 0xbf, 0x2c, 0xe1, 0x5c, 0x06, 0x83, 0x0a, 0x27, 0x06, 0x44, 0x2c,
0x81, 0x42, 0x2c, 0xe1, 0x62, 0x98, 0xc0, 0x00, 0x00, 0x07, 0xfc, 0x00, 0xa0, 0x04, 0x64, 0x04,
0x87, 0x48, 0x0b, 0x50, 0x04, 0xb4, 0x04, 0xd2, 0x48, 0x22, 0x70, 0xd0, 0x80, 0x39, 0x28, 0xc6,
0xd1, 0xff, 0xff, 0x2d, 0x61, 0x48, 0x3e, 0x16, 0xb1, 0x2e, 0x21, 0x08, 0x04, 0xd1, 0x46, 0x72,
0x5f, 0x02, 0x00, 0x02, 0x40, 0x46, 0xc1, 0xdf, 0x2c, 0xf0, 0x48, 0x00, 0xfc, 0x6c, 0xe7, 0x40,
0x08, 0xf0, 0x2c, 0x67, 0x60, 0x48, 0x0b, 0x40, 0x38, 0xe0, 0x04, 0x60, 0x67, 0x1d, 0x46, 0x17,
0x5f, 0x2c, 0xe1, 0x78, 0xd0, 0x40, 0x75, 0x6b, 0x98, 0xc0, 0x00, 0x00, 0x28, 0x02, 0x00, 0xa0,
0x04, 0x70, 0x04, 0x91, 0x48, 0xc6, 0x70, 0x04, 0xb5, 0x04, 0xce, 0x02, 0x00, 0x4a, 0x7f, 0xb0,
0x02, 0x40, 0xd0, 0x80, 0x30, 0xab, 0x46, 0x42, 0xdf, 0xd0, 0x41, 0x52, 0xd5, 0x95, 0xce, 0xff,
0xff, 0xf0, 0x00, 0x06, 0x75, 0xd0, 0x40, 0xe1, 0x55, 0xd0, 0x00, 0xf2, 0x55, 0x2c, 0xe1, 0x58,
0x02, 0x68, 0x00, 0xf8, 0x2c, 0xe1, 0x18, 0x2c, 0xe1, 0x68, 0x00, 0xf8, 0x2c, 0xe1, 0x28, 0x46,
0x71, 0x5f, 0x00, 0xc8, 0x2c, 0xc1, 0x34, 0x46, 0x18, 0x6f, 0x2c, 0x01, 0x34, 0x46, 0x67, 0xdf,
0x00, 0xc8, 0x2c, 0xc1, 0x0c, 0x02, 0x08, 0x2c, 0xc1, 0x38, 0x2c, 0xc1, 0x30, 0x2c, 0x0a, 0x22,
0x62, 0x10, 0x38, 0x00, 0x80, 0x46, 0x6c, 0x6f, 0x3e, 0x10, 0x80, 0x2e, 0xc1, 0x38, 0x0f, 0xdf,
0x2c, 0xa1, 0x64, 0x04, 0x8c, 0x04, 0x6a, 0x49, 0xec, 0xc0, 0x05, 0x83, 0x46, 0x8c, 0x5f, 0x2d,
0x61, 0x48, 0x2d, 0xc1, 0x08, 0x46, 0x40, 0xdf, 0x2c, 0xc1, 0x64, 0x2e, 0x01, 0x24, 0x60, 0xf0,
0x35, 0x02, 0x00, 0x2c, 0xc1, 0x54, 0x08, 0xc7, 0x2c, 0xc1, 0x14, 0x46, 0x66, 0xdf, 0x06, 0x35,
0x06, 0x0e, 0x02, 0x44, 0x46, 0x81, 0x6f, 0x2c, 0xe1, 0x78, 0xd0, 0x00, 0x74, 0x63, 0x2c, 0xe1,
0x4c, 0xd1, 0x00, 0x7e, 0xc1, 0x98, 0xc0, 0x00, 0x00, 0x24, 0x02, 0x00, 0xa0, 0x04, 0x71, 0x04,
0x90, 0x4b, 0xcc, 0x70, 0x06, 0x23, 0x30, 0x72, 0x80, 0x06, 0x04, 0x4a, 0x48, 0x88, 0x04, 0xa3,
0x04, 0xc4, 0x04, 0x71, 0x04, 0x90, 0x49, 0x74, 0x70, 0x98, 0xc0, 0x00, 0x00, 0x38, 0x02, 0x00,
0xa0, 0x48, 0x21, 0x50, 0x30, 0xed, 0xff, 0x06, 0x63, 0x2c, 0xe1, 0x3c, 0x92, 0x44, 0x00, 0x00,
0x03, 0x3f, 0x2e, 0xe1, 0x4c, 0x46, 0xee, 0x6f, 0x04, 0x8c, 0x04, 0x6a, 0x4a, 0x68, 0xc0, 0x05,
0x83, 0x46, 0x35, 0x9f, 0x2c, 0xa1, 0x62, 0x2e, 0x61, 0x42, 0x04, 0xe5, 0x98, 0x80, 0x00, 0x00,
0x07, 0xfc, 0x04, 0xb3, 0x04, 0xc7, 0x00, 0x60, 0x48, 0x1c, 0xf0, 0x04, 0xb4, 0x04, 0xd2, 0x4b,
0x9d, 0xb0, 0x43, 0x03, 0x10, 0x46, 0xc3, 0xef, 0x06, 0x26, 0xc4, 0xf1, 0xff, 0xff, 0x30, 0xd1,
0xff, 0x3c, 0x07, 0x0c, 0x47, 0x22, 0xff, 0x2d, 0x61, 0x48, 0x2d, 0xa1, 0x7c, 0x2e, 0x21, 0x08,
0x46, 0xe2, 0x5f, 0x2c, 0xc1, 0x6c, 0xd0, 0x00, 0x6e, 0x90, 0xd8, 0xe7, 0xcc, 0x20, 0x2e, 0x01,
0x64, 0x2e, 0x21, 0x58, 0x46, 0xed, 0x5f, 0x62, 0x31, 0x3d, 0x00, 0xe0, 0x46, 0xf5, 0x5f, 0x2d,
0x61, 0x48, 0x04, 0xd4, 0x2e, 0x81, 0x08, 0x46, 0xad, 0x1f, 0x2c, 0xc1, 0x08, 0x30, 0xd6, 0x80,
0x3e, 0x06, 0x31, 0x2d, 0xa1, 0x7c, 0x20, 0xc7, 0x00, 0x46, 0x70, 0x5f, 0x2d, 0xa1, 0x5c, 0x46,
0x96, 0xef, 0x41, 0x03, 0x70, 0x34, 0xf6, 0x80, 0x40, 0x07, 0x10, 0x46, 0xf2, 0xdf, 0x06, 0x66,
0xc4, 0xf3, 0xff, 0xff, 0x30, 0xd3, 0xff, 0x3c, 0x07, 0x0c, 0x47, 0x22, 0xff, 0x2d, 0x61, 0x48,
0x2e, 0x61, 0x08, 0x46, 0x93, 0x9f, 0x2c, 0x92, 0x60, 0x04, 0x6a, 0x49, 0x4f, 0x80, 0x2c, 0xb2,
0x48, 0x05, 0xc3, 0x00, 0xb4, 0x6c, 0xa5, 0x40, 0x30, 0x92, 0x30, 0x30, 0x63, 0x30, 0x4a, 0xe0,
0xef, 0x04, 0x6a, 0x04, 0x8e, 0x00, 0xa8, 0x4b, 0x50, 0xc0, 0x06, 0x23, 0x46, 0xfd, 0xdf, 0x00,
0xd8, 0x2d, 0x61, 0x48, 0x20, 0xc7, 0x00, 0x2e, 0x61, 0x08, 0x46, 0x49, 0x9f, 0x2c, 0xe1, 0x52,
0x38, 0xc0, 0x6c, 0x60, 0xe6, 0x3d, 0x2e, 0x01, 0x64, 0x2e, 0x21, 0x58, 0x46, 0xf8, 0x5f, 0x2d,
0xa1, 0x68, 0x3c, 0x36, 0x9c, 0x47, 0x37, 0x80, 0x30, 0xf6, 0x80, 0x06, 0x51, 0x20, 0xf4, 0x00,
0x02, 0x98, 0x2d, 0x61, 0x48, 0x2e, 0x81, 0x08, 0x46, 0x26, 0x9f, 0x2d, 0xa1, 0x68, 0x06, 0x51,
0x46, 0x6d, 0x5f, 0x38, 0xe0, 0x9c, 0x32, 0x74, 0x80, 0x06, 0x51, 0x20, 0xf4, 0x00, 0x38, 0xc0,
0x9c, 0x2c, 0xa1, 0x48, 0x46, 0xd3, 0x5f, 0xd0, 0x40, 0x3f, 0x43, 0x34, 0xd6, 0x80, 0xd0, 0x00,
0x61, 0x43, 0x46, 0xd8, 0x3f, 0x02, 0x44, 0x46, 0x77, 0x2f, 0x38, 0xa0, 0x50, 0x04, 0x92, 0x04,
0x6a, 0x00, 0xc0, 0x49, 0x17, 0x80, 0x2c, 0xe1, 0x4c, 0x06, 0x43, 0x43, 0x07, 0x60, 0x43, 0x4b,
0x30, 0x2c, 0xe1, 0x4c, 0x2c, 0xe1, 0x38, 0x46, 0x04, 0xdf, 0x2c, 0xe1, 0x4c, 0x2c, 0xe1, 0x38,
0x46, 0x9b, 0x1f, 0xd0, 0x08, 0x64, 0x51, 0x38, 0xc0, 0x3c, 0x60, 0xe6, 0x3d, 0x46, 0x61, 0x1f,
0x47, 0xa4, 0x00, 0x05, 0x45, 0x40, 0x05, 0x88, 0x98, 0x80, 0x69, 0x20, 0x80, 0x00, 0x04, 0x65,
0x48, 0x82, 0x20, 0x41, 0x03, 0x30, 0x98, 0x60, 0x32, 0x20, 0x80, 0x00, 0x47, 0xb4, 0x00, 0x98,
0x80, 0x32, 0x20, 0x80, 0x00, 0x04, 0x6a, 0x4a, 0xdc, 0x20, 0x40, 0x03, 0x37, 0x98, 0x80, 0x61,
0x20, 0x80, 0x00, 0x04, 0x6a, 0x4b, 0xec, 0x20, 0x3c, 0x03, 0x00, 0x98, 0x60, 0x32, 0x20, 0x80,
0x00, 0x64, 0x63, 0x02, 0x47, 0xb4, 0x00, 0x98, 0x60, 0x2c, 0x20, 0x02, 0x00, 0x47, 0xd2, 0x48,
0x8c, 0x60, 0x4c, 0x20, 0x02, 0x00, 0x47, 0xd2, 0x48, 0x98, 0x60, 0x2a, 0x20, 0x02, 0x00, 0x47,
0xd2, 0x48, 0x00, 0x60, 0x47, 0xd2, 0x48, 0x98, 0x60, 0x2e, 0x20, 0x02, 0x00, 0x47, 0xd2, 0x48,
0x04, 0xe3, 0x8c, 0x60, 0x40, 0x00, 0x02, 0x00, 0x04, 0xa4, 0x04, 0x87, 0x0c, 0x87, 0x98, 0x60,
0x2e, 0x20, 0x02, 0x00, 0x47, 0xd2, 0x48, 0x47, 0xa1, 0x00, 0x31, 0x64, 0xd0, 0x05, 0x83, 0x3c,
0xeb, 0x68, 0x47, 0x2e, 0x60, 0x95, 0x6b, 0x1f, 0xff, 0xff, 0xff, 0x6c, 0xeb, 0xf9, 0xd3, 0x96,
0x4f, 0x00, 0x38, 0xe0, 0x30, 0x00, 0x60, 0x2c, 0xec, 0x00, 0x47, 0xb1, 0x00, 0x41, 0x07, 0xaf,
0x04, 0x6c, 0x4a, 0xc9, 0x80, 0x9e, 0xcb, 0xef, 0x80, 0x00, 0x00, 0x47, 0x2a, 0x20, 0x90, 0xeb,
0x2d, 0x20, 0x02, 0x00, 0x6e, 0xeb, 0xc1, 0x2d, 0x47, 0x70, 0xd2, 0x94, 0x7e, 0xc2, 0x2c, 0xea,
0x60, 0x2c, 0xca, 0x70, 0x94, 0xe7, 0x3f, 0xff, 0xff, 0xff, 0x08, 0xea, 0x04, 0x6c, 0x2c, 0x87,
0x60, 0x2c, 0xaa, 0x50, 0x38, 0x84, 0x80, 0x2c, 0xc5, 0x30, 0x2c, 0xa6, 0x10, 0x2c, 0x87, 0x20,
0x49, 0x21, 0x80, 0x30, 0x6a, 0x10, 0x47, 0xb1, 0x00, 0x39, 0x60, 0x08, 0x00, 0xe0, 0x0c, 0x17,
0x6e, 0xeb, 0x91, 0xd0, 0x01, 0x70, 0x18, 0xd1, 0xc9, 0x79, 0x8c, 0x6e, 0xeb, 0x61, 0x32, 0xf7,
0x1c, 0x6c, 0xb7, 0x80, 0x6c, 0xa5, 0x40, 0x90, 0xa5, 0x2d, 0x20, 0x02, 0x00, 0x2d, 0x45, 0x70,
0xd2, 0x8a, 0xaa, 0xc0, 0x2c, 0xca, 0x60, 0x94, 0xc6, 0x3f, 0xff, 0xff, 0xff, 0x60, 0xe6, 0x5d,
0x3c, 0x87, 0xf0, 0x47, 0x20, 0x40, 0xd0, 0x80, 0x7a, 0xa8, 0x2d, 0x4a, 0x70, 0xd2, 0x8a, 0xa1,
0x80, 0x2c, 0xca, 0x60, 0x94, 0xc6, 0x3f, 0xff, 0xff, 0xff, 0x60, 0xe6, 0x5d, 0x3c, 0xc7, 0xf0,
0x47, 0x26, 0x7f, 0x02, 0xff, 0x02, 0xf8, 0x8d, 0x40, 0x63, 0x20, 0x02, 0x00, 0x98, 0xa0, 0x3d,
0x20, 0x02, 0x00, 0x3d, 0x6a, 0x28, 0x47, 0x3d, 0xac, 0x2c, 0xca, 0x60, 0x94, 0xc6, 0x3f, 0xff,
0xff, 0xff, 0x60, 0xe6, 0x5d, 0x3c, 0xc7, 0xf0, 0x47, 0x38, 0x8c, 0x98, 0xa0, 0x3d, 0x20, 0x02,
0x00, 0x8c, 0xa0, 0x13, 0x20, 0x02, 0x00, 0x8c, 0xa0, 0x23, 0x20, 0x02, 0x00, 0xd0, 0x80, 0x70,
0x48, 0x9e, 0xc6, 0xff, 0x80, 0x00, 0x00, 0x47, 0x28, 0x54, 0x6c, 0xc6, 0xc1, 0x6c, 0xe6, 0xc0,
0x90, 0xe7, 0x2d, 0x20, 0x02, 0x00, 0x6c, 0xc6, 0x42, 0x00, 0x88, 0x8f, 0x00, 0x5d, 0x20, 0x02,
0x00, 0x2c, 0xa7, 0x50, 0x60, 0xc4, 0x36, 0x60, 0xc6, 0xc1, 0x07, 0x06, 0x2c, 0xea, 0x30, 0x2c,
0xaa, 0x10, 0x8c, 0xc0, 0x1d, 0x20, 0x02, 0x00, 0x2d, 0x47, 0x10, 0x2d, 0x45, 0x30, 0x6c, 0xf7,
0x42, 0x00, 0xa8, 0x60, 0xa5, 0x3e, 0xd3, 0xca, 0x6b, 0x70, 0x60, 0xe6, 0x28, 0x41, 0x07, 0xf8,
0x6c, 0xa5, 0x80, 0x96, 0xf7, 0x3f, 0xff, 0xff, 0xff, 0x60, 0xe6, 0x28, 0x02, 0xf2, 0x41, 0x07,
0x70, 0x6c, 0xa5, 0x80, 0x60, 0xe6, 0x28, 0x02, 0xf2, 0x40, 0x07, 0x1f, 0x6f, 0x57, 0xc0, 0x93,
0x5a, 0x2d, 0x20, 0x02, 0x00, 0x04, 0x9a, 0x07, 0x37, 0x2d, 0x44, 0x70, 0xd2, 0x88, 0xa0, 0x34,
0x2c, 0xca, 0x60, 0x94, 0xc6, 0x3f, 0xff, 0xff, 0xff, 0x60, 0xe6, 0x5d, 0x3c, 0x87, 0xf0, 0x47,
0x20, 0x40, 0xd0, 0x80, 0x77, 0x74, 0x2d, 0x4a, 0x70, 0xd2, 0x88, 0xac, 0x54, 0x2c, 0xca, 0x60,
0x94, 0xc6, 0x3f, 0xff, 0xff, 0xff, 0x60, 0xe6, 0x5d, 0x3c, 0xc7, 0xf0, 0x47, 0x26, 0x7f, 0x2c,
0x8a, 0x70, 0x2e, 0xea, 0x50, 0x60, 0xca, 0x5c, 0x39, 0x6b, 0x80, 0x98, 0xa0, 0x3d, 0x20, 0x02,
0x00, 0x3b, 0x27, 0x80, 0x63, 0x06, 0x3c, 0x04, 0x6c, 0x2c, 0x97, 0x30, 0x2e, 0xe4, 0x10, 0x2d,
0x6a, 0x20, 0x8c, 0xc0, 0x13, 0x20, 0x02, 0x00, 0x8c, 0xc0, 0x23, 0x20, 0x02, 0x00, 0x2c, 0xa6,
0x30, 0x2c, 0xa6, 0x10, 0x2f, 0x26, 0x20, 0x2c, 0xf8, 0x00, 0x48, 0x44, 0x80, 0x30, 0x6a, 0x10,
0x47, 0xb1, 0x00, 0x6e, 0xeb, 0xc1, 0x6c, 0xb7, 0x80, 0x0f, 0x45, 0x08, 0xca, 0x04, 0x6c, 0x2c,
0x86, 0x60, 0x2c, 0xea, 0x70, 0x2c, 0xaa, 0x50, 0x38, 0x84, 0x80, 0x2c, 0xe5, 0x30, 0x2c, 0xa7,
0x10, 0x2c, 0x86, 0x20, 0x49, 0xe8, 0x80, 0x30, 0x6a, 0x10, 0x47, 0xb1, 0x00, 0x08, 0xca, 0x04,
0x6c, 0x2c, 0xe6, 0x60, 0x38, 0xe7, 0x80, 0x2c, 0xe6, 0x20, 0x48, 0x48, 0x80, 0x30, 0x6a, 0x10,
0x47, 0xb1, 0x00, 0x8d, 0x40, 0x7d, 0x20, 0x02, 0x00, 0x2d, 0xca, 0x60, 0x95, 0xce, 0x3f, 0xff,
0xff, 0xff, 0xd3, 0xd6, 0xeb, 0x00, 0x60, 0xee, 0x5d, 0x3c, 0x87, 0xf0, 0x47, 0x2a, 0x48, 0x8c,
0xe0, 0x74, 0x08, 0x02, 0x00, 0x8c, 0xc0, 0x75, 0x20, 0x02, 0x00, 0x08, 0xeb, 0xd9, 0xe7, 0xf0,
0x08, 0x95, 0xef, 0x00, 0x0f, 0xff, 0xff, 0x30, 0xe7, 0x08, 0x3c, 0x26, 0xff, 0x65, 0xef, 0x3a,
0x04, 0x6c, 0x04, 0x8f, 0x62, 0x0a, 0x74, 0x48, 0x46, 0xc0, 0x05, 0xa3, 0xd0, 0x3e, 0x36, 0x24,
0xd3, 0xe0, 0x36, 0xc4, 0x8c, 0xe0, 0x7f, 0xf0, 0x02, 0x00, 0x08, 0xef, 0x8c, 0xe0, 0x3f, 0xf0,
0x02, 0x00, 0xd2, 0xa0, 0xdf, 0xd4, 0x8c, 0xc0, 0x75, 0x20, 0x02, 0x00, 0xd0, 0x3e, 0x61, 0xf4,
0x62, 0x0d, 0x85, 0x08, 0xf0, 0x8c, 0xe0, 0x3f, 0xf0, 0x02, 0x00, 0x34, 0xed, 0xe0, 0xd8, 0xc0,
0x00, 0x08, 0x40, 0x07, 0x08, 0x61, 0xad, 0x3d, 0xd8, 0xc0, 0x10, 0x08, 0x31, 0xad, 0x10, 0x60,
0xc6, 0x3d, 0x09, 0xed, 0x95, 0xef, 0xff, 0xf0, 0x00, 0x00, 0x61, 0xe6, 0x7d, 0x04, 0x6c, 0x04,
0x8f, 0x49, 0xd2, 0xc0, 0xd0, 0x3e, 0x39, 0xd4, 0x60, 0xc3, 0x6d, 0x08, 0xcf, 0x38, 0xc6, 0x80,
0x8c, 0xe0, 0x7f, 0xf0, 0x02, 0x00, 0x98, 0xa0, 0x2d, 0x20, 0x02, 0x00, 0x08, 0xef, 0x3d, 0x4a,
0x28, 0x8d, 0xa0, 0x3d, 0x20, 0x02, 0x00, 0x8c, 0xe0, 0x3f, 0xf0, 0x02, 0x00, 0x2c, 0xcd, 0x20,
0x47, 0x2f, 0x40, 0x3c, 0xae, 0xf0, 0x47, 0x3f, 0x04, 0x2e, 0xea, 0x60, 0x30, 0xce, 0x2f, 0x94,
0xc6, 0x1f, 0xff, 0xff, 0xff, 0x36, 0xf7, 0x80, 0x62, 0xe6, 0xb9, 0x60, 0xaa, 0x34, 0x00, 0x8a,
0x2e, 0xea, 0x20, 0x3c, 0xe6, 0xf0, 0x2c, 0x85, 0x20, 0x2c, 0x85, 0x10, 0x47, 0x35, 0x24, 0x8c,
0xc0, 0x54, 0x08, 0x02, 0x00, 0xd3, 0x8c, 0x75, 0x00, 0x8c, 0xe0, 0x14, 0x08, 0x02, 0x00, 0x8c,
0xc0, 0x64, 0x08, 0x02, 0x00, 0x05, 0x4d, 0xd3, 0x8c, 0x77, 0x78, 0x2c, 0xcd, 0x60, 0x8c, 0xe0,
0x24, 0x08, 0x02, 0x00, 0x94, 0xc6, 0x3f, 0xff, 0xff, 0xff, 0x60, 0xe6, 0x5d, 0xd3, 0xd6, 0x65,
0x00, 0x3c, 0x87, 0xf0, 0x47, 0x2b, 0x00, 0x04, 0x6c, 0x4a, 0x43, 0x00, 0x00, 0x60, 0x47, 0xb1,
0x00, 0x38, 0xcb, 0x80, 0x38, 0xe7, 0x80, 0x09, 0x6a, 0x04, 0x6c, 0x2c, 0xca, 0x20, 0x2c, 0xeb,
0x20, 0x8d, 0x60, 0x3d, 0x20, 0x02, 0x00, 0x4b, 0x5d, 0x00, 0x30, 0x6a, 0x10, 0x47, 0xb1, 0x00,
0x3c, 0xb7, 0x28, 0x47, 0x3f, 0x08, 0x3c, 0xb7, 0x2a, 0x47, 0x25, 0x28, 0x6e, 0xeb, 0x31, 0x32,
0xf7, 0x76, 0x6c, 0xb7, 0x80, 0x46, 0xfb, 0x3f, 0x6c, 0xe6, 0x91, 0xd2, 0x08, 0x70, 0x08, 0x3c,
0xa7, 0x28, 0x47, 0x27, 0x18, 0x30, 0xa7, 0xda, 0x6c, 0x85, 0x80, 0x6c, 0x84, 0x40, 0x90, 0x84,
0x2d, 0x20, 0x02, 0x00, 0x2c, 0xe4, 0x50, 0xd2, 0x8e, 0x48, 0xc8, 0x2c, 0xa7, 0x60, 0x94, 0xa5,
0x3f, 0xff, 0xff, 0xff, 0xd3, 0x8c, 0x5d, 0x00, 0x2c, 0xe7, 0x50, 0xd2, 0xc8, 0x70, 0xff, 0x8f,
0x00, 0x5d, 0x20, 0x02, 0x00, 0x2c, 0xa7, 0x70, 0x04, 0xd8, 0x2c, 0xaa, 0x30, 0x2c, 0xea, 0x10,
0x2d, 0x45, 0x10, 0x2d, 0x47, 0x30, 0x46, 0x12, 0xbf, 0x60, 0xca, 0x5c, 0x39, 0x6b, 0x80, 0x98,
0xa0, 0x3d, 0x20, 0x02, 0x00, 0x3a, 0xe7, 0x80, 0x60, 0x86, 0x3c, 0x04, 0x6c, 0x2d, 0x6a, 0x20,
0x8c, 0xc0, 0x13, 0x20, 0x02, 0x00, 0x8c, 0xc0, 0x23, 0x20, 0x02, 0x00, 0x2c, 0xa6, 0x30, 0x2c,
0xa6, 0x10, 0x2e, 0xe6, 0x20, 0x2c, 0xe4, 0x00, 0x49, 0x49, 0x00, 0x30, 0x6a, 0x10, 0x47, 0xb1,
0x00, 0x8f, 0x00, 0x5d, 0x20, 0x02, 0x00, 0x04, 0xd8, 0x46, 0xa0, 0xbf, 0x03, 0x38, 0x34, 0xf9,
0xc0, 0x30, 0x84, 0x10, 0xd0, 0x40, 0x7a, 0xcb, 0x34, 0xd7, 0xc0, 0x30, 0xfa, 0x1f, 0xd0, 0x00,
0x61, 0xe8, 0x2f, 0x5a, 0x40, 0x02, 0xff, 0xd2, 0xb4, 0x78, 0xff, 0x6c, 0xa5, 0x80, 0xd3, 0xcb,
0x8a, 0xbb, 0xd0, 0x00, 0x58, 0xbb, 0x60, 0xf8, 0x28, 0x40, 0x07, 0x56, 0x06, 0xf9, 0x46, 0x7f,
0x3f, 0x30, 0xea, 0x10, 0x02, 0xf4, 0x2d, 0x4a, 0x68, 0xd2, 0x8e, 0xa7, 0x23, 0x46, 0x83, 0xdf,
0x08, 0xca, 0x04, 0x6c, 0x2c, 0x86, 0x60, 0x2c, 0xea, 0x70, 0x2c, 0xaa, 0x50, 0x38, 0x84, 0x80,
0x2c, 0x86, 0x20, 0x2c, 0xe5, 0x30, 0x2c, 0xa7, 0x10, 0x4a, 0x6e, 0x00, 0x30, 0x6a, 0x10, 0x47,
0xb1, 0x00, 0x32, 0xf7, 0xda, 0x6c, 0xb7, 0x80, 0x46, 0x3b, 0xdf, 0x6c, 0xa6, 0x61, 0x30, 0xa5,
0x1c, 0x6c, 0x85, 0x80, 0x0f, 0x83, 0x98, 0xe0, 0x2d, 0x20, 0x02, 0x00, 0x3d, 0x4a, 0x38, 0x47,
0x2a, 0x3b, 0x8d, 0x40, 0x7d, 0x20, 0x02, 0x00, 0x2c, 0xca, 0x60, 0x94, 0xc6, 0x3f, 0xff, 0xff,
0xff, 0x0e, 0x45, 0x6c, 0xa5, 0x80, 0x60, 0xf8, 0x28, 0x03, 0x32, 0x40, 0x07, 0x1f, 0x06, 0xf9,
0x46, 0x31, 0x3f, 0x9e, 0xd7, 0x2a, 0x80, 0x00, 0x00, 0x47, 0x2e, 0xc0, 0x6e, 0xeb, 0xf1, 0x32,
0xf7, 0xee, 0x6c, 0xb7, 0x80, 0x46, 0xf1, 0xdf, 0x8f, 0x00, 0x5d, 0x20, 0x02, 0x00, 0x6c, 0xa5,
0x42, 0x00, 0xc8, 0x60, 0xc6, 0x2e, 0x60, 0xc6, 0xc1, 0x07, 0x06, 0x8c, 0xc0, 0x1d, 0x20, 0x02,
0x00, 0x04, 0xa7, 0x0f, 0xad, 0x00, 0xe8, 0x05, 0x4d, 0x2c, 0xed, 0x20, 0x00, 0xc0, 0x0c, 0xf1,
0x9e, 0xd7, 0x2a, 0xa0, 0x00, 0x00, 0x47, 0x2e, 0x20, 0x6e, 0xeb, 0x49, 0x32, 0xf7, 0x3e, 0x6c,
0xb7, 0x80, 0x46, 0x4a, 0xdf, 0x2c, 0xcd, 0x60, 0x94, 0xc6, 0x3f, 0xff, 0xff, 0xff, 0x0c, 0xe1,
0x3c, 0xa7, 0x2a, 0x47, 0x25, 0xa0, 0x6c, 0xa6, 0x31, 0x30, 0xa5, 0x76, 0x6c, 0x85, 0x80, 0x0c,
0xd9, 0x94, 0xd0, 0xff, 0xf0, 0x00, 0x00, 0xd0, 0x40, 0x6f, 0xcb, 0x8d, 0xa0, 0x7d, 0x20, 0x02,
0x00, 0x60, 0xcf, 0x74, 0x38, 0xc6, 0x80, 0x2c, 0xcd, 0x20, 0x46, 0xa3, 0xbf, 0x38, 0xa0, 0x3f,
0x3a, 0xe0, 0x7e, 0x46, 0x88, 0xdf, 0x30, 0x8a, 0x10, 0x04, 0x6c, 0x4b, 0xc0, 0x60, 0x8c, 0xe0,
0x7f, 0xf0, 0x02, 0x00, 0x8d, 0xa0, 0x7d, 0x20, 0x02, 0x00, 0x46, 0xa5, 0xbf, 0x00, 0xc8, 0x01,
0xe0, 0x46, 0xf2, 0xbf, 0x8d, 0xa0, 0x35, 0x20, 0x02, 0x00, 0x46, 0x88, 0xbf, 0x9e, 0xc7, 0x2a,
0x80, 0x00, 0x00, 0x47, 0x27, 0x00, 0x6c, 0xa6, 0xf1, 0x30, 0xa5, 0xee, 0x6c, 0x85, 0x80, 0x0c,
0xc1, 0x9e, 0xc7, 0x2a, 0xa0, 0x00, 0x00, 0x47, 0x2b, 0x80, 0x6c, 0xa6, 0x49, 0x30, 0xa5, 0x3e,
0x6c, 0x85, 0x80, 0x46, 0x1f, 0xbf, 0x60, 0xe5, 0x2b, 0x63, 0x07, 0xc0, 0x8f, 0x00, 0x1d, 0x20,
0x02, 0x00, 0x0e, 0x45, 0x38, 0x80, 0x3f, 0x38, 0xa0, 0x7e, 0x46, 0x87, 0xbf, 0x34, 0xe3, 0xc0,
0x3e, 0x04, 0xb8, 0xd0, 0x00, 0x72, 0x10, 0x30, 0xe5, 0xff, 0x40, 0x05, 0x22, 0x24, 0xc3, 0x00,
0xd2, 0xcd, 0x74, 0x80, 0x0c, 0xf0, 0x40, 0x07, 0x1c, 0x24, 0xc3, 0x00, 0x00, 0xff, 0xd2, 0x8d,
0x74, 0xc0, 0x00, 0x78, 0x34, 0xc3, 0xc0, 0x41, 0x06, 0xf7, 0xd1, 0xf0, 0x79, 0x40, 0x30, 0xa7,
0xff, 0x40, 0x07, 0xb8, 0x24, 0xe3, 0x00, 0xd2, 0x8f, 0x79, 0x80, 0x00, 0xe0, 0x0f, 0x40, 0x24,
0xc3, 0x00, 0x00, 0xf8, 0xd2, 0x8d, 0x73, 0x00, 0x00, 0x78, 0xd2, 0xca, 0x7a, 0xff, 0x00, 0x60,
0x47, 0xd2, 0x48, 0x34, 0x84, 0xff, 0x6c, 0xc4, 0x10, 0x60, 0xc6, 0x21, 0x6c, 0x86, 0x08, 0x60,
0x84, 0x31, 0x2c, 0xc3, 0x40, 0x60, 0xc4, 0x32, 0x90, 0xa6, 0xff, 0x7f, 0x7f, 0x7f, 0x60, 0xc6,
0x33, 0x60, 0xc5, 0x30, 0x94, 0xc6, 0x01, 0x01, 0x01, 0x01, 0x41, 0x06, 0x2d, 0x00, 0xf3, 0x00,
0x72, 0xd1, 0xf0, 0x78, 0x7f, 0x0e, 0x57, 0x04, 0xe5, 0xd1, 0xf0, 0x75, 0x3f, 0x0e, 0x17, 0x47,
0xd2, 0x48, 0x47, 0xd2, 0x48, 0x47, 0xa2, 0x00, 0x2c, 0xe3, 0x72, 0x05, 0x43, 0x05, 0x64, 0x40,
0x07, 0xb8, 0x6c, 0xcb, 0x40, 0x08, 0xe6, 0x2c, 0x67, 0x40, 0x40, 0x03, 0xe4, 0x2c, 0xc3, 0x40,
0x2c, 0xc7, 0x00, 0x2c, 0x03, 0x08, 0x2c, 0x03, 0x30, 0x47, 0xb2, 0x00, 0x38, 0xa0, 0x84, 0x00,
0x82, 0x4b, 0x4e, 0xa0, 0x2c, 0x6a, 0x32, 0x04, 0xe3, 0x41, 0x03, 0x9b, 0x00, 0x60, 0x47, 0xb2,
0x00, 0x01, 0x88, 0x61, 0x8c, 0x5e, 0x30, 0xac, 0xa0, 0x6c, 0xa5, 0x40, 0x04, 0x6a, 0x00, 0x88,
0x48, 0xd6, 0xa0, 0x40, 0x03, 0x97, 0x55, 0x63, 0x20, 0x0d, 0x4f, 0x40, 0x04, 0xe8, 0x2c, 0xe4,
0x60, 0x2c, 0xc3, 0x72, 0x6c, 0xe7, 0x40, 0x08, 0xe6, 0x2c, 0xc7, 0x40, 0x2c, 0xc4, 0x00, 0x2c,
0x87, 0x00, 0x47, 0xd2, 0x48, 0x47, 0xaa, 0xc0, 0x2d, 0x44, 0x48, 0x30, 0xe4, 0x28, 0x05, 0x64,
0x05, 0x83, 0x02, 0xe0, 0x2f, 0x27, 0x40, 0x02, 0xf8, 0x97, 0x19, 0xff, 0xff, 0x00, 0x00, 0x6f,
0x39, 0x09, 0x67, 0x18, 0x2b, 0x67, 0x39, 0x2b, 0x0b, 0x06, 0x6c, 0xd8, 0x09, 0x08, 0xd9, 0x6f,
0x26, 0x08, 0x97, 0x18, 0xff, 0xff, 0x00, 0x00, 0x0b, 0x19, 0x6c, 0xc6, 0x09, 0x2f, 0x07, 0x00,
0x00, 0xf2, 0xd3, 0x55, 0x74, 0xbf, 0x40, 0x06, 0x58, 0x2c, 0xeb, 0x50, 0xd3, 0x14, 0x79, 0x80,
0x30, 0xea, 0x20, 0x6c, 0xe7, 0x40, 0x08, 0xeb, 0x01, 0x58, 0x2c, 0xc7, 0x20, 0x2d, 0x4b, 0x08,
0x04, 0x6b, 0x47, 0xba, 0xc0, 0x2c, 0x8b, 0x60, 0x04, 0x6c, 0x00, 0x98, 0x2c, 0xc1, 0x20, 0x49,
0x93, 0xff, 0x2c, 0xab, 0x48, 0x05, 0xa3, 0x00, 0xb4, 0x30, 0x8b, 0x30, 0x6c, 0xa5, 0x40, 0x30,
0x63, 0x30, 0x4a, 0x7b, 0x2f, 0x2c, 0xeb, 0x60, 0x2c, 0xac, 0x72, 0x6c, 0xe7, 0x40, 0x08, 0xe5,
0x2c, 0xa7, 0x40, 0x2c, 0xc1, 0x60, 0x2c, 0xab, 0x00, 0x2d, 0x67, 0x00, 0x05, 0x6d, 0x0d, 0x37,
0x47, 0xae, 0xc0, 0x9b, 0x00, 0x9c, 0x71, 0xc7, 0x1c, 0x05, 0xa6, 0x30, 0xc6, 0x10, 0x6e, 0xe6,
0xfa, 0x05, 0x83, 0x68, 0xc6, 0xc3, 0x05, 0x44, 0x6c, 0xc6, 0x82, 0x63, 0x06, 0xbd, 0x05, 0xc5,
0xd1, 0x21, 0x88, 0x10, 0x02, 0xe8, 0x00, 0x80, 0x6e, 0xf7, 0x80, 0x00, 0x98, 0xd3, 0x71, 0x7d,
0xff, 0x2c, 0xe1, 0x20, 0x04, 0x6c, 0x4b, 0xf5, 0xff, 0x2c, 0xe1, 0x60, 0x04, 0x83, 0x2c, 0xe3,
0x28, 0x00, 0xe8, 0x2c, 0xe3, 0x08, 0x3c, 0xce, 0x90, 0x47, 0x20, 0xa0, 0x31, 0xea, 0x90, 0x09,
0x4e, 0x05, 0x6f, 0x24, 0xeb, 0x00, 0x38, 0xa0, 0x50, 0x3e, 0x07, 0x31, 0x01, 0x78, 0x30, 0xc6,
0x0b, 0x04, 0x6c, 0x49, 0x03, 0xff, 0x04, 0x83, 0xd2, 0xd6, 0xad, 0x7f, 0x61, 0x4f, 0x74, 0x01,
0x51, 0xd3, 0x1c, 0xdc, 0x40, 0x61, 0xcd, 0x75, 0x61, 0x6a, 0x74, 0x24, 0xca, 0x00, 0x38, 0xa0,
0x50, 0x3e, 0x06, 0x31, 0x01, 0x58, 0x30, 0xc6, 0x0b, 0x04, 0x6c, 0x49, 0x6d, 0xff, 0x04, 0x83,
0xd2, 0xd4, 0xbd, 0x7f, 0x04, 0x64, 0x47, 0xbe, 0xc0, 0x31, 0x4a, 0x50, 0x39, 0xc0, 0x90, 0x0d,
0x2f, 0x00, 0x80, 0x0d, 0xc7, 0x94, 0xc3, 0x00, 0x00, 0xff, 0xff, 0x04, 0xe3, 0x00, 0x60, 0x41,
0x06, 0x90, 0x6c, 0xe7, 0x08, 0x38, 0x60, 0x08, 0x94, 0xc7, 0x00, 0x00, 0x00, 0xff, 0x41, 0x06,
0x90, 0x30, 0x63, 0x10, 0x6c, 0xe7, 0x10, 0x94, 0xc7, 0x00, 0x00, 0x00, 0x0f, 0x41, 0x06, 0x10,
0x00, 0x72, 0x6c, 0xe7, 0x20, 0x94, 0xc7, 0x00, 0x00, 0x00, 0x03, 0x41, 0x06, 0x10, 0x00, 0x74,
0x6c, 0xe7, 0x40, 0x45, 0x07, 0x28, 0x94, 0xe7, 0x00, 0x00, 0x00, 0x02, 0x3c, 0x27, 0x00, 0x00,
0x78, 0x38, 0xe0, 0x04, 0x64, 0x63, 0x3a, 0x47, 0xd2, 0x48, 0x2c, 0xe3, 0x40, 0x34, 0xc7, 0xe0,
0x40, 0x06, 0x78, 0x34, 0xa7, 0x80, 0x00, 0xc0, 0x41, 0x05, 0x88, 0x34, 0xc7, 0x40, 0x41, 0x06,
0x86, 0x6c, 0xe7, 0x41, 0x00, 0xc4, 0x2c, 0xe3, 0x00, 0x04, 0x66, 0x47, 0xd2, 0x48, 0x94, 0xa7,
0xff, 0xff, 0x00, 0x00, 0x00, 0xc0, 0x41, 0x05, 0x90, 0x6c, 0xe7, 0x09, 0x38, 0xc0, 0x08, 0x34,
0xa7, 0xff, 0x41, 0x05, 0x90, 0x30, 0xc6, 0x10, 0x6c, 0xe7, 0x11, 0x34, 0xa7, 0xf0, 0x41, 0x05,
0x10, 0x00, 0xd2, 0x6c, 0xe7, 0x21, 0x34, 0xa7, 0xc0, 0x41, 0x05, 0x10, 0x00, 0xd4, 0x6c, 0xe7,
0x41, 0x34, 0xa7, 0x80, 0x41, 0x05, 0xc8, 0x6c, 0xe7, 0x81, 0x41, 0x07, 0xd0, 0x38, 0xc0, 0x04,
0x04, 0x66, 0x47, 0xd2, 0x48, 0x00, 0xd8, 0x2c, 0xe3, 0x00, 0x04, 0x66, 0x47, 0xd2, 0x48, 0x6c,
0xe7, 0x81, 0x00, 0xc8, 0x2c, 0xe3, 0x00, 0x04, 0x66, 0x47, 0xd2, 0x48, 0x47, 0xa4, 0x00, 0x05,
0x44, 0x00, 0x88, 0x49, 0x3a, 0xff, 0x00, 0xc8, 0x2d, 0x43, 0x28, 0x2c, 0xc3, 0x08, 0x47, 0xb4,
0x00, 0x47, 0xaa, 0xc0, 0x2d, 0x84, 0x48, 0x2d, 0xa5, 0x48, 0x05, 0x64, 0xd3, 0x18, 0xd7, 0x00,
0x04, 0xcc, 0x05, 0x65, 0x05, 0x8d, 0x04, 0xa4, 0x05, 0xa6, 0x2c, 0xeb, 0x60, 0x2c, 0xcb, 0x50,
0x30, 0x87, 0x80, 0x61, 0x4c, 0x6c, 0x3d, 0xca, 0x30, 0x64, 0x84, 0x3a, 0x2c, 0xa1, 0x20, 0x49,
0xb2, 0xff, 0x33, 0xaa, 0x20, 0x6f, 0xbd, 0x40, 0x0b, 0xa3, 0x33, 0x83, 0x28, 0x03, 0xb2, 0x04,
0xfc, 0x2c, 0xa1, 0x60, 0xd3, 0xb9, 0xdb, 0x00, 0x2c, 0x07, 0x00, 0x00, 0xf2, 0xd3, 0xfa, 0x7d,
0xff, 0x33, 0xcd, 0x20, 0x33, 0x4c, 0x20, 0x6f, 0xde, 0x40, 0x6f, 0x5a, 0x40, 0x0b, 0xc5, 0x0b,
0x4b, 0x33, 0x65, 0x28, 0x03, 0xd2, 0x33, 0xeb, 0x28, 0x03, 0x52, 0xd3, 0xb7, 0xe9, 0xd0, 0x2e,
0xfb, 0x40, 0x97, 0x37, 0xff, 0xff, 0x00, 0x00, 0x40, 0x19, 0xca, 0x04, 0xfc, 0x04, 0xdf, 0x00,
0xa0, 0x2f, 0x06, 0x40, 0x2e, 0xe7, 0x40, 0x94, 0x98, 0xff, 0xff, 0x00, 0x00, 0x95, 0x17, 0xff,
0xff, 0x00, 0x00, 0x6f, 0x18, 0x09, 0x6e, 0xf7, 0x09, 0x00, 0xd2, 0x64, 0x84, 0xcb, 0x67, 0x18,
0xcb, 0x08, 0x88, 0x08, 0x85, 0x6d, 0x04, 0x09, 0x60, 0xb8, 0xbc, 0x08, 0xa8, 0x6e, 0xe5, 0x08,
0x94, 0x84, 0xff, 0xff, 0x00, 0x00, 0x60, 0x97, 0x21, 0x6c, 0xa5, 0x09, 0x2c, 0x87, 0x00, 0x00,
0xf2, 0xd3, 0xf4, 0x60, 0x3f, 0x2c, 0xa7, 0x00, 0x2e, 0xfb, 0x40, 0x6e, 0xf7, 0x09, 0x40, 0x17,
0x72, 0x2c, 0xbc, 0x40, 0x04, 0xdc, 0x04, 0x85, 0x04, 0xff, 0x03, 0x00, 0x2b, 0x27, 0x80, 0x6c,
0x84, 0x09, 0x94, 0xa5, 0xff, 0xff, 0x00, 0x00, 0x67, 0x39, 0xbb, 0x08, 0x99, 0x08, 0x98, 0x6f,
0x04, 0x08, 0x60, 0xb8, 0x29, 0x6f, 0x04, 0x09, 0x2c, 0xa6, 0x00, 0x00, 0xd2, 0x28, 0xa7, 0xc0,
0x2c, 0x86, 0x40, 0x64, 0xa5, 0xbb, 0x97, 0x24, 0xff, 0xff, 0x00, 0x00, 0x08, 0xb9, 0x08, 0xb8,
0x00, 0xf2, 0x6f, 0x05, 0x09, 0xd3, 0xf4, 0x7e, 0x3f, 0x2c, 0xa6, 0x00, 0x03, 0x72, 0x03, 0x92,
0xd3, 0xfd, 0xbf, 0x2f, 0x44, 0x0a, 0xd8, 0xcc, 0xfd, 0x7f, 0xff, 0x03, 0xb3, 0x40, 0x07, 0xd0,
0x0f, 0xc0, 0x2c, 0xfd, 0x40, 0x41, 0x07, 0x50, 0x01, 0x5f, 0x03, 0xb3, 0x41, 0x0a, 0x6f, 0x2d,
0x43, 0x08, 0x47, 0xba, 0xc0, 0x47, 0xaa, 0x80, 0x34, 0xe5, 0xc0, 0x05, 0x45, 0x05, 0xa3, 0x05,
0x84, 0x41, 0x07, 0x96, 0x6d, 0x4a, 0x42, 0x40, 0x0a, 0xe2, 0x2d, 0x6d, 0x52, 0x41, 0x0b, 0xc8,
0x0f, 0xd8, 0x6d, 0x4a, 0x82, 0x40, 0x0a, 0x9c, 0x2c, 0xeb, 0x40, 0x40, 0x07, 0x1c, 0x05, 0x67,
0x34, 0xea, 0x80, 0x40, 0x07, 0xf7, 0x04, 0x8c, 0x04, 0xab, 0x04, 0x6d, 0x4a, 0x85, 0xff, 0x40,
0x0c, 0xec, 0x2c, 0xec, 0x60, 0x2c, 0xcd, 0x72, 0x6c, 0xe7, 0x40, 0x08, 0xe6, 0x6d, 0x4a, 0x82,
0x2c, 0xc7, 0x40, 0x2c, 0xcc, 0x00, 0x2d, 0x87, 0x00, 0x05, 0x83, 0x41, 0x0a, 0xb3, 0x04, 0x6c,
0x47, 0xba, 0x80, 0x04, 0x8b, 0x04, 0xab, 0x04, 0x6d, 0x48, 0x69, 0xff, 0x2c, 0x6b, 0x00, 0x05,
0x63, 0x2c, 0x03, 0x00, 0x0c, 0xf7, 0x05, 0x83, 0x0d, 0x57, 0x6c, 0xe7, 0x40, 0x90, 0xe7, 0x3f,
0xc0, 0x80, 0x00, 0x00, 0xc0, 0x2c, 0xa7, 0x40, 0x4a, 0xc0, 0xff, 0x05, 0x83, 0x0f, 0x87, 0xd8,
0x80, 0x8e, 0x40, 0x04, 0x6d, 0x4b, 0xa1, 0xff, 0x2c, 0x6d, 0x12, 0x05, 0x63, 0x2c, 0x03, 0x00,
0x0c, 0x27, 0x47, 0xa6, 0x40, 0x2d, 0xc4, 0x48, 0x6d, 0x65, 0xa2, 0x09, 0xcb, 0x31, 0x4e, 0x80,
0x05, 0x84, 0x2c, 0xe4, 0x50, 0x05, 0xa3, 0x2c, 0x84, 0x60, 0xd3, 0x0e, 0xab, 0x00, 0x6c, 0xe7,
0x80, 0x00, 0x98, 0xd3, 0x54, 0x7d, 0xff, 0x2c, 0xa1, 0x20, 0x04, 0x6d, 0x4a, 0x6b, 0x7f, 0x2c,
0xa1, 0x60, 0x07, 0x23, 0x30, 0xe3, 0x28, 0x44, 0x0b, 0x58, 0x00, 0xc0, 0x2c, 0x07, 0x00, 0x00,
0xd8, 0x00, 0xf2, 0xd2, 0xcc, 0xb9, 0xff, 0x30, 0xe6, 0x20, 0x6c, 0xe7, 0x40, 0x08, 0xf9, 0x00,
0xf2, 0x2e, 0xec, 0x48, 0x34, 0xa5, 0xf8, 0x02, 0xf2, 0x6e, 0xf7, 0x40, 0x0a, 0xec, 0x30, 0xcc,
0x28, 0x02, 0xf2, 0x40, 0x05, 0x72, 0x3b, 0x40, 0x04, 0x63, 0x5a, 0x2d, 0x00, 0x80, 0x2f, 0x06,
0x40, 0x63, 0x18, 0x2e, 0x60, 0x84, 0xc1, 0x2c, 0x87, 0x00, 0x00, 0xf2, 0x2c, 0x86, 0x40, 0x00,
0xd2, 0x60, 0x84, 0xd7, 0xd3, 0xee, 0x65, 0x7f, 0x01, 0xd4, 0x3c, 0x24, 0x00, 0x2c, 0x87, 0x00,
0x65, 0x4e, 0x52, 0x2c, 0xec, 0x60, 0x2c, 0xcd, 0x72, 0x6c, 0xe7, 0x40, 0x08, 0xe6, 0x01, 0x5f,
0x04, 0x79, 0x2c, 0xc7, 0x40, 0x2d, 0x59, 0x08, 0x2c, 0xcc, 0x00, 0x2d, 0x87, 0x00, 0x47, 0xb6,
0x40, 0x2c, 0xa6, 0x40, 0x00, 0xd2, 0x2c, 0xa7, 0x00, 0x00, 0xf2, 0xd3, 0x8d, 0x71, 0xbf, 0x2c,
0xa6, 0x40, 0x00, 0xd2, 0x2c, 0xa7, 0x00, 0x00, 0xf2, 0xd3, 0xee, 0x61, 0x7f, 0x0d, 0x8f, 0x06,
0xe3, 0x2c, 0xe4, 0x48, 0x2c, 0x63, 0x48, 0x60, 0x63, 0x3d, 0x41, 0x03, 0x64, 0x00, 0xf2, 0x6c,
0xc7, 0x40, 0x60, 0xf7, 0x34, 0x08, 0x86, 0x32, 0xf7, 0x28, 0x00, 0xf2, 0x00, 0x92, 0x00, 0xf3,
0x00, 0x93, 0x2c, 0xc7, 0x40, 0x2c, 0xa4, 0x40, 0xd2, 0xcc, 0x5d, 0x00, 0xd3, 0xcf, 0x74, 0xff,
0x47, 0xd2, 0x48, 0x3d, 0xa6, 0x28, 0x00, 0xef, 0x00, 0x68, 0x64, 0x63, 0x3a, 0x47, 0xd2, 0x48,
0x47, 0xaa, 0x80, 0x05, 0x44, 0x05, 0x83, 0x05, 0x65, 0x04, 0x85, 0x04, 0x6a, 0x49, 0x37, 0xff,
0xd0, 0x00, 0x3b, 0xb0, 0x01, 0xa0, 0xd1, 0x40, 0x3b, 0x30, 0x2c, 0x8a, 0x60, 0x04, 0x6c, 0x49,
0xa9, 0x7f, 0x2f, 0x2a, 0x48, 0x2f, 0xcb, 0x48, 0x33, 0xb9, 0x20, 0x03, 0xd2, 0x6f, 0xbd, 0x40,
0x6f, 0xde, 0x40, 0x0b, 0xaa, 0x0b, 0xcb, 0x30, 0xea, 0x28, 0x03, 0xb2, 0x30, 0xab, 0x28, 0x03,
0xd2, 0x30, 0xc3, 0x28, 0x03, 0x00, 0x2d, 0xa3, 0x30, 0x2f, 0x67, 0x40, 0x2f, 0x45, 0x40, 0x94,
0x9b, 0xff, 0xff, 0x00, 0x00, 0x0b, 0x04, 0x97, 0x9a, 0xff, 0xff, 0x00, 0x00, 0x60, 0x98, 0xe5,
0x6f, 0x5a, 0x09, 0x6f, 0x1b, 0x09, 0x6e, 0xe4, 0x0a, 0x63, 0x18, 0xd5, 0x0b, 0x17, 0x6e, 0xf8,
0x08, 0x94, 0x84, 0xff, 0xff, 0x00, 0x00, 0x62, 0xf7, 0x21, 0x00, 0xb2, 0x00, 0xf2, 0x6f, 0x18,
0x0a, 0x2e, 0xe6, 0x00, 0x00, 0xd2, 0xd3, 0xfc, 0x5c, 0x3f, 0x07, 0x46, 0x07, 0x67, 0xd3, 0x8f,
0xd0, 0x20, 0x2c, 0x87, 0x40, 0x00, 0xf2, 0x96, 0xe4, 0xff, 0xff, 0x00, 0x00, 0x0b, 0x17, 0x6c,
0xb8, 0x0a, 0x6c, 0x84, 0x09, 0x08, 0xa4, 0x97, 0x18, 0xff, 0xff, 0x00, 0x00, 0x6e, 0xe5, 0x08,
0x62, 0xf7, 0xc1, 0x6f, 0x05, 0x0a, 0x2e, 0xe6, 0x00, 0x00, 0xd2, 0xd3, 0xfa, 0x7e, 0xbf, 0x60,
0xdb, 0xdb, 0x08, 0xdd, 0x94, 0xc6, 0x3f, 0xff, 0xff, 0xff, 0x00, 0xd2, 0x08, 0xda, 0x00, 0xd3,
0x41, 0x17, 0xb0, 0x00, 0xd3, 0x03, 0x3f, 0x2c, 0xe6, 0x40, 0x40, 0x07, 0x9f, 0x2f, 0x23, 0x08,
0x47, 0xba, 0x80, 0x04, 0xea, 0x01, 0xa8, 0x05, 0x4b, 0x05, 0x67, 0x0f, 0xd3, 0x04, 0x6c, 0x00,
0x80, 0x48, 0x86, 0x7f, 0x00, 0xe8, 0x2c, 0x03, 0x28, 0x2c, 0xe3, 0x08, 0x47, 0xba, 0x80, 0x94,
0x84, 0x00, 0x00, 0x0f, 0xfe, 0x90, 0x84, 0x00, 0x00, 0x03, 0x3f, 0x44, 0x04, 0x50, 0x00, 0xa0,
0x04, 0x65, 0x47, 0xd2, 0x48, 0x60, 0x80, 0x25, 0x6c, 0xe4, 0x2a, 0x3c, 0x87, 0xc8, 0x47, 0x3d,
0x80, 0x00, 0x80, 0x00, 0xa8, 0x3c, 0x87, 0x4c, 0x47, 0x21, 0x7f, 0x38, 0xc0, 0xcc, 0x60, 0xe6,
0x3d, 0x60, 0xa5, 0x3e, 0x04, 0x65, 0x47, 0xd2, 0x48, 0x98, 0x80, 0x00, 0x00, 0x10, 0x00, 0x64,
0x84, 0x38, 0x0c, 0xcf, 0x47, 0xa6, 0x40, 0x2d, 0x63, 0x48, 0x31, 0xc3, 0x28, 0x01, 0x72, 0x6d,
0x6b, 0x40, 0x09, 0x63, 0x31, 0x8b, 0x20, 0x05, 0xab, 0xcd, 0x4c, 0x7f, 0xff, 0x2c, 0x81, 0x20,
0x04, 0x6a, 0x4b, 0x0d, 0x7f, 0x38, 0xe0, 0x04, 0x60, 0xe7, 0x1d, 0x3c, 0x83, 0x50, 0x2c, 0x81,
0x60, 0x2c, 0xe4, 0x00, 0x47, 0x2f, 0x40, 0x38, 0xc0, 0xd0, 0x60, 0xc6, 0x1d, 0x60, 0xaa, 0x37,
0x98, 0xa5, 0x00, 0x00, 0x0f, 0xfc, 0x00, 0xe0, 0xd3, 0x9c, 0xbd, 0x00, 0xcc, 0xec, 0x5f, 0xff,
0x60, 0xe7, 0x37, 0x30, 0x63, 0xa8, 0x61, 0x4a, 0x1e, 0x61, 0x47, 0x51, 0x04, 0x6a, 0x04, 0x85,
0x47, 0xb6, 0x40, 0x00, 0xe0, 0xd3, 0x9c, 0xb5, 0x00, 0xcc, 0xec, 0x5f, 0xff, 0x01, 0xb3, 0x30,
0xc3, 0xaf, 0x40, 0x06, 0x4c, 0x38, 0xa0, 0xd4, 0x60, 0x65, 0x1d, 0x60, 0xaa, 0x36, 0x60, 0x87,
0x1f, 0x98, 0xa5, 0x00, 0x00, 0x0f, 0xfc, 0x60, 0xa5, 0x21, 0x00, 0x80, 0xd3, 0x9c, 0xdd, 0x00,
0xcc, 0x8d, 0x7f, 0xff, 0x60, 0x84, 0x1f, 0x61, 0x47, 0x36, 0x61, 0x44, 0x51, 0x04, 0x6a, 0x04,
0x85, 0x47, 0xb6, 0x40, 0x98, 0xaa, 0x00, 0x00, 0x0f, 0xfc, 0x05, 0x47, 0x04, 0x85, 0x04, 0x6a,
0x47, 0xb6, 0x40, 0x47, 0xae, 0xc0, 0x05, 0x85, 0x95, 0x6c, 0xff, 0xff, 0xff, 0xfe, 0x6d, 0x6b,
0x29, 0x05, 0xe6, 0x05, 0xc7, 0x05, 0xa4, 0x95, 0x8c, 0xff, 0xff, 0xf0, 0x00, 0x00, 0x88, 0x49,
0x98, 0x7f, 0x05, 0x43, 0x40, 0x0b, 0x90, 0x99, 0x8c, 0x00, 0x00, 0x08, 0x00, 0x2d, 0x81, 0x20,
0x40, 0x0d, 0xb2, 0x04, 0x61, 0x2d, 0xa1, 0x00, 0x49, 0x29, 0x7f, 0x2c, 0xe1, 0x60, 0x41, 0x03,
0xf6, 0x2c, 0xc1, 0x40, 0x2c, 0xca, 0x28, 0x3c, 0x07, 0x00, 0x00, 0xc4, 0x01, 0x88, 0x65, 0x8c,
0x32, 0x2c, 0xea, 0x18, 0x2d, 0x8a, 0x08, 0x41, 0x0b, 0xfc, 0x30, 0xcc, 0xc0, 0x6c, 0xc6, 0x40,
0x08, 0xca, 0xd8, 0xe3, 0x73, 0xdf, 0x6d, 0x8c, 0xa0, 0x2c, 0x66, 0x60, 0x2c, 0xef, 0x00, 0x49,
0x8e, 0x7f, 0x60, 0x6c, 0x1d, 0x2c, 0x6e, 0x00, 0x04, 0x6a, 0x47, 0xbe, 0xc0, 0x30, 0x61, 0x20,
0x49, 0x41, 0x7f, 0x2c, 0xe1, 0x60, 0x30, 0x63, 0x04, 0x01, 0x88, 0x2c, 0xea, 0x28, 0x00, 0xe8,
0x2c, 0xea, 0x08, 0x40, 0x0b, 0xe3, 0xd9, 0x6b, 0xb3, 0xdf, 0x09, 0x63, 0x38, 0xe0, 0xac, 0x60,
0x67, 0x1d, 0x2d, 0x6f, 0x00, 0x2c, 0x6e, 0x00, 0x04, 0x6a, 0x47, 0xbe, 0xc0, 0x38, 0xc0, 0x04,
0x60, 0xc6, 0x1d, 0x60, 0xc7, 0x36, 0x60, 0xe7, 0x1f, 0x2c, 0xa1, 0x40, 0x2c, 0xe1, 0x20, 0x60,
0xc6, 0x29, 0x2c, 0xca, 0x28, 0x0d, 0x07, 0x47, 0xaa, 0xc0, 0x05, 0x84, 0x05, 0xa3, 0x04, 0x81,
0x48, 0x85, 0xff, 0x05, 0x44, 0x30, 0x81, 0x20, 0x05, 0x63, 0x04, 0x6c, 0x48, 0x79, 0xff, 0x2c,
0xec, 0x48, 0x2c, 0xcd, 0x48, 0x2c, 0xa1, 0x40, 0x60, 0xc6, 0x3d, 0x6c, 0xc6, 0xa0, 0x2c, 0xe1,
0x60, 0x60, 0xe5, 0x3d, 0x08, 0xe6, 0x04, 0xca, 0x44, 0x07, 0x58, 0x6d, 0x47, 0x28, 0x09, 0x46,
0x04, 0xe4, 0x04, 0xc3, 0x04, 0x8a, 0x04, 0xa6, 0x04, 0x6b, 0x04, 0xc7, 0x48, 0xcf, 0xe0, 0x47,
0xba, 0xc0, 0x6c, 0xa7, 0x28, 0x60, 0xa4, 0x2d, 0x04, 0x85, 0x04, 0xc3, 0x04, 0xe4, 0x04, 0xa6,
0x04, 0x6b, 0x04, 0x8a, 0x04, 0xc7, 0x49, 0x37, 0xe0, 0x47, 0xba, 0xc0, 0x47, 0xa4, 0x00, 0x98,
0x80, 0x00, 0x00, 0x0f, 0xfc, 0x05, 0x43, 0x00, 0x60, 0x3c, 0x8a, 0xe8, 0x47, 0x36, 0x80, 0x01,
0x5f, 0x98, 0xc0, 0x00, 0x00, 0x24, 0x02, 0x00, 0xa0, 0x4b, 0xab, 0x90, 0x41, 0x0a, 0xcf, 0x47,
0xb4, 0x00, 0x6d, 0x4a, 0xc0, 0x91, 0x4a, 0x1c, 0xc0, 0x80, 0x00, 0x50, 0x6a, 0x00, 0x47, 0xb4,
0x00, 0x2c, 0xe5, 0x48, 0x00, 0x9f, 0x32, 0xe7, 0x20, 0x6f, 0x04, 0xa2, 0x6e, 0xf7, 0x40, 0x03,
0x18, 0x0a, 0xe5, 0x6f, 0x18, 0x40, 0x30, 0xe5, 0x28, 0x02, 0xf2, 0x0b, 0x03, 0xd3, 0x8f, 0x72,
0x40, 0x04, 0xc3, 0x2c, 0x87, 0x40, 0x00, 0xf2, 0x2c, 0x86, 0x00, 0x00, 0xd2, 0xd3, 0xee, 0x76,
0xff, 0x60, 0xf7, 0x2d, 0x30, 0xe7, 0xd7, 0x94, 0xe7, 0x3f, 0xff, 0xff, 0xff, 0x00, 0xf2, 0x08,
0x67, 0xd3, 0x87, 0x8b, 0x00, 0x2c, 0x03, 0x00, 0x00, 0x72, 0xd3, 0xf0, 0x3d, 0xff, 0x47, 0xd2,
0x48, 0x2c, 0xa3, 0x48, 0x6e, 0xe4, 0xa2, 0x04, 0xe3, 0x30, 0xc3, 0x28, 0xd3, 0x6e, 0x50, 0x80,
0xd3, 0x2e, 0x5b, 0x40, 0x34, 0x84, 0xf8, 0x04, 0xb7, 0x41, 0x04, 0xb4, 0x00, 0xb2, 0x6c, 0x65,
0x40, 0x08, 0x67, 0x30, 0xe3, 0x20, 0xd3, 0xce, 0x63, 0x00, 0x0f, 0xa0, 0xd3, 0x8c, 0x3a, 0x80,
0x00, 0x73, 0x2c, 0xe3, 0x40, 0x40, 0x07, 0xef, 0x00, 0x68, 0x47, 0xd2, 0x48, 0x04, 0xb7, 0x0e,
0xef, 0x00, 0x60, 0x47, 0xd2, 0x48, 0x02, 0xf2, 0x6e, 0xf7, 0x40, 0x0a, 0xe3, 0x00, 0x68, 0x2e,
0xf7, 0x60, 0x63, 0x17, 0x27, 0x60, 0x98, 0x26, 0xd2, 0x89, 0x72, 0x3f, 0x47, 0xd2, 0x48, 0x47,
0xa4, 0x00, 0x8c, 0x00, 0x02, 0x2a, 0x02, 0x00, 0x05, 0x43, 0x04, 0x64, 0x49, 0x76, 0x20, 0xd0,
0x3e, 0x3e, 0x00, 0x47, 0xb4, 0x00, 0x8c, 0xe0, 0x42, 0x2a, 0x02, 0x00, 0x40, 0x07, 0xef, 0x2c,
0xea, 0x00, 0x47, 0xb4, 0x00, 0x60, 0xc3, 0x21, 0x04, 0xe3, 0x00, 0x64, 0x41, 0x06, 0x60, 0x47,
0xd2, 0x48, 0x3e, 0x07, 0x3c, 0x00, 0xff, 0x6c, 0xc7, 0xf9, 0x42, 0x07, 0x88, 0x90, 0xe4, 0x00,
0x00, 0x00, 0x01, 0x3e, 0x07, 0x3c, 0x00, 0xff, 0x45, 0x07, 0xe7, 0x94, 0x84, 0xff, 0xff, 0xff,
0xfe, 0x90, 0xe4, 0x00, 0x00, 0x0f, 0xff, 0x00, 0x62, 0x9f, 0x47, 0xff, 0xff, 0xfb, 0xfe, 0x47,
0x20, 0xbf, 0x00, 0x6c, 0x9f, 0x44, 0xff, 0xff, 0xf0, 0x00, 0x47, 0x2a, 0x3f, 0x98, 0xe0, 0x00,
0x00, 0x0f, 0xfe, 0x60, 0x84, 0x3a, 0x3e, 0x04, 0x1c, 0x00, 0x7f, 0x6c, 0x63, 0xf9, 0x60, 0x63,
0x30, 0x47, 0xd2, 0x48, 0x60, 0xe4, 0x19, 0x34, 0xe7, 0xc0, 0x41, 0x07, 0x1a, 0x2c, 0xe3, 0x40,
0x2c, 0xc4, 0x40, 0xd2, 0xce, 0x6f, 0x20, 0x90, 0xc7, 0xff, 0x7f, 0x7f, 0x7f, 0x60, 0xe7, 0x3b,
0x60, 0xe6, 0x38, 0x94, 0xe7, 0x01, 0x01, 0x01, 0x01, 0x41, 0x07, 0x64, 0x00, 0x72, 0x00, 0x92,
0x2c, 0xe3, 0x40, 0x2c, 0xc4, 0x40, 0x92, 0xe7, 0xff, 0x7f, 0x7f, 0x7f, 0x60, 0xa7, 0x3b, 0x60,
0xb7, 0x28, 0x94, 0xa5, 0x01, 0x01, 0x01, 0x01, 0xd2, 0xce, 0x65, 0x80, 0x40, 0x05, 0x07, 0x00,
0x60, 0x47, 0xd2, 0x48, 0x24, 0xc4, 0x00, 0x3e, 0x06, 0x31, 0xd2, 0xcc, 0x78, 0x80, 0x00, 0x78,
0x00, 0x98, 0x24, 0xe3, 0x00, 0x3e, 0x07, 0x39, 0x41, 0x07, 0x37, 0x24, 0x63, 0x00, 0x24, 0xe4,
0x00, 0x60, 0x63, 0x3d, 0x47, 0xd2, 0x48, 0x34, 0xe3, 0xc0, 0x40, 0x07, 0xd2, 0x24, 0xe3, 0x00,
0x40, 0x07, 0x92, 0x04, 0xe3, 0x0c, 0x40, 0x24, 0xc7, 0x00, 0x40, 0x06, 0xac, 0x00, 0xf8, 0x34,
0xc7, 0xc0, 0x41, 0x06, 0xaf, 0x0c, 0x80, 0x00, 0xf2, 0x2c, 0xc7, 0x40, 0x90, 0xa6, 0xff, 0x7f,
0x7f, 0x7f, 0x60, 0xc6, 0x33, 0x60, 0xc5, 0x30, 0x94, 0xc6, 0x01, 0x01, 0x01, 0x01, 0x40, 0x06,
0x97, 0x24, 0xc7, 0x00, 0x40, 0x06, 0xd0, 0x00, 0xf8, 0x24, 0xc7, 0x00, 0x41, 0x06, 0xdf, 0x60,
0x67, 0x1d, 0x47, 0xd2, 0x48, 0x04, 0xe3, 0x0d, 0x2f, 0x00, 0x60, 0x47, 0xd2, 0x48, 0x00, 0x00,
0x47, 0xad, 0x80, 0x2c, 0xe5, 0x50, 0x05, 0xe5, 0x06, 0x23, 0x05, 0x64, 0x2d, 0xa5, 0x40, 0xd0,
0x00, 0x7c, 0xf0, 0x2c, 0x64, 0x40, 0x2c, 0xe4, 0x50, 0x02, 0x00, 0x01, 0x40, 0x02, 0x4c, 0xd0,
0x00, 0xa1, 0x50, 0x05, 0x87, 0x05, 0xc7, 0xd3, 0xce, 0xad, 0x50, 0x28, 0xeb, 0xb0, 0x94, 0xc7,
0x01, 0x20, 0x00, 0x00, 0x3e, 0x06, 0x33, 0x40, 0x06, 0x36, 0x2c, 0xcb, 0x68, 0x2c, 0x8b, 0x48,
0x64, 0xc6, 0x93, 0x30, 0xaa, 0x80, 0x6e, 0x66, 0xf9, 0x0a, 0x66, 0x61, 0x83, 0x25, 0x6e, 0x73,
0x82, 0x60, 0xc5, 0x64, 0x04, 0xb3, 0xd3, 0xa6, 0x61, 0x00, 0x06, 0x66, 0x04, 0xa6, 0x94, 0xe7,
0x00, 0x20, 0x00, 0x00, 0x3e, 0x07, 0x3b, 0x04, 0x71, 0x40, 0x07, 0xf6, 0x04, 0x85, 0x4a, 0x71,
0xdf, 0x05, 0xc3, 0x40, 0x03, 0xae, 0x2c, 0x8b, 0x48, 0x04, 0xac, 0x48, 0x22, 0x4f, 0x28, 0xeb,
0xb0, 0x94, 0xe7, 0xfe, 0xdf, 0xff, 0xff, 0x38, 0xe7, 0x01, 0x28, 0xeb, 0x30, 0x60, 0x6e, 0x64,
0x60, 0xf3, 0x65, 0x05, 0x8a, 0x2c, 0x6b, 0x00, 0x2e, 0x6b, 0x28, 0x2c, 0xeb, 0x10, 0x2d, 0xcb,
0x08, 0x05, 0xca, 0x04, 0x90, 0x04, 0xae, 0x49, 0x70, 0x20, 0x2c, 0xeb, 0x50, 0x2c, 0x6b, 0x40,
0x2c, 0xcf, 0x50, 0x60, 0xe7, 0x65, 0x08, 0x6e, 0x61, 0x46, 0x55, 0x2c, 0xeb, 0x10, 0x2c, 0x6b,
0x00, 0x2d, 0x4f, 0x10, 0x40, 0x0a, 0x7c, 0x2e, 0x0d, 0x40, 0x2d, 0x4d, 0x60, 0x31, 0xad, 0x10,
0x0f, 0xcb, 0x05, 0x8a, 0x05, 0xca, 0x0e, 0xcf, 0x48, 0xac, 0x20, 0x05, 0xc3, 0x41, 0x03, 0x0d,
0x2c, 0x8b, 0x48, 0x04, 0x71, 0x4a, 0xab, 0x40, 0x38, 0xe0, 0x30, 0x00, 0x6f, 0x2c, 0xf1, 0x00,
0x28, 0xeb, 0xb0, 0x38, 0xe7, 0x02, 0x28, 0xeb, 0x30, 0x2c, 0x0f, 0x10, 0x2c, 0x0f, 0x20, 0x47,
0xbd, 0x80, 0x2c, 0x0f, 0x20, 0x00, 0x60, 0x47, 0xbd, 0x80, 0x47, 0xa7, 0x54, 0x28, 0xe4, 0xb0,
0x2c, 0xc1, 0x38, 0x34, 0xe7, 0x01, 0x05, 0xc4, 0x06, 0x23, 0x3e, 0x07, 0x3b, 0x40, 0x07, 0x30,
0x2c, 0xe4, 0x48, 0xa0, 0x00, 0x7e, 0xe9, 0x00, 0x00, 0x31, 0xa1, 0x16, 0x30, 0xe1, 0xe6, 0x60,
0xcd, 0x3d, 0x39, 0x60, 0xa4, 0x99, 0x80, 0x08, 0x20, 0x80, 0x00, 0x99, 0x40, 0x04, 0x20, 0x80,
0x00, 0x06, 0x85, 0x2c, 0xe1, 0x10, 0x2c, 0xc1, 0x34, 0x2d, 0xa1, 0x2c, 0x2c, 0x01, 0x24, 0x2c,
0x01, 0x3c, 0x2c, 0x01, 0x08, 0x2c, 0x01, 0x1c, 0x06, 0xed, 0x24, 0xf4, 0x00, 0x05, 0xf4, 0x3e,
0x07, 0x30, 0x40, 0x06, 0xb2, 0x60, 0xe7, 0x5a, 0x3e, 0x07, 0x38, 0x41, 0x07, 0xd0, 0x0e, 0x08,
0x3e, 0x07, 0x38, 0x40, 0x07, 0x88, 0x01, 0xf8, 0x24, 0xef, 0x00, 0x60, 0xc7, 0x5a, 0x3e, 0x06,
0x30, 0x41, 0x06, 0xf7, 0x62, 0x0f, 0xa5, 0x40, 0x10, 0x14, 0x2c, 0xc1, 0x7c, 0x2c, 0xe1, 0x5c,
0x08, 0xd0, 0x00, 0xf8, 0x2e, 0x97, 0x00, 0x2e, 0x17, 0x20, 0x32, 0xf7, 0x10, 0x2c, 0xc1, 0x3c,
0x2c, 0xe1, 0x1c, 0xd0, 0xf8, 0x78, 0xde, 0x2c, 0xe1, 0x48, 0x08, 0xf0, 0x2c, 0xe1, 0x08, 0x24,
0xef, 0x00, 0xa0, 0x00, 0x71, 0xd1, 0x00, 0x00, 0x20, 0x01, 0x8c, 0x38, 0xa0, 0x50, 0x3b, 0x00,
0x04, 0x32, 0x8f, 0x80, 0x00, 0x80, 0x2c, 0x01, 0x28, 0x02, 0xcf, 0x01, 0xe0, 0x24, 0xd4, 0x00,
0x02, 0x98, 0x3e, 0x06, 0x31, 0x30, 0xe6, 0x07, 0x3c, 0xa7, 0x1a, 0x47, 0x34, 0xb0, 0x20, 0x81,
0x8c, 0xa0, 0x00, 0x69, 0x11, 0x00, 0x00, 0x20, 0xc1, 0x02, 0x32, 0x41, 0x02, 0x02, 0x08, 0x20,
0x01, 0x8c, 0x02, 0x68, 0x2c, 0x01, 0x18, 0x34, 0xcf, 0x40, 0x30, 0xf0, 0x40, 0x2c, 0xc1, 0x30,
0x34, 0xcf, 0x21, 0x2c, 0xc1, 0x04, 0x2c, 0xc1, 0x70, 0x3c, 0x26, 0x00, 0x66, 0x07, 0x82, 0x2c,
0xe1, 0x44, 0xd0, 0x40, 0x78, 0x72, 0x2c, 0xc1, 0x68, 0x62, 0xa6, 0x85, 0xd1, 0x01, 0x5e, 0xb2,
0x2c, 0xc1, 0x7c, 0x2c, 0xe1, 0x5c, 0x3c, 0xd5, 0x08, 0xd6, 0xf1, 0x10, 0x00, 0x98, 0xa0, 0x08,
0x20, 0x80, 0x00, 0x3a, 0xc0, 0x08, 0x2c, 0xa1, 0x14, 0x0f, 0x40, 0x32, 0xb5, 0x0f, 0x3c, 0x95,
0x08, 0x47, 0x39, 0xc0, 0x30, 0xc6, 0x08, 0x00, 0xf8, 0x2d, 0x97, 0x00, 0x2e, 0xd7, 0x20, 0x32,
0xf7, 0x10, 0x2c, 0xc1, 0x3c, 0x2c, 0xe1, 0x1c, 0x44, 0xe7, 0xc7, 0x30, 0xa1, 0x2c, 0x04, 0x71,
0x04, 0x8e, 0x49, 0xe6, 0xff, 0xd0, 0x40, 0x34, 0x46, 0x32, 0xb5, 0x0f, 0x06, 0xed, 0x2c, 0xc1,
0x7c, 0x2c, 0xe1, 0x5c, 0x3c, 0x95, 0x08, 0x47, 0x2b, 0x3f, 0x2c, 0x81, 0x54, 0x08, 0xd5, 0x00,
0xf8, 0x2c, 0x97, 0x00, 0x2e, 0xb7, 0x20, 0x32, 0xf7, 0x10, 0x2c, 0xc1, 0x3c, 0x2c, 0xe1, 0x1c,
0xd1, 0x38, 0x79, 0x62, 0x30, 0xa1, 0x2c, 0x04, 0x71, 0x04, 0x8e, 0x4a, 0x9a, 0xff, 0xd0, 0x40,
0x39, 0x7a, 0x2c, 0xc1, 0x7c, 0x2c, 0xe1, 0x5c, 0x06, 0xed, 0x46, 0xf2, 0x20, 0x6c, 0xe7, 0x40,
0x90, 0xe7, 0x36, 0xb3, 0x00, 0x00, 0x2c, 0xe7, 0x40, 0x47, 0xd2, 0x38, 0xf3, 0xd0, 0x00, 0x00,
0x8e, 0xcc, 0x00, 0x00, 0x8e, 0xcc, 0x00, 0x00, 0xed, 0xd0, 0x00, 0x00, 0x8e, 0xcc, 0x00, 0x00,
0x8e, 0xcc, 0x00, 0x00, 0x8e, 0xcc, 0x00, 0x00, 0x8e, 0xcc, 0x00, 0x00, 0x8e, 0xcc, 0x00, 0x00,
0x8e, 0xcc, 0x00, 0x00, 0xa7, 0xcf, 0x00, 0x00, 0x63, 0xd1, 0x00, 0x00, 0x8e, 0xcc, 0x00, 0x00,
0xc2, 0xcf, 0x00, 0x00, 0x69, 0xd1, 0x00, 0x00, 0x8e, 0xcc, 0x00, 0x00, 0x5d, 0xd1, 0x00, 0x00,
0x3c, 0xd1, 0x00, 0x00, 0x3c, 0xd1, 0x00, 0x00, 0x3c, 0xd1, 0x00, 0x00, 0x3c, 0xd1, 0x00, 0x00,
0x3c, 0xd1, 0x00, 0x00, 0x3c, 0xd1, 0x00, 0x00, 0x3c, 0xd1, 0x00, 0x00, 0x3c, 0xd1, 0x00, 0x00,
0x3c, 0xd1, 0x00, 0x00, 0x8e, 0xcc, 0x00, 0x00, 0x8e, 0xcc, 0x00, 0x00, 0x8e, 0xcc, 0x00, 0x00,
0x8e, 0xcc, 0x00, 0x00, 0x8e, 0xcc, 0x00, 0x00, 0x8e, 0xcc, 0x00, 0x00, 0x8e, 0xcc, 0x00, 0x00,
0x8e, 0xcc, 0x00, 0x00, 0x8e, 0xcc, 0x00, 0x00, 0x8e, 0xcc, 0x00, 0x00, 0xfc, 0xd0, 0x00, 0x00,
0x8e, 0xcc, 0x00, 0x00, 0x8e, 0xcc, 0x00, 0x00, 0x8e, 0xcc, 0x00, 0x00, 0x8e, 0xcc, 0x00, 0x00,
0x8e, 0xcc, 0x00, 0x00, 0x8e, 0xcc, 0x00, 0x00, 0x8e, 0xcc, 0x00, 0x00, 0x8e, 0xcc, 0x00, 0x00,
0x8e, 0xcc, 0x00, 0x00, 0x8e, 0xcc, 0x00, 0x00, 0xd6, 0xce, 0x00, 0x00, 0x8e, 0xcc, 0x00, 0x00,
0x8e, 0xcc, 0x00, 0x00, 0x8e, 0xcc, 0x00, 0x00, 0x8e, 0xcc, 0x00, 0x00, 0x8e, 0xcc, 0x00, 0x00,
0x93, 0xcf, 0x00, 0x00, 0x8e, 0xcc, 0x00, 0x00, 0x8e, 0xcc, 0x00, 0x00, 0x0f, 0xd0, 0x00, 0x00,
0x8e, 0xcc, 0x00, 0x00, 0x8e, 0xcc, 0x00, 0x00, 0x8e, 0xcc, 0x00, 0x00, 0x8e, 0xcc, 0x00, 0x00,
0x8e, 0xcc, 0x00, 0x00, 0x8e, 0xcc, 0x00, 0x00, 0x8e, 0xcc, 0x00, 0x00, 0x8e, 0xcc, 0x00, 0x00,
0x8e, 0xcc, 0x00, 0x00, 0x8e, 0xcc, 0x00, 0x00, 0xf4, 0xcf, 0x00, 0x00, 0xc8, 0xcf, 0x00, 0x00,
0x8e, 0xcc, 0x00, 0x00, 0x8e, 0xcc, 0x00, 0x00, 0x8e, 0xcc, 0x00, 0x00, 0x55, 0xd0, 0x00, 0x00,
0xc8, 0xcf, 0x00, 0x00, 0x8e, 0xcc, 0x00, 0x00, 0x8e, 0xcc, 0x00, 0x00, 0xd0, 0xce, 0x00, 0x00,
0x8e, 0xcc, 0x00, 0x00, 0x5b, 0xd0, 0x00, 0x00, 0xd9, 0xce, 0x00, 0x00, 0xbd, 0xd0, 0x00, 0x00,
0xd0, 0xce, 0x00, 0x00, 0x8e, 0xcc, 0x00, 0x00, 0x80, 0xd0, 0x00, 0x00, 0x8e, 0xcc, 0x00, 0x00,
0x96, 0xcf, 0x00, 0x00, 0x8e, 0xcc, 0x00, 0x00, 0x8e, 0xcc, 0x00, 0x00, 0x47, 0xd0, 0x00, 0x00,
0x39, 0xef, 0x08, 0x46, 0x55, 0xbf, 0x39, 0xef, 0x08, 0x34, 0xef, 0x08, 0xd0, 0x00, 0x7f, 0x1a,
0x2c, 0xc1, 0x78, 0x2c, 0xe6, 0x40, 0x00, 0xa0, 0x3e, 0x07, 0xd4, 0x63, 0x40, 0xd5, 0x00, 0xd2,
0x6f, 0x5a, 0xf9, 0x2c, 0xc1, 0x38, 0x20, 0x01, 0x8c, 0x00, 0xc0, 0x97, 0x0f, 0xfe, 0xff, 0xff,
0xff, 0x3e, 0x16, 0x24, 0x3c, 0x56, 0x00, 0x65, 0xf8, 0x7a, 0x41, 0x04, 0xac, 0x41, 0x1a, 0x4c,
0xd0, 0x40, 0x52, 0x22, 0x34, 0xef, 0x80, 0xd0, 0x00, 0x7b, 0xc2, 0x38, 0xe0, 0x0c, 0x32, 0x41,
0xe6, 0x2e, 0x61, 0x74, 0x20, 0xe1, 0xe6, 0x2e, 0xc1, 0x18, 0x2c, 0xe1, 0x58, 0x3d, 0x93, 0x38,
0x66, 0x13, 0x3a, 0x30, 0xf0, 0x80, 0x3c, 0x26, 0x00, 0x66, 0x07, 0x82, 0x46, 0xd6, 0xbf, 0xd0,
0x20, 0x55, 0x0a, 0x06, 0x4d, 0x40, 0x45, 0xcc, 0x34, 0xa7, 0xe0, 0x02, 0x5f, 0x30, 0xa5, 0x0c,
0x3e, 0x05, 0x29, 0x6c, 0xe7, 0xc1, 0x20, 0xb2, 0x00, 0x41, 0x07, 0xf7, 0x34, 0xef, 0x80, 0x04,
0x92, 0x40, 0x07, 0xb4, 0x3c, 0x25, 0x0c, 0x47, 0x3e, 0x40, 0x02, 0x5f, 0x38, 0xe0, 0x0c, 0x62,
0x6d, 0x95, 0xc0, 0xe4, 0xff, 0xff, 0x0e, 0x37, 0x2c, 0x81, 0x64, 0x34, 0xa7, 0xf0, 0x08, 0xa4,
0x02, 0x5f, 0x6c, 0xe7, 0x21, 0x24, 0xa5, 0x00, 0x20, 0xb2, 0x00, 0x41, 0x07, 0xb7, 0x62, 0x6d,
0x95, 0x0d, 0xa7, 0x39, 0xef, 0x08, 0x34, 0xef, 0x08, 0xd0, 0x00, 0x74, 0x72, 0x2c, 0xc1, 0x78,
0x00, 0xa8, 0x2c, 0xe6, 0x40, 0x0f, 0x0b, 0x2c, 0xc1, 0x78, 0x2c, 0xe1, 0x78, 0x2c, 0xc6, 0x40,
0x00, 0xf2, 0x2c, 0xc1, 0x28, 0x2c, 0xe1, 0x38, 0xd0, 0x80, 0x6a, 0x33, 0x60, 0xc0, 0x35, 0x2c,
0xc1, 0x28, 0x39, 0xef, 0x20, 0x46, 0x1d, 0x3f, 0x20, 0x81, 0x8c, 0x34, 0xef, 0x08, 0xd0, 0x00,
0x7d, 0xc8, 0x2c, 0xc1, 0x78, 0x2c, 0xe6, 0x40, 0x00, 0xd2, 0x2c, 0xc1, 0x38, 0xd1, 0x40, 0x7a,
0x28, 0x3e, 0x07, 0xd4, 0x63, 0x40, 0xd5, 0x6f, 0x5a, 0xf9, 0x00, 0xa8, 0x24, 0xc1, 0x8c, 0x3e,
0x06, 0x31, 0x0e, 0x43, 0x2c, 0xc1, 0x78, 0x20, 0x01, 0x8c, 0x02, 0x08, 0x2c, 0xe6, 0x40, 0x00,
0xd2, 0x02, 0x68, 0x2c, 0xc1, 0x38, 0x32, 0x41, 0x02, 0x20, 0xe1, 0x02, 0x46, 0x19, 0x3f, 0x98,
0xe0, 0x7a, 0x20, 0x80, 0x00, 0x20, 0x81, 0x8c, 0x2c, 0xe1, 0x24, 0x34, 0xef, 0x08, 0x41, 0x07,
0x50, 0x34, 0xef, 0x02, 0xd0, 0x40, 0x7e, 0x32, 0x2c, 0x81, 0x78, 0x2c, 0xe4, 0x40, 0x00, 0x92,
0x2c, 0x81, 0x38, 0x34, 0xaf, 0x80, 0xd0, 0x40, 0x56, 0xa2, 0x3e, 0x07, 0xd4, 0x63, 0x40, 0xd5,
0x6f, 0x5a, 0xf9, 0x00, 0xa4, 0x0e, 0x35, 0x98, 0xe0, 0xf6, 0x20, 0x80, 0x00, 0x20, 0x81, 0x8c,
0x2c, 0xe1, 0x24, 0x0c, 0x4f, 0x39, 0xef, 0x02, 0x46, 0xa4, 0x3f, 0x20, 0x81, 0x8c, 0x34, 0xef,
0x08, 0xd0, 0x40, 0x7c, 0x62, 0x35, 0xef, 0x02, 0xd0, 0x00, 0xf3, 0xa2, 0x2c, 0xc1, 0x78, 0x2c,
0xe6, 0x40, 0x00, 0xd2, 0x2c, 0xc1, 0x38, 0x2c, 0xc1, 0x48, 0x28, 0xc7, 0x00, 0x46, 0xb1, 0xdf,
0x2c, 0xe1, 0x78, 0x20, 0x01, 0x8c, 0x06, 0x07, 0x2e, 0x47, 0x40, 0x02, 0x12, 0xd0, 0x01, 0x2c,
0xf2, 0x04, 0x72, 0xd1, 0x41, 0x6b, 0x62, 0x2e, 0xe1, 0x20, 0x00, 0x80, 0x04, 0xb6, 0x4b, 0xe5,
0xdf, 0x2e, 0xe1, 0x60, 0xd0, 0x00, 0x39, 0x12, 0x62, 0x63, 0x95, 0xd3, 0x67, 0x64, 0x12, 0x24,
0xc1, 0x8c, 0x2e, 0x01, 0x38, 0x3e, 0x06, 0x31, 0x2c, 0x01, 0x18, 0x0f, 0xd9, 0x2c, 0xc1, 0x78,
0x39, 0xef, 0x40, 0x00, 0xa4, 0x2c, 0xe6, 0x40, 0x00, 0xd2, 0x3e, 0x07, 0xd4, 0x63, 0x40, 0xd5,
0x6f, 0x5a, 0xf9, 0x2c, 0xc1, 0x38, 0x98, 0xc0, 0xf6, 0x20, 0x80, 0x00, 0x2c, 0xc1, 0x24, 0x38,
0xc0, 0x0c, 0x20, 0xc1, 0x4c, 0x38, 0xc0, 0x1e, 0x20, 0xc1, 0xcc, 0x0f, 0x41, 0x39, 0xef, 0x80,
0x46, 0xb1, 0xdf, 0x3c, 0x24, 0x00, 0x64, 0x84, 0xc2, 0x46, 0x21, 0xdf, 0x39, 0xef, 0x08, 0x34,
0xef, 0x08, 0x20, 0x81, 0x8c, 0xd0, 0x40, 0x7b, 0x37, 0x34, 0xef, 0x02, 0x2c, 0xc1, 0x78, 0xd0,
0x00, 0x79, 0x3c, 0x2c, 0xe6, 0x40, 0x00, 0xd2, 0x3e, 0x07, 0x3b, 0x2c, 0xc1, 0x38, 0xd0, 0x80,
0x7c, 0x37, 0x60, 0xe0, 0x3d, 0x3e, 0x07, 0xd4, 0x63, 0x40, 0xd5, 0x38, 0x80, 0xb4, 0x6f, 0x5a,
0xf9, 0x38, 0xc0, 0xb4, 0x00, 0xa8, 0x20, 0x81, 0x8c, 0x46, 0x43, 0xbf, 0x30, 0xe6, 0x0b, 0x02,
0xa0, 0x24, 0xd4, 0x00, 0x66, 0xb5, 0x2b, 0x3e, 0x06, 0x31, 0x0a, 0xa7, 0x30, 0xe6, 0x0b, 0x02,
0x98, 0x3c, 0xe7, 0x90, 0x47, 0x2b, 0x7f, 0x2e, 0xa1, 0x28, 0x46, 0xd4, 0xdf, 0x39, 0xef, 0x01,
0x46, 0xb8, 0xdf, 0x38, 0x80, 0xd4, 0x46, 0xe8, 0xdf, 0x24, 0xd4, 0x00, 0x02, 0x98, 0x3e, 0x06,
0x31, 0x3c, 0x06, 0x54, 0x47, 0x28, 0xc2, 0x30, 0xe6, 0x0b, 0x02, 0xc0, 0x3c, 0xe7, 0x90, 0x47,
0x36, 0x0d, 0x24, 0xd4, 0x00, 0x66, 0xd6, 0x2b, 0x3e, 0x06, 0x31, 0x0a, 0xc7, 0x30, 0xe6, 0x0b,
0x02, 0x98, 0x3c, 0xe7, 0x90, 0x47, 0x2b, 0x7f, 0x3c, 0x56, 0x00, 0x00, 0xef, 0x66, 0xd6, 0x3a,
0x46, 0xa7, 0x5f, 0x2c, 0xc1, 0x7c, 0x2c, 0xe1, 0x5c, 0x24, 0xa1, 0x8c, 0x40, 0x05, 0xf8, 0x30,
0xa1, 0x8c, 0x00, 0xd8, 0x00, 0xf8, 0x2c, 0xb7, 0x00, 0x00, 0xa8, 0x2c, 0xc1, 0x3c, 0x2c, 0xb7,
0x20, 0x32, 0xf7, 0x10, 0x2c, 0xe1, 0x1c, 0xd0, 0xf8, 0x79, 0x64, 0x2c, 0x81, 0x70, 0x40, 0x04,
0xf8, 0x30, 0xa1, 0x4c, 0x00, 0xd4, 0x00, 0xf8, 0x2c, 0xb7, 0x00, 0x00, 0xa4, 0x2c, 0xc1, 0x3c,
0x2c, 0xb7, 0x20, 0x32, 0xf7, 0x10, 0x2c, 0xe1, 0x1c, 0xd0, 0xf8, 0x77, 0x44, 0x2c, 0x81, 0x44,
0x9d, 0xc4, 0x01, 0x00, 0x00, 0x00, 0x47, 0x3a, 0x68, 0x2c, 0xa1, 0x58, 0x62, 0xc5, 0x9d, 0xd1,
0x01, 0x66, 0x10, 0x3c, 0xd6, 0x08, 0x47, 0x21, 0xcc, 0x98, 0xa0, 0x04, 0x20, 0x80, 0x00, 0x3a,
0xa0, 0x08, 0x2c, 0xa1, 0x30, 0x0f, 0x40, 0x32, 0xd6, 0x0f, 0x3c, 0x96, 0x08, 0x47, 0x39, 0xc0,
0x30, 0xc6, 0x08, 0x00, 0xf8, 0x2d, 0x57, 0x00, 0x2e, 0xb7, 0x20, 0x32, 0xf7, 0x10, 0x2c, 0xc1,
0x3c, 0x2c, 0xe1, 0x1c, 0x44, 0xe7, 0xc7, 0x30, 0xa1, 0x2c, 0x04, 0x71, 0x04, 0x8e, 0x49, 0x38,
0x7f, 0xd0, 0x40, 0x36, 0xf0, 0x32, 0xd6, 0x0f, 0x06, 0xed, 0x2c, 0xc1, 0x7c, 0x2c, 0xe1, 0x5c,
0x3c, 0x96, 0x08, 0x47, 0x2b, 0x3f, 0x2c, 0x81, 0x70, 0x08, 0xd6, 0x00, 0xf8, 0x2c, 0x97, 0x00,
0x2e, 0xd7, 0x20, 0x32, 0xf7, 0x10, 0x2c, 0xc1, 0x3c, 0x2c, 0xe1, 0x1c, 0x44, 0xe7, 0x98, 0x30,
0xa1, 0x2c, 0x04, 0x71, 0x04, 0x8e, 0x49, 0x70, 0x7f, 0xd0, 0x40, 0x37, 0xd0, 0x2c, 0xc1, 0x7c,
0x2c, 0xe1, 0x5c, 0x06, 0xed, 0x08, 0xd3, 0x00, 0xf8, 0x56, 0x57, 0x00, 0x32, 0xf7, 0x10, 0x2c,
0xc1, 0x3c, 0x2c, 0xe1, 0x1c, 0xd0, 0xf8, 0x75, 0xa8, 0x35, 0xef, 0x20, 0x40, 0x0f, 0x1e, 0x2c,
0xe1, 0x68, 0x61, 0xe7, 0x85, 0x44, 0x0f, 0xf6, 0x2c, 0xe1, 0x5c, 0x3c, 0xcf, 0x08, 0x47, 0x26,
0x34, 0x98, 0xa0, 0x08, 0x20, 0x80, 0x00, 0x3a, 0x40, 0x08, 0x2c, 0xa1, 0x14, 0x0f, 0x40, 0x31,
0xef, 0x0f, 0x3c, 0x8f, 0x08, 0x47, 0x31, 0xc0, 0x30, 0xc6, 0x08, 0x00, 0xf8, 0x2d, 0x97, 0x00,
0x2e, 0x57, 0x20, 0x32, 0xf7, 0x10, 0x2c, 0xc1, 0x3c, 0x2c, 0xe1, 0x1c, 0x44, 0xe7, 0xc7, 0x30,
0xa1, 0x2c, 0x04, 0x71, 0x04, 0x8e, 0x49, 0x4f, 0xbf, 0x41, 0x03, 0x72, 0x31, 0xef, 0x0f, 0x06,
0xed, 0x2c, 0xc1, 0x7c, 0x2c, 0xe1, 0x5c, 0x3c, 0x8f, 0x08, 0x47, 0x27, 0x3f, 0x2c, 0x81, 0x54,
0x08, 0xcf, 0x00, 0xf8, 0x2c, 0x97, 0x00, 0x2d, 0xf7, 0x20, 0x2c, 0xc1, 0x3c, 0x2c, 0xe1, 0x1c,
0xd0, 0xf8, 0x74, 0x98, 0x2c, 0xe1, 0x68, 0x3d, 0x90, 0x38, 0x66, 0x10, 0x3a, 0x2c, 0xe1, 0x48,
0x08, 0xf0, 0x2c, 0xe1, 0x08, 0xd0, 0x00, 0x60, 0x71, 0x30, 0xa1, 0x2c, 0x04, 0x71, 0x04, 0x8e,
0x48, 0x07, 0xbf, 0xd0, 0x00, 0x34, 0xb1, 0x28, 0xee, 0xb0, 0x2c, 0xc1, 0x48, 0x34, 0xe7, 0x02,
0x3e, 0x07, 0x3b, 0x3c, 0x07, 0x00, 0x00, 0xef, 0x64, 0xc6, 0x3a, 0x2c, 0xc1, 0x08, 0x2c, 0x61,
0x48, 0x47, 0xb7, 0x54, 0x02, 0x60, 0x06, 0x4d, 0x46, 0xf3, 0xdf, 0x2c, 0xa1, 0x68, 0x62, 0xa5,
0x85, 0xd1, 0x01, 0x51, 0x97, 0x3c, 0xd5, 0x08, 0x47, 0x24, 0xc4, 0x98, 0xa0, 0x04, 0x20, 0x80,
0x00, 0x3b, 0x40, 0x08, 0x2c, 0xa1, 0x30, 0x0f, 0x40, 0x32, 0xb5, 0x0f, 0x3c, 0x95, 0x08, 0x47,
0x37, 0xc0, 0x30, 0xc6, 0x08, 0x00, 0xf8, 0x2d, 0x57, 0x00, 0x2f, 0x57, 0x20, 0x32, 0xf7, 0x10,
0x2c, 0xc1, 0x3c, 0x2c, 0xe1, 0x1c, 0x44, 0xe7, 0xc7, 0x30, 0xa1, 0x2c, 0x04, 0x71, 0x2f, 0x41,
0x20, 0x04, 0x8e, 0x4a, 0xc3, 0xbf, 0x2f, 0x41, 0x60, 0x41, 0x03, 0x71, 0x32, 0xb5, 0x0f, 0x06,
0xed, 0x2c, 0xc1, 0x7c, 0x2c, 0xe1, 0x5c, 0x3c, 0x95, 0x08, 0x47, 0x21, 0x3f, 0x2c, 0x81, 0x70,
0x08, 0xd5, 0x00, 0xf8, 0x2c, 0x97, 0x00, 0x2e, 0xb7, 0x20, 0x32, 0xf7, 0x10, 0x2c, 0xc1, 0x3c,
0x2c, 0xe1, 0x1c, 0xd1, 0x38, 0x76, 0x47, 0x30, 0xa1, 0x2c, 0x04, 0x71, 0x04, 0x8e, 0x49, 0x2d,
0xbf, 0xd0, 0x40, 0x36, 0xaf, 0x2c, 0xc1, 0x7c, 0x2c, 0xe1, 0x5c, 0x06, 0xed, 0x0c, 0xc1, 0x30,
0xa1, 0x2c, 0x04, 0x71, 0x04, 0x8e, 0x49, 0x75, 0xbf, 0xd0, 0x40, 0x37, 0xcf, 0x2c, 0xc1, 0x7c,
0x06, 0xed, 0x0f, 0xa5, 0x30, 0xa1, 0x2c, 0x04, 0x71, 0x04, 0x8e, 0x4a, 0x95, 0xbf, 0xd0, 0x40,
0x39, 0x4f, 0x06, 0xed, 0x46, 0xc2, 0x1f, 0x30, 0xa1, 0x2c, 0x04, 0x71, 0x04, 0x8e, 0x49, 0x25,
0xbf, 0xd0, 0x40, 0x36, 0x8f, 0x2c, 0xc1, 0x7c, 0x2c, 0xe1, 0x5c, 0x06, 0xed, 0x46, 0x03, 0xbf,
0x30, 0xa1, 0x2c, 0x04, 0x71, 0x04, 0x8e, 0x4a, 0x79, 0xbf, 0xd0, 0x40, 0x3b, 0xf7, 0x2c, 0xc1,
0x7c, 0x2c, 0xe1, 0x5c, 0x06, 0xed, 0x46, 0xa1, 0xbf, 0x3c, 0xa7, 0x90, 0x47, 0x39, 0x60, 0x38,
0xa0, 0x50, 0x06, 0x4d, 0x68, 0x87, 0x2d, 0x64, 0xe7, 0x2d, 0x02, 0x5f, 0x30, 0x84, 0x0c, 0x20,
0x92, 0x00, 0x41, 0x07, 0x4f, 0x62, 0x6d, 0x95, 0x46, 0xfd, 0x5f, 0x34, 0xef, 0x02, 0x2c, 0xc1,
0x78, 0xd0, 0x00, 0x74, 0xe5, 0x28, 0xe6, 0x80, 0x46, 0x76, 0x5f, 0x34, 0xef, 0x02, 0x2c, 0xc1,
0x78, 0x40, 0x07, 0x46, 0x28, 0xe6, 0x80, 0x00, 0xa8, 0x46, 0xfa, 0x5f, 0x40, 0x07, 0xb6, 0x38,
0xa0, 0x0c, 0x39, 0xef, 0x40, 0x03, 0x48, 0x20, 0xa1, 0x4c, 0x00, 0xa4, 0x20, 0xc1, 0xcc, 0x46,
0xea, 0x5f, 0x30, 0xa1, 0x2c, 0x04, 0x71, 0x04, 0x8e, 0x4b, 0x81, 0xbf, 0xd0, 0x40, 0x3d, 0x17,
0x2c, 0xc1, 0x7c, 0x0e, 0x19, 0x30, 0xe7, 0x0c, 0x32, 0x41, 0xe6, 0x2e, 0x61, 0x74, 0x20, 0xe1,
0xe6, 0x46, 0x66, 0x5f, 0x2c, 0xc1, 0x78, 0x2c, 0xe6, 0x40, 0x00, 0xd2, 0x2c, 0xc1, 0x38, 0x2c,
0xc1, 0x48, 0x2c, 0xc7, 0x00, 0x46, 0xac, 0xef, 0x2c, 0xe6, 0x40, 0x00, 0xd2, 0x2c, 0xc1, 0x38,
0x46, 0xbf, 0x5f, 0x2c, 0xe6, 0x40, 0x00, 0xa8, 0x46, 0x00, 0x5f, 0x2c, 0xa1, 0x78, 0x28, 0xe5,
0x80, 0x00, 0xb2, 0x2c, 0xa1, 0x38, 0x46, 0xbc, 0xdf, 0x03, 0x40, 0x00, 0xa4, 0x46, 0x9f, 0x9f,
0x2e, 0xe1, 0x20, 0x48, 0xaa, 0xbf, 0x24, 0xc1, 0x8c, 0x06, 0x63, 0x2e, 0x01, 0x38, 0x3e, 0x06,
0x31, 0x2c, 0x01, 0x18, 0x2e, 0xe1, 0x60, 0x46, 0xc8, 0x5f, 0x2c, 0xe1, 0x7c, 0xd0, 0x00, 0x75,
0x87, 0x30, 0xa1, 0x2c, 0x04, 0x71, 0x04, 0x8e, 0x48, 0x46, 0xbf, 0x0c, 0xc1, 0x24, 0xc1, 0x8c,
0x06, 0x76, 0x3e, 0x06, 0x31, 0x2e, 0x01, 0x38, 0x2c, 0x01, 0x18, 0x46, 0xf7, 0x9f, 0x98, 0x80,
0x04, 0x20, 0x80, 0x00, 0x2c, 0x81, 0x30, 0x46, 0xf0, 0xbf, 0x38, 0x80, 0x02, 0x2c, 0xa1, 0x20,
0x4b, 0x80, 0x9f, 0x2c, 0x6e, 0x00, 0x2c, 0x6e, 0x08, 0x2c, 0xa1, 0x60, 0x40, 0x03, 0x86, 0x38,
0xe0, 0x02, 0x2c, 0xee, 0x28, 0x46, 0x2e, 0x6f, 0x98, 0x80, 0x08, 0x20, 0x80, 0x00, 0x2c, 0x81,
0x14, 0x46, 0x9d, 0xef, 0x98, 0x80, 0x08, 0x20, 0x80, 0x00, 0x2c, 0x81, 0x14, 0x46, 0x01, 0xbf,
0x3c, 0xf6, 0x60, 0x02, 0x66, 0x66, 0x76, 0x9a, 0x3c, 0x53, 0x00, 0x2e, 0x01, 0x38, 0x9a, 0x40,
0x01, 0x20, 0x80, 0x00, 0x66, 0x13, 0x02, 0x46, 0xb0, 0xef, 0x98, 0x80, 0x04, 0x20, 0x80, 0x00,
0x2c, 0x81, 0x30, 0x0d, 0x61, 0x2c, 0xc1, 0x78, 0x04, 0xe6, 0x2e, 0xc6, 0x40, 0x00, 0xf2, 0x2c,
0xe1, 0x38, 0xa0, 0x81, 0x6d, 0x36, 0xff, 0xff, 0x02, 0xcf, 0x46, 0xc3, 0x6f, 0x38, 0xe0, 0x30,
0x00, 0xcf, 0x2c, 0xf1, 0x00, 0x2c, 0xc1, 0x08, 0x46, 0x61, 0xbf, 0x00, 0x64, 0x85, 0x23, 0x47,
0xa4, 0x00, 0x4a, 0x87, 0x1f, 0x05, 0x43, 0x40, 0x03, 0x64, 0xcc, 0xa3, 0x7f, 0xff, 0x94, 0xa5,
0x3f, 0xff, 0xff, 0xff, 0x00, 0xb3, 0x3c, 0xa5, 0x24, 0x47, 0x24, 0x20, 0x04, 0xe3, 0x3c, 0xe5,
0xc8, 0x47, 0x38, 0x80, 0x2c, 0x07, 0x00, 0x2c, 0x07, 0x20, 0x2c, 0x07, 0x10, 0x04, 0x6a, 0x47,
0xb4, 0x00, 0x2c, 0x03, 0x00, 0x30, 0xe3, 0x10, 0x3c, 0xa5, 0xd8, 0x2c, 0x03, 0x20, 0x47, 0x36,
0x7f, 0x2c, 0x03, 0x10, 0x30, 0xe3, 0x08, 0x3c, 0x05, 0x24, 0x2c, 0x03, 0x30, 0x47, 0x3e, 0xbf,
0x2c, 0x03, 0x08, 0x30, 0xe3, 0x18, 0x2c, 0x03, 0x28, 0x0f, 0x4f, 0x00, 0x80, 0x4b, 0x35, 0xf7,
0x04, 0x6a, 0x47, 0xb4, 0x00, 0x47, 0xa2, 0x40, 0x05, 0x43, 0x2c, 0x81, 0x20, 0x49, 0x26, 0x5f,
0x8c, 0xe0, 0x7d, 0x20, 0x02, 0x00, 0x2c, 0x81, 0x60, 0x2d, 0x67, 0x60, 0x95, 0x6b, 0x3f, 0xff,
0xff, 0xff, 0xd9, 0x8b, 0xf7, 0xf0, 0x61, 0x8c, 0x25, 0x95, 0x8c, 0x00, 0x0f, 0xff, 0xff, 0xd9,
0x8c, 0x00, 0x0f, 0x9e, 0x8c, 0xff, 0xf0, 0x00, 0x00, 0x47, 0x36, 0x80, 0x04, 0x6a, 0x00, 0x80,
0x4b, 0xdd, 0x3f, 0x8c, 0xe0, 0x7d, 0x20, 0x02, 0x00, 0x08, 0xeb, 0xd2, 0x86, 0x77, 0x00, 0x04,
0x6a, 0x4a, 0x2a, 0x5f, 0x00, 0x60, 0x47, 0xb2, 0x40, 0x60, 0x80, 0x65, 0x04, 0x6a, 0x4a, 0x2d,
0x3f, 0xd0, 0x3e, 0x33, 0x40, 0x8c, 0xe0, 0x7f, 0xf0, 0x02, 0x00, 0x61, 0x6b, 0x65, 0x61, 0x87,
0x65, 0x39, 0x6b, 0x80, 0x04, 0x6a, 0x8c, 0xe0, 0x7d, 0x20, 0x02, 0x00, 0x8d, 0x80, 0x3f, 0xf0,
0x02, 0x00, 0x2d, 0x67, 0x20, 0x4a, 0xe2, 0x5f, 0x00, 0x68, 0x47, 0xb2, 0x40, 0x04, 0x6a, 0x00,
0x80, 0x49, 0xe5, 0x3f, 0x8c, 0xe0, 0x7d, 0x20, 0x02, 0x00, 0x60, 0xc3, 0x3d, 0x3c, 0xc6, 0xf0,
0x47, 0x2f, 0x5f, 0x8c, 0xa0, 0x75, 0x20, 0x02, 0x00, 0x38, 0xc6, 0x80, 0x60, 0x63, 0x2d, 0x8c,
0x60, 0x3f, 0xf0, 0x02, 0x00, 0x2c, 0xc7, 0x20, 0x0f, 0xa7, 0x47, 0xa4, 0x40, 0x05, 0x43, 0xd0,
0x00, 0x4a, 0x70, 0x2c, 0x81, 0x20, 0x4a, 0x6c, 0x5f, 0x2c, 0x81, 0x60, 0x8f, 0x20, 0x7d, 0x20,
0x02, 0x00, 0xcf, 0x04, 0x7f, 0xff, 0x30, 0xa4, 0x1f, 0x94, 0xf8, 0x7f, 0xff, 0xff, 0xff, 0x60,
0xc5, 0x3c, 0x2e, 0xe6, 0x60, 0x96, 0xf7, 0x3f, 0xff, 0xff, 0xff, 0xd2, 0xb2, 0x66, 0xf0, 0x2e,
0xe6, 0x20, 0x37, 0x18, 0x80, 0x03, 0x20, 0x41, 0x18, 0x24, 0xcc, 0x84, 0x5f, 0xff, 0x9b, 0x00,
0x3d, 0x20, 0x02, 0x00, 0x60, 0xa5, 0x25, 0x08, 0xe4, 0x2c, 0x85, 0x50, 0x3d, 0x44, 0xc0, 0x47,
0x24, 0x88, 0x2f, 0x05, 0x70, 0x2f, 0x04, 0x30, 0x2c, 0x98, 0x10, 0x60, 0x86, 0xbc, 0x2c, 0x84,
0x60, 0x34, 0x84, 0x80, 0x41, 0x04, 0x04, 0x08, 0xf7, 0x2c, 0x86, 0x50, 0x41, 0x19, 0xf0, 0x9a,
0xe0, 0x3d, 0x20, 0x02, 0x00, 0x3d, 0x64, 0xb8, 0x47, 0x3b, 0x70, 0x2c, 0xc6, 0x70, 0x2c, 0xc4,
0x30, 0x2c, 0x86, 0x10, 0x38, 0x87, 0x80, 0x60, 0xc5, 0x3c, 0x2c, 0x85, 0x20, 0x2c, 0xe6, 0x00,
0x41, 0x19, 0x32, 0x9e, 0xc7, 0xff, 0x80, 0x00, 0x00, 0x47, 0x37, 0x20, 0x6c, 0xc7, 0x91, 0xd1,
0xc8, 0x66, 0x70, 0x6c, 0x87, 0x61, 0x30, 0x84, 0x1c, 0x6e, 0xe4, 0x80, 0x6e, 0xf7, 0x40, 0x92,
0xf7, 0x2d, 0x20, 0x02, 0x00, 0x2c, 0xd7, 0x50, 0xd2, 0x8d, 0x7d, 0xb0, 0x2c, 0x86, 0x60, 0x94,
0x84, 0x3f, 0xff, 0xff, 0xff, 0xd3, 0x8e, 0x4d, 0x00, 0x2c, 0xc6, 0x50, 0xd2, 0xee, 0x60, 0xff,
0x2c, 0xe6, 0x70, 0x54, 0xc5, 0x10, 0x2c, 0xa7, 0x10, 0x2c, 0xa6, 0x30, 0x04, 0x6a, 0x47, 0xc4,
0x40, 0x46, 0x80, 0x17, 0x47, 0xb4, 0x40, 0x6c, 0xe7, 0xc1, 0x6c, 0xc7, 0xc0, 0x90, 0xc6, 0x2d,
0x20, 0x02, 0x00, 0x02, 0xe8, 0x2c, 0x86, 0x50, 0x6c, 0xe7, 0x42, 0x60, 0xf7, 0x3e, 0x04, 0x6a,
0x8e, 0xe0, 0x5d, 0x20, 0x02, 0x00, 0x2c, 0xc5, 0x30, 0x60, 0xe7, 0xb9, 0x2c, 0x85, 0x10, 0x2c,
0xa6, 0x10, 0x2c, 0xa4, 0x30, 0x47, 0xc4, 0x40, 0x8c, 0xe0, 0x1d, 0x20, 0x02, 0x00, 0x46, 0x23,
0xe7, 0x37, 0x18, 0x80, 0x08, 0xf7, 0x41, 0x18, 0x18, 0xcc, 0xc4, 0x5f, 0xff, 0x60, 0xa5, 0x35,
0x08, 0xe6, 0x2c, 0x85, 0x50, 0x2c, 0xc5, 0x70, 0x2c, 0xc4, 0x30, 0x2c, 0x86, 0x10, 0x38, 0xc7,
0x80, 0x2c, 0xc5, 0x20, 0x8c, 0xc0, 0x4d, 0x20, 0x02, 0x00, 0x8c, 0xa0, 0x3d, 0x20, 0x02, 0x00,
0xd3, 0xcc, 0x73, 0x1f, 0x8c, 0x80, 0x74, 0x08, 0x02, 0x00, 0x04, 0x6a, 0x4a, 0x5e, 0xff, 0x0e,
0xfb, 0x03, 0x28, 0x0c, 0x7d, 0x8c, 0xa0, 0x13, 0x20, 0x02, 0x00, 0x3a, 0xe7, 0x80, 0x60, 0xc5,
0x3c, 0x8c, 0xa0, 0x23, 0x20, 0x02, 0x00, 0x2c, 0x85, 0x30, 0x2c, 0x85, 0x10, 0x2e, 0xe5, 0x20,
0x2c, 0xe6, 0x00, 0x0e, 0x6b, 0x3c, 0xa6, 0x28, 0x47, 0x26, 0x40, 0x30, 0x86, 0xda, 0x6e, 0xe4,
0x80, 0x0f, 0x63, 0x00, 0xe8, 0x6c, 0x84, 0x42, 0x60, 0x87, 0x26, 0x8c, 0xe0, 0x5d, 0x20, 0x02,
0x00, 0x60, 0x84, 0x39, 0x04, 0xe6, 0x8c, 0x80, 0x1d, 0x20, 0x02, 0x00, 0x0f, 0x93, 0x3c, 0xa6,
0x2a, 0x47, 0x27, 0x00, 0x6c, 0x87, 0x31, 0x30, 0x84, 0x76, 0x6e, 0xe4, 0x80, 0x0f, 0xdd, 0x9e,
0xc6, 0x2a, 0x80, 0x00, 0x00, 0x47, 0x27, 0x00, 0x6c, 0x87, 0xf1, 0x30, 0x84, 0xee, 0x6e, 0xe4,
0x80, 0x0f, 0x6d, 0x9e, 0xc6, 0x2a, 0xa0, 0x00, 0x00, 0x47, 0x27, 0x00, 0x6c, 0x87, 0x49, 0x30,
0x84, 0x3e, 0x6e, 0xe4, 0x80, 0x0f, 0x8d, 0x3a, 0xe0, 0x3f, 0x38, 0x80, 0x7e, 0x0f, 0xf5, 0x00,
0x31, 0x2d, 0x61, 0x00, 0x01, 0x6c, 0x2d, 0x21, 0x20, 0x00, 0x16, 0x45, 0x0b, 0x88, 0x2d, 0x21,
0x60, 0x04, 0x6b, 0x2d, 0x61, 0x40, 0x30, 0x21, 0x10, 0x47, 0xd2, 0x48, 0x48, 0xc8, 0x40, 0x60,
0xe0, 0x5d, 0x01, 0x6f, 0x2c, 0xe3, 0x00, 0x0f, 0x9f, 0x00, 0x31, 0x2d, 0x61, 0x00, 0x01, 0x62,
0x2d, 0x21, 0x20, 0x00, 0x16, 0x45, 0x0b, 0x88, 0x2d, 0x21, 0x60, 0x04, 0x6b, 0x2d, 0x61, 0x40,
0x30, 0x21, 0x10, 0x47, 0xd2, 0x48, 0x49, 0x10, 0x40, 0x60, 0xe0, 0x5d, 0x01, 0x6f, 0x2c, 0xe3,
0x00, 0x0f, 0x9f, 0x00, 0x31, 0x2d, 0x61, 0x00, 0x01, 0x6a, 0x2d, 0x21, 0x20, 0x00, 0x16, 0x45,
0x0b, 0x88, 0x2d, 0x21, 0x60, 0x04, 0x6b, 0x2d, 0x61, 0x40, 0x30, 0x21, 0x10, 0x47, 0xd2, 0x48,
0x48, 0x7f, 0x80, 0x60, 0xe0, 0x5d, 0x01, 0x6f, 0x2c, 0xe3, 0x00, 0x0f, 0x9f, 0x00, 0x31, 0x2d,
0x61, 0x00, 0x01, 0x66, 0x2d, 0x21, 0x20, 0x00, 0x16, 0x45, 0x0b, 0x88, 0x2d, 0x21, 0x60, 0x04,
0x6b, 0x2d, 0x61, 0x40, 0x30, 0x21, 0x10, 0x47, 0xd2, 0x48, 0x49, 0xcf, 0x80, 0x60, 0xe0, 0x5d,
0x01, 0x6f, 0x2c, 0xe3, 0x00, 0x0f, 0x9f, 0x00, 0x31, 0x2d, 0x61, 0x00, 0x39, 0x60, 0xa8, 0x2d,
0x21, 0x20, 0x00, 0x16, 0x45, 0x0b, 0x88, 0x2d, 0x21, 0x60, 0x04, 0x6b, 0x2d, 0x61, 0x40, 0x30,
0x21, 0x10, 0x47, 0xd2, 0x48, 0x4b, 0x17, 0x80, 0x60, 0xe0, 0x5d, 0x01, 0x6f, 0x2c, 0xe3, 0x00,
0x0f, 0x9f, 0x00, 0x31, 0x2d, 0x61, 0x00, 0x39, 0x60, 0xc8, 0x2d, 0x21, 0x20, 0x00, 0x16, 0x45,
0x0b, 0x88, 0x2d, 0x21, 0x60, 0x04, 0x6b, 0x2d, 0x61, 0x40, 0x30, 0x21, 0x10, 0x47, 0xd2, 0x48,
0x48, 0x7b, 0x80, 0x60, 0xe0, 0x5d, 0x01, 0x6f, 0x2c, 0xe3, 0x00, 0x0f, 0x9f, 0x00, 0x31, 0x2d,
0x61, 0x00, 0x39, 0x60, 0x68, 0x2d, 0x21, 0x20, 0x00, 0x16, 0x45, 0x0b, 0x88, 0x2d, 0x21, 0x60,
0x04, 0x6b, 0x2d, 0x61, 0x40, 0x30, 0x21, 0x10, 0x47, 0xd2, 0x48, 0x4a, 0xcb, 0x80, 0x60, 0xe0,
0x5d, 0x01, 0x6f, 0x2c, 0xe3, 0x00, 0x0f, 0x9f, 0x00, 0x31, 0x2d, 0x61, 0x00, 0x39, 0x60, 0x18,
0x2d, 0x21, 0x20, 0x00, 0x16, 0x45, 0x0b, 0x88, 0x2d, 0x21, 0x60, 0x04, 0x6b, 0x2d, 0x61, 0x40,
0x30, 0x21, 0x10, 0x47, 0xd2, 0x48, 0x49, 0x13, 0x80, 0x60, 0xe0, 0x5d, 0x01, 0x6f, 0x2c, 0xe3,
0x00, 0x04, 0x6b, 0x2d, 0x21, 0x60, 0x2d, 0x61, 0x40, 0x30, 0x21, 0x10, 0x47, 0xd2, 0x48, 0x00,
0x31, 0x2d, 0x61, 0x00, 0x39, 0x60, 0xe8, 0x2d, 0x21, 0x20, 0x00, 0x16, 0x45, 0x0b, 0x88, 0x2d,
0x21, 0x60, 0x04, 0x6b, 0x2d, 0x61, 0x40, 0x30, 0x21, 0x10, 0x47, 0xd2, 0x48, 0x4b, 0x5d, 0x80,
0x60, 0xe0, 0x5d, 0x01, 0x6f, 0x2c, 0xe3, 0x00, 0x0f, 0x9f, 0x00, 0x31, 0x2d, 0x61, 0x00, 0x39,
0x60, 0x10, 0x2d, 0x21, 0x20, 0x00, 0x16, 0x45, 0x0b, 0x88, 0x2d, 0x21, 0x60, 0x04, 0x6b, 0x2d,
0x61, 0x40, 0x30, 0x21, 0x10, 0x47, 0xd2, 0x48, 0x48, 0x0d, 0x80, 0x60, 0xe0, 0x5d, 0x01, 0x6f,
0x2c, 0xe3, 0x00, 0x0f, 0x9f, 0x00, 0x31, 0x2d, 0x61, 0x00, 0x39, 0x60, 0x90, 0x2d, 0x21, 0x20,
0x00, 0x16, 0x45, 0x0b, 0x88, 0x2d, 0x21, 0x60, 0x04, 0x6b, 0x2d, 0x61, 0x40, 0x30, 0x21, 0x10,
0x47, 0xd2, 0x48, 0x4a, 0xa5, 0x80, 0x60, 0xe0, 0x5d, 0x01, 0x6f, 0x2c, 0xe3, 0x00, 0x0f, 0x9f,
0x00, 0x31, 0x2d, 0x61, 0x00, 0x39, 0x60, 0x50, 0x2d, 0x21, 0x20, 0x00, 0x16, 0x45, 0x0b, 0x88,
0x2d, 0x21, 0x60, 0x04, 0x6b, 0x2d, 0x61, 0x40, 0x30, 0x21, 0x10, 0x47, 0xd2, 0x48, 0x49, 0x59,
0x80, 0x60, 0xe0, 0x5d, 0x01, 0x6f, 0x2c, 0xe3, 0x00, 0x0f, 0x9f, 0x00, 0x31, 0x2d, 0x61, 0x00,
0x01, 0x64, 0x2d, 0x21, 0x20, 0x00, 0x16, 0x45, 0x0b, 0x88, 0x2d, 0x21, 0x60, 0x04, 0x6b, 0x2d,
0x61, 0x40, 0x30, 0x21, 0x10, 0x47, 0xd2, 0x48, 0x48, 0x09, 0x80, 0x60, 0xe0, 0x5d, 0x01, 0x6f,
0x2c, 0xe3, 0x00, 0x0f, 0x9f, 0x0d, 0x39, 0x0e, 0x57, 0x00, 0x18, 0x0c, 0x00, 0x00, 0x18, 0x0c,
0x00, 0x00, 0x68, 0x47, 0xd2, 0x48, 0x8c, 0xe0, 0x4c, 0x08, 0x02, 0x00, 0x47, 0xa8, 0x80, 0x40,
0x07, 0xdc, 0x98, 0xc0, 0x00, 0x10, 0x82, 0x00, 0x40, 0x06, 0x42, 0x08, 0x67, 0xd3, 0xc6, 0x6f,
0x00, 0x8c, 0x60, 0x0c, 0x08, 0x02, 0x00, 0x04, 0x67, 0x47, 0xb8, 0x80, 0x98, 0x80, 0x0c, 0x20,
0x80, 0x00, 0x38, 0xa0, 0x98, 0x00, 0x64, 0x49, 0x36, 0xff, 0x49, 0xde, 0x80, 0x38, 0xc0, 0x30,
0x00, 0xef, 0x2c, 0xc3, 0x00, 0x04, 0x67, 0x47, 0xb8, 0x80, 0x98, 0xc0, 0x1c, 0x6a, 0x02, 0x00,
0x04, 0xe6, 0x8c, 0xc0, 0x0c, 0x08, 0x02, 0x00, 0x0d, 0x77, 0x98, 0xc0, 0x00, 0x14, 0x82, 0x00,
0x9e, 0x46, 0x80, 0x00, 0x80, 0x00, 0x98, 0xc0, 0x00, 0x14, 0x02, 0x00, 0x64, 0xc6, 0x02, 0x0c,
0xd7, 0xd3, 0x88, 0x36, 0x40, 0x60, 0xc4, 0x2c, 0xd3, 0x86, 0x6f, 0x80, 0x60, 0xe3, 0x2c, 0x60,
0x87, 0x2d, 0x40, 0x05, 0x48, 0x00, 0xdf, 0x24, 0xa6, 0x00, 0xc0, 0xa7, 0xff, 0xff, 0x00, 0xff,
0xd2, 0xce, 0x4a, 0xff, 0x47, 0xd2, 0x48, 0x3c, 0xe5, 0xf0, 0x47, 0x20, 0x90, 0x60, 0xe4, 0x19,
0x34, 0xe7, 0xc0, 0xd0, 0x40, 0x77, 0x10, 0x04, 0xc4, 0x04, 0xe3, 0x06, 0xe5, 0x2f, 0x06, 0x40,
0x32, 0xf7, 0x0f, 0x3c, 0xb7, 0xf0, 0x2f, 0x07, 0x00, 0x2f, 0x06, 0x60, 0x2f, 0x07, 0x20, 0x2f,
0x06, 0x50, 0x2f, 0x07, 0x10, 0x2f, 0x06, 0x70, 0x30, 0xc6, 0x08, 0x2f, 0x07, 0x30, 0x30, 0xe7,
0x08, 0x47, 0x23, 0xbf, 0x30, 0xc5, 0x0f, 0x94, 0xc6, 0x0f, 0xff, 0xff, 0xff, 0x30, 0xc6, 0x08,
0x37, 0x45, 0xf0, 0x60, 0xe3, 0x34, 0x08, 0x86, 0xd2, 0x31, 0xab, 0x20, 0x07, 0x04, 0x06, 0xe7,
0x04, 0xda, 0x2f, 0x38, 0x40, 0x00, 0xd3, 0x03, 0x12, 0x2f, 0x37, 0x00, 0x02, 0xf2, 0xd1, 0xf0,
0x62, 0xff, 0x30, 0xda, 0x3f, 0x94, 0xc6, 0x3f, 0xff, 0xff, 0xff, 0x00, 0xd2, 0x34, 0xa5, 0xc0,
0x08, 0x86, 0x08, 0xe6, 0x40, 0x05, 0x01, 0x08, 0xa7, 0x24, 0xc4, 0x00, 0x00, 0x98, 0x20, 0xc7,
0x00, 0x00, 0xf8, 0xd2, 0xce, 0x56, 0xff, 0x47, 0xd2, 0x48, 0x04, 0xe3, 0x41, 0x05, 0xd7, 0x0e,
0x9b, 0x04, 0xe3, 0x0c, 0x9f, 0x04, 0xba, 0x41, 0x05, 0x07, 0x0d, 0x6b, 0x47, 0xa5, 0x40, 0x05,
0xc3, 0x05, 0x44, 0xd0, 0x00, 0x40, 0xf8, 0x2c, 0xa1, 0x20, 0x4a, 0x9b, 0x1f, 0x2c, 0xa1, 0x60,
0xcc, 0xea, 0x7f, 0xff, 0x31, 0x65, 0xd0, 0x31, 0xea, 0x1f, 0x95, 0xa7, 0x3f, 0xff, 0xff, 0xff,
0x3c, 0xeb, 0x68, 0x47, 0x2f, 0x80, 0x95, 0x6b, 0x1f, 0xff, 0xff, 0xff, 0x04, 0x8b, 0x6c, 0xcb,
0xf9, 0xd3, 0x96, 0x5b, 0x80, 0x38, 0xe0, 0x30, 0x01, 0x80, 0x2c, 0xee, 0x00, 0x04, 0x6c, 0x47,
0xb5, 0x40, 0x39, 0x60, 0x08, 0x38, 0x80, 0x08, 0x00, 0xc0, 0xd3, 0xca, 0xbd, 0x7f, 0x41, 0x06,
0xe7, 0xd3, 0x1a, 0x40, 0x90, 0x8e, 0xe0, 0x7d, 0x20, 0x02, 0x00, 0x60, 0xcf, 0x6c, 0xd2, 0xae,
0x6b, 0x98, 0x2f, 0x06, 0x60, 0x97, 0x38, 0x7f, 0xff, 0xff, 0xff, 0x0b, 0x26, 0x2f, 0x39, 0x60,
0x37, 0x39, 0x80, 0xd0, 0x01, 0x99, 0x90, 0x03, 0x00, 0x00, 0xc0, 0x34, 0xe7, 0x80, 0xd0, 0x40,
0x73, 0x30, 0xce, 0x0a, 0x5f, 0xff, 0x62, 0x0f, 0x85, 0x2e, 0x30, 0x60, 0x96, 0x31, 0x3f, 0xff,
0xff, 0xff, 0x0a, 0x2d, 0xd0, 0x00, 0x6d, 0x08, 0xd2, 0x8d, 0x7a, 0xf8, 0x61, 0x98, 0x8c, 0xd3,
0x48, 0xc0, 0x08, 0x50, 0xc6, 0x10, 0x30, 0xad, 0x3f, 0x32, 0xf0, 0x10, 0x3c, 0xa5, 0x24, 0x2c,
0xe6, 0x30, 0x2c, 0xc7, 0x10, 0x50, 0xd0, 0x10, 0x2c, 0xe6, 0x30, 0x2c, 0xc7, 0x10, 0x47, 0x2b,
0x64, 0x3c, 0xe5, 0xc8, 0x47, 0x21, 0x68, 0x2c, 0xea, 0x40, 0x3c, 0xa5, 0xd8, 0x2c, 0xf0, 0x10,
0x2c, 0xea, 0x60, 0x2c, 0xf0, 0x30, 0x47, 0x23, 0x64, 0x30, 0xf0, 0x08, 0x30, 0xca, 0x10, 0x0e,
0x2a, 0x05, 0x8d, 0x60, 0xcc, 0x5d, 0x34, 0xe7, 0x80, 0x3c, 0xe6, 0xf0, 0x47, 0x3d, 0xc0, 0x60,
0xe7, 0x61, 0x09, 0x8f, 0x2c, 0xef, 0x20, 0x2c, 0xec, 0x60, 0x38, 0xe7, 0x80, 0x2c, 0xec, 0x20,
0x04, 0x6e, 0x05, 0x8a, 0x49, 0xd9, 0x1f, 0x04, 0x6c, 0x47, 0xb5, 0x40, 0x97, 0x18, 0x3f, 0xff,
0xff, 0xff, 0x61, 0x98, 0x6c, 0xd3, 0x48, 0xc6, 0x6f, 0x2c, 0xa6, 0x70, 0x2c, 0xc6, 0x50, 0x2c,
0xa6, 0x30, 0x2c, 0xc5, 0x10, 0x0d, 0xf7, 0x60, 0xe7, 0x59, 0x38, 0xa6, 0x80, 0x09, 0x6f, 0x08,
0xcb, 0x30, 0x8b, 0x10, 0x04, 0x6e, 0x2c, 0xef, 0x20, 0x2c, 0xab, 0x20, 0x2c, 0xe6, 0x60, 0x38,
0xe7, 0x80, 0x2c, 0xe6, 0x20, 0x4a, 0x8a, 0x7f, 0x0c, 0x77, 0x04, 0x6e, 0x04, 0x85, 0x4a, 0x57,
0x6f, 0x05, 0x83, 0x40, 0x03, 0x42, 0xcc, 0xea, 0x7f, 0xff, 0x30, 0xa3, 0x1f, 0x94, 0xc7, 0x7f,
0xff, 0xff, 0xff, 0x08, 0xcf, 0xd2, 0x8a, 0x6e, 0xd8, 0x30, 0xad, 0x3f, 0x3c, 0xa5, 0x24, 0x47,
0x2e, 0x88, 0x3c, 0xe5, 0xc8, 0x47, 0x3b, 0x90, 0x04, 0xe3, 0x04, 0xca, 0x2c, 0xa6, 0x40, 0x2c,
0xa7, 0x00, 0x2c, 0xa6, 0x60, 0x2c, 0xa7, 0x20, 0x2c, 0xc6, 0x50, 0x2c, 0xc7, 0x10, 0x04, 0x8a,
0x04, 0x6e, 0x48, 0x7c, 0x7f, 0x04, 0x6e, 0x4b, 0x6e, 0x1f, 0x04, 0x6c, 0x47, 0xb5, 0x40, 0xd3,
0x49, 0x1d, 0x5f, 0x50, 0xd0, 0x10, 0x30, 0xad, 0x3f, 0x32, 0xf0, 0x10, 0x3c, 0xa5, 0x24, 0x2c,
0xe6, 0x30, 0x2c, 0xc7, 0x10, 0x47, 0x26, 0x90, 0x3c, 0xe5, 0xc8, 0x47, 0x28, 0x18, 0x2c, 0xea,
0x40, 0x3c, 0xa5, 0xd8, 0x2c, 0xf0, 0x10, 0x2c, 0xea, 0x60, 0x2c, 0xf0, 0x30, 0x47, 0x2c, 0x58,
0x30, 0xf0, 0x08, 0x30, 0xca, 0x10, 0x2c, 0xa6, 0x40, 0x05, 0x57, 0x2c, 0xa7, 0x00, 0x05, 0x91,
0x2c, 0xa6, 0x60, 0x05, 0xf0, 0x2c, 0xa7, 0x20, 0x2c, 0xc6, 0x50, 0x2c, 0xc7, 0x10, 0x2c, 0xf0,
0x60, 0x0d, 0x3d, 0x04, 0x85, 0x47, 0xc5, 0x40, 0x46, 0xff, 0x5b, 0x2f, 0x17, 0x60, 0x33, 0x2b,
0x08, 0x97, 0x18, 0x3f, 0xff, 0xff, 0xff, 0x60, 0xd8, 0x6c, 0xd3, 0x0d, 0x9c, 0xa0, 0x04, 0xd7,
0x0f, 0x59, 0x2c, 0xea, 0x40, 0x3c, 0xa5, 0xd8, 0x2c, 0xe3, 0x00, 0x2c, 0xea, 0x60, 0x2c, 0xe3,
0x20, 0x47, 0x28, 0x70, 0x30, 0xe3, 0x10, 0x30, 0xca, 0x10, 0x0d, 0x2b, 0x04, 0xf7, 0x04, 0xca,
0x2c, 0xa6, 0x40, 0x05, 0x57, 0x2c, 0xa7, 0x00, 0x05, 0xf0, 0x2c, 0xa6, 0x60, 0x2c, 0xa7, 0x20,
0x2c, 0xc6, 0x50, 0x2c, 0xc7, 0x10, 0x2c, 0xf0, 0x60, 0x0d, 0x65, 0x04, 0x8a, 0x04, 0x77, 0x05,
0x57, 0x48, 0x1c, 0xff, 0x05, 0x91, 0x2c, 0xf0, 0x60, 0x05, 0xf0, 0x0c, 0x45, 0x60, 0xe6, 0x5d,
0x09, 0xeb, 0x38, 0xe7, 0x80, 0x04, 0x6e, 0x2c, 0xef, 0x20, 0x05, 0x8a, 0xcc, 0xea, 0x7f, 0xff,
0x8d, 0xe0, 0x3d, 0x20, 0x02, 0x00, 0x34, 0xe7, 0x80, 0x61, 0x6b, 0x39, 0xcd, 0x6a, 0x3f, 0xff,
0x49, 0x3c, 0x1f, 0x46, 0x5d, 0xbf, 0x04, 0x8a, 0x4a, 0x54, 0xff, 0x0f, 0x03, 0x62, 0x58, 0x8c,
0x30, 0xeb, 0x08, 0xd3, 0x4f, 0x23, 0x0f, 0x50, 0xd0, 0x10, 0x30, 0xad, 0x3f, 0x31, 0x90, 0x10,
0x3c, 0xa5, 0x24, 0x2c, 0xe6, 0x30, 0x2c, 0xc7, 0x10, 0x47, 0x2f, 0x08, 0x3c, 0xe5, 0xc8, 0x47,
0x2f, 0x70, 0x2c, 0xea, 0x40, 0x3c, 0xa5, 0xd8, 0x2c, 0xf0, 0x10, 0x2c, 0xea, 0x60, 0x2c, 0xf0,
0x30, 0x47, 0x20, 0x08, 0x30, 0xf0, 0x08, 0x30, 0xca, 0x10, 0x2c, 0xa6, 0x40, 0x2c, 0xa7, 0x00,
0x2c, 0xa6, 0x60, 0x2c, 0xa7, 0x20, 0x2c, 0xc6, 0x50, 0x2c, 0xc7, 0x10, 0x60, 0xd2, 0x5d, 0x60,
0xf0, 0x5c, 0x38, 0xc6, 0x80, 0x04, 0x6e, 0x2c, 0xc7, 0x20, 0x2c, 0xd0, 0x60, 0x8c, 0xe0, 0x3d,
0x20, 0x02, 0x00, 0x34, 0xe6, 0x80, 0x61, 0x6b, 0x39, 0x2d, 0x70, 0x20, 0x49, 0xb8, 0x1f, 0x46,
0x7c, 0xbf, 0x2c, 0xea, 0x50, 0x3c, 0x05, 0x24, 0x2c, 0xe3, 0x10, 0x2c, 0xea, 0x70, 0x2c, 0xe3,
0x30, 0x47, 0x2d, 0x20, 0x30, 0xe3, 0x08, 0x30, 0xca, 0x08, 0x0d, 0x19, 0xcd, 0x83, 0x7f, 0xff,
0x95, 0x8c, 0x3f, 0xff, 0xff, 0xff, 0x09, 0x8d, 0x46, 0xdd, 0xbf, 0x04, 0x8a, 0x04, 0x77, 0x05,
0x57, 0x48, 0x00, 0xff, 0x2c, 0xf0, 0x60, 0x05, 0xf0, 0x46, 0x55, 0xbf, 0x04, 0xf7, 0x04, 0xca,
0x0d, 0xa5, 0x2c, 0xea, 0x50, 0x3c, 0x05, 0x24, 0x2c, 0xf0, 0x08, 0x2c, 0xea, 0x70, 0x2c, 0xf0,
0x28, 0x47, 0x29, 0xc0, 0x30, 0xf0, 0x18, 0x30, 0xca, 0x08, 0x0d, 0xad, 0x2c, 0xaa, 0x48, 0x30,
0xe3, 0x18, 0x30, 0xca, 0x18, 0x2c, 0xa3, 0x08, 0x2c, 0xaa, 0x68, 0x2c, 0xa3, 0x28, 0x0d, 0xc1,
0x2c, 0xea, 0x50, 0x3c, 0x05, 0x24, 0x2c, 0xf0, 0x08, 0x2c, 0xea, 0x70, 0x2c, 0xf0, 0x28, 0x47,
0x2a, 0x40, 0x30, 0xf0, 0x18, 0x30, 0xca, 0x08, 0x0d, 0xc9, 0x2c, 0xaa, 0x48, 0x30, 0xf0, 0x04,
0x30, 0xca, 0x18, 0x2c, 0xb0, 0x18, 0x2c, 0xaa, 0x68, 0x2c, 0xb0, 0x38, 0x0c, 0xa5, 0x04, 0xec,
0x04, 0xca, 0x0c, 0x53, 0x2c, 0xaa, 0x48, 0x30, 0xf0, 0x04, 0x30, 0xca, 0x18, 0x2c, 0xb0, 0x18,
0x2c, 0xaa, 0x68, 0x2c, 0xb0, 0x38, 0x0c, 0x11, 0x04, 0x6c, 0x04, 0x8a, 0x4a, 0xbb, 0x7f, 0x0e,
0xe3, 0x2c, 0xea, 0x50, 0x3c, 0x05, 0x24, 0x2c, 0xf0, 0x08, 0x2c, 0xea, 0x70, 0x2c, 0xf0, 0x28,
0x47, 0x2d, 0x00, 0x30, 0xf0, 0x18, 0x30, 0xca, 0x08, 0x0e, 0x3d, 0x2c, 0xaa, 0x48, 0x30, 0xf0,
0x04, 0x30, 0xca, 0x18, 0x2c, 0xb0, 0x18, 0x2c, 0xaa, 0x68, 0x2c, 0xb0, 0x38, 0x0e, 0xed, 0x47,
0xac, 0x80, 0x05, 0x44, 0x2c, 0x84, 0x40, 0x05, 0x63, 0x40, 0x04, 0x60, 0x4b, 0x3f, 0xff, 0x04,
0x6b, 0x04, 0x8a, 0x47, 0xcc, 0x80, 0x46, 0x21, 0x6f, 0x8c, 0xe0, 0x40, 0x00, 0x02, 0x00, 0x47,
0xa2, 0x00, 0x05, 0x63, 0xd2, 0x86, 0x7c, 0xe0, 0x2c, 0xc3, 0x72, 0x40, 0x06, 0xcc, 0x00, 0xe0,
0x01, 0x80, 0x6c, 0xe7, 0x40, 0x08, 0xe6, 0x2c, 0x87, 0x40, 0x40, 0x04, 0xc8, 0x2d, 0x44, 0x40,
0x04, 0x6b, 0x48, 0x69, 0xbf, 0x04, 0x8a, 0x41, 0x0a, 0x6f, 0x2c, 0xcb, 0x72, 0x01, 0x98, 0x04,
0xec, 0x3c, 0x2c, 0x04, 0x47, 0x27, 0xbf, 0x04, 0x6b, 0x04, 0x86, 0x4b, 0xf1, 0xbf, 0x2c, 0x8b,
0x42, 0x40, 0x04, 0x10, 0x04, 0x6b, 0x48, 0xb1, 0xbf, 0xcc, 0x8b, 0x52, 0x80, 0x40, 0x04, 0x98,
0xd9, 0x8b, 0x32, 0x80, 0xd2, 0x88, 0xc4, 0x80, 0x2d, 0x44, 0x40, 0x04, 0x6b, 0x4a, 0xe1, 0xbf,
0x04, 0x8a, 0xd2, 0xd8, 0xa6, 0xff, 0x2c, 0x8b, 0x6a, 0x40, 0x04, 0x10, 0x04, 0x6b, 0x48, 0xc1,
0xbf, 0x2c, 0xeb, 0x5c, 0x41, 0x07, 0x60, 0x47, 0xb2, 0x00, 0x2c, 0xeb, 0x7c, 0x04, 0x6b, 0x47,
0xd1, 0x38, 0xcc, 0x8b, 0x47, 0x40, 0x40, 0x04, 0x8f, 0x04, 0x6b, 0x47, 0xc2, 0x00, 0x0e, 0x2b,
0x47, 0xaa, 0x80, 0x8d, 0xa0, 0x40, 0x00, 0x02, 0x00, 0x3c, 0x03, 0x00, 0x65, 0xad, 0x1a, 0xcd,
0x8d, 0x52, 0x80, 0x40, 0x0c, 0xe4, 0x2d, 0x4c, 0x60, 0x31, 0x6a, 0x80, 0x6d, 0x6b, 0x40, 0x01,
0x5f, 0x09, 0x6c, 0x45, 0x0a, 0x88, 0x2c, 0xeb, 0x40, 0x01, 0x5f, 0x47, 0xd1, 0x38, 0x01, 0x73,
0xd0, 0x7e, 0xa6, 0xff, 0x2d, 0x8c, 0x40, 0x41, 0x0c, 0xfb, 0x2c, 0xed, 0x7c, 0x40, 0x07, 0x10,
0x04, 0x6d, 0x47, 0xd1, 0x38, 0x47, 0xba, 0x80, 0x8c, 0x60, 0x40, 0x00, 0x02, 0x00, 0x47, 0xd2,
0x48, 0x97, 0x84, 0xff, 0xff, 0xf0, 0x00, 0x97, 0x26, 0xff, 0xff, 0xf0, 0x00, 0x6f, 0x04, 0x29,
0x6c, 0xe3, 0xb9, 0x6e, 0xe6, 0x29, 0x6f, 0xa5, 0xb9, 0x6c, 0x84, 0xf9, 0x6f, 0x9c, 0xc0, 0x6f,
0x39, 0xc0, 0x6c, 0xc6, 0xf9, 0x63, 0x79, 0xe9, 0x97, 0x18, 0xff, 0xe0, 0x00, 0x00, 0x07, 0x44,
0x63, 0x9c, 0x39, 0x6c, 0x63, 0xc0, 0x96, 0xf7, 0xff, 0xe0, 0x00, 0x00, 0x6f, 0xa5, 0xc0, 0xd2,
0x88, 0x65, 0xc8, 0x63, 0x38, 0xbd, 0xd1, 0x01, 0x94, 0xf8, 0x41, 0x17, 0xbe, 0x60, 0xfb, 0xe9,
0xd0, 0x40, 0x78, 0x98, 0x33, 0x38, 0x80, 0x04, 0xfc, 0x04, 0xa3, 0x06, 0xf8, 0x37, 0x05, 0xf0,
0x37, 0x44, 0x80, 0x40, 0x38, 0xf0, 0x00, 0x82, 0x00, 0xc0, 0x63, 0x05, 0x24, 0x64, 0xe7, 0x37,
0x04, 0xb8, 0x94, 0xc7, 0x00, 0x00, 0x01, 0x00, 0x40, 0x06, 0x68, 0x9d, 0x99, 0xff, 0xe0, 0x00,
0x00, 0x47, 0x22, 0x78, 0x06, 0xf9, 0x94, 0xe7, 0xff, 0xff, 0xfe, 0xff, 0x03, 0x38, 0x6c, 0xc7,
0xb8, 0x6c, 0xa5, 0xc1, 0x97, 0x39, 0xff, 0xe0, 0x00, 0x00, 0x60, 0xa6, 0x29, 0x6c, 0xe7, 0xc1,
0xd1, 0x21, 0x96, 0x18, 0x94, 0xe7, 0xff, 0xff, 0xf0, 0x00, 0x96, 0xf7, 0xff, 0xe0, 0x00, 0x00,
0x6e, 0xf7, 0x28, 0x94, 0x87, 0xff, 0xff, 0xf0, 0x00, 0x6f, 0x5a, 0xf8, 0x60, 0x84, 0xb9, 0x60,
0x84, 0xd1, 0x04, 0x65, 0x47, 0xd2, 0x48, 0x9d, 0x98, 0xff, 0xe0, 0x00, 0x00, 0x47, 0x2d, 0xc8,
0x9b, 0x7b, 0x00, 0x00, 0x01, 0x00, 0x3c, 0x99, 0x1c, 0x47, 0x2a, 0xd8, 0x3c, 0x99, 0xf8, 0x47,
0x2a, 0x24, 0x38, 0xe0, 0x04, 0x60, 0xe7, 0xcd, 0x60, 0xdd, 0x3e, 0x3e, 0x06, 0x34, 0x63, 0xbd,
0xcf, 0x60, 0xfb, 0x3e, 0x60, 0xc0, 0x35, 0x60, 0xe7, 0xe9, 0x6c, 0xc6, 0xf9, 0x60, 0xe7, 0x31,
0x63, 0x3b, 0xcf, 0x60, 0xa3, 0x3d, 0x68, 0xfc, 0xc8, 0x06, 0xf8, 0x94, 0xc7, 0x00, 0x00, 0x01,
0x00, 0xd0, 0x00, 0x60, 0x88, 0x94, 0xe7, 0xff, 0xff, 0xfe, 0x00, 0x3e, 0x07, 0xc5, 0x41, 0x07,
0x90, 0x3e, 0x05, 0xc5, 0x33, 0x18, 0x04, 0x30, 0xd8, 0x1f, 0x3c, 0x86, 0xf8, 0x47, 0x2e, 0xa8,
0x3b, 0x20, 0x14, 0x63, 0x19, 0xc5, 0x63, 0x05, 0xc7, 0x60, 0xe7, 0x36, 0x60, 0xf8, 0x39, 0x60,
0xa5, 0x36, 0xd3, 0x6e, 0x66, 0xb0, 0x62, 0xe6, 0xbd, 0x33, 0x17, 0x80, 0x3c, 0x98, 0xf8, 0x47,
0x26, 0x58, 0x38, 0xc0, 0xf8, 0x62, 0xe6, 0xbd, 0x60, 0xc5, 0xbe, 0x3e, 0x06, 0x34, 0x62, 0xe7,
0xbe, 0x60, 0xa5, 0xc7, 0x60, 0xc0, 0x35, 0x60, 0xa5, 0xb9, 0x6c, 0xc6, 0xf9, 0x60, 0xa5, 0x31,
0x60, 0xe7, 0xc7, 0x03, 0x28, 0x02, 0xe0, 0x0d, 0x9d, 0x60, 0xd8, 0xbd, 0xd1, 0x00, 0x69, 0x48,
0x40, 0x17, 0x8e, 0x9d, 0x98, 0xff, 0xe0, 0x00, 0x00, 0x47, 0x2b, 0xa8, 0x9b, 0x7b, 0x00, 0x00,
0x01, 0x00, 0x3c, 0x86, 0x1c, 0x47, 0x3d, 0x84, 0x63, 0x7b, 0xe9, 0x3c, 0x3b, 0x00, 0x00, 0xe8,
0x64, 0xe7, 0x02, 0x00, 0xc0, 0x60, 0xa3, 0x3c, 0x64, 0xfc, 0x37, 0x06, 0xf8, 0x94, 0xc7, 0x00,
0x00, 0x01, 0x00, 0x40, 0x06, 0x76, 0x30, 0xd7, 0x80, 0x9d, 0x86, 0xff, 0xe0, 0x00, 0x00, 0x47,
0x2f, 0x74, 0x37, 0x05, 0x80, 0x94, 0xe7, 0xff, 0xff, 0xfe, 0xff, 0x6c, 0xa5, 0x81, 0x60, 0xb8,
0x29, 0x6f, 0x07, 0xf8, 0x33, 0x37, 0x40, 0x60, 0xa5, 0xc1, 0x6c, 0xe7, 0x81, 0x06, 0xe6, 0x0d,
0xf9, 0x03, 0x3f, 0xd0, 0x41, 0x95, 0xf0, 0x60, 0xa3, 0xed, 0x68, 0xfc, 0xd8, 0x06, 0xf8, 0x0c,
0xe3, 0x60, 0xfb, 0xe9, 0xd0, 0x00, 0x70, 0x67, 0x00, 0xdf, 0xd0, 0x40, 0x65, 0xf8, 0x60, 0xa3,
0xec, 0x64, 0xfc, 0xdf, 0x06, 0xf8, 0x0f, 0x97, 0x04, 0xfc, 0x04, 0xa3, 0x04, 0x9a, 0xdb, 0x20,
0x00, 0x10, 0xda, 0xe0, 0xff, 0xe0, 0x0f, 0x89, 0x62, 0xf7, 0x35, 0x94, 0xe7, 0xff, 0xff, 0xfe,
0xff, 0x33, 0x37, 0x80, 0x0e, 0x71, 0x60, 0xc5, 0x39, 0xd0, 0x00, 0x62, 0x62, 0x40, 0x17, 0x0e,
0x98, 0xe7, 0x00, 0x00, 0x10, 0x00, 0x0d, 0xd9, 0xd0, 0x41, 0x9e, 0x88, 0x30, 0xf8, 0x80, 0x94,
0xe7, 0xff, 0xe0, 0x00, 0x00, 0xd1, 0x20, 0x79, 0x78, 0x60, 0xa3, 0xed, 0x68, 0xfc, 0xd8, 0x94,
0x87, 0x00, 0x00, 0x01, 0x00, 0xd0, 0x00, 0x41, 0x28, 0x60, 0xbd, 0x1d, 0x68, 0xfb, 0xe0, 0x06,
0xf8, 0x04, 0x86, 0x0c, 0x75, 0xda, 0xe0, 0xff, 0xe0, 0x00, 0xe0, 0x6e, 0xf7, 0x28, 0x94, 0x87,
0xff, 0xff, 0xf0, 0x00, 0x6f, 0x5a, 0xf8, 0x60, 0x84, 0xb9, 0x00, 0xa0, 0x60, 0x84, 0xd1, 0x04,
0x65, 0x47, 0xd2, 0x48, 0x30, 0xf8, 0x1b, 0x60, 0xe5, 0x3e, 0x00, 0xa0, 0x0d, 0xb5, 0x63, 0x7b,
0xe9, 0x3c, 0x3b, 0x00, 0x00, 0xe8, 0x03, 0x20, 0x64, 0xe7, 0x02, 0x0c, 0x59, 0x94, 0xe7, 0xff,
0xff, 0xf0, 0x00, 0x0e, 0xc1, 0xd0, 0x40, 0x64, 0xb8, 0x32, 0xf8, 0x80, 0x94, 0xf7, 0xff, 0xe0,
0x00, 0x00, 0xd1, 0x20, 0x7b, 0x28, 0x60, 0xe3, 0xec, 0x64, 0x7c, 0xdf, 0x9d, 0x97, 0xff, 0xe0,
0x00, 0x00, 0x47, 0x22, 0xc4, 0x6c, 0xa7, 0x81, 0x6c, 0xc3, 0xf8, 0x34, 0xe7, 0x80, 0x60, 0xa5,
0x31, 0x60, 0xa5, 0x39, 0x33, 0x38, 0x40, 0x6c, 0xe3, 0x81, 0x46, 0xc1, 0xbf, 0x9d, 0x98, 0xff,
0xe0, 0x00, 0x00, 0x47, 0x3c, 0xfb, 0x04, 0xfc, 0x04, 0xa3, 0xdb, 0x20, 0x00, 0x10, 0xda, 0xe0,
0xff, 0xe0, 0x46, 0xd6, 0xbf, 0x33, 0x37, 0x87, 0x63, 0x27, 0xcf, 0x00, 0xc0, 0x3c, 0x18, 0x04,
0x47, 0x23, 0x00, 0x38, 0xc0, 0xfc, 0x60, 0xc6, 0xbd, 0x60, 0xc7, 0x36, 0x60, 0xa6, 0x29, 0x3e,
0x05, 0x2c, 0x60, 0xa0, 0x2d, 0x6c, 0xa5, 0xf9, 0x60, 0xa5, 0xc9, 0x00, 0xe0, 0x03, 0x28, 0x02,
0xe0, 0x46, 0x3c, 0xbf, 0x32, 0xf9, 0x07, 0x62, 0xfb, 0xbf, 0x00, 0xc0, 0x3c, 0x19, 0x04, 0x47,
0x23, 0x00, 0x38, 0xc0, 0x02, 0x60, 0xc6, 0xcd, 0x60, 0xdb, 0x36, 0x60, 0xe6, 0xe9, 0x3e, 0x07,
0x3c, 0x60, 0xe0, 0x3d, 0x6c, 0xe7, 0xf9, 0x60, 0xe7, 0xb9, 0x03, 0x20, 0x46, 0xed, 0xbf, 0x63,
0x20, 0xcd, 0xd0, 0x01, 0x81, 0x10, 0x9d, 0x97, 0xff, 0xe0, 0x00, 0x00, 0x47, 0x25, 0x68, 0x9b,
0x9c, 0x00, 0x00, 0x01, 0x00, 0x3c, 0x99, 0x1c, 0x47, 0x2f, 0xe8, 0x3c, 0x99, 0xf8, 0x47, 0x24,
0x94, 0x38, 0xe0, 0x04, 0x60, 0xe7, 0xcd, 0x60, 0x83, 0x3e, 0x3e, 0x04, 0x24, 0x60, 0xbc, 0x3e,
0x60, 0x63, 0xcf, 0x60, 0xe0, 0x25, 0x60, 0xa5, 0x19, 0x6c, 0xe7, 0xf9, 0x60, 0xe5, 0x39, 0x63,
0x3c, 0xcf, 0x60, 0xbd, 0x3d, 0x68, 0xfb, 0xc8, 0x04, 0x86, 0x46, 0x8e, 0xbf, 0x60, 0xc5, 0x39,
0x41, 0x06, 0xb2, 0x03, 0x40, 0x03, 0x28, 0x00, 0xe0, 0x00, 0xa0, 0x02, 0xe0, 0x46, 0x9d, 0x3f,
0x3c, 0x86, 0xf8, 0x47, 0x29, 0x90, 0x38, 0xe0, 0x04, 0x60, 0xe7, 0x35, 0x60, 0xbd, 0x3e, 0x3e,
0x05, 0x2c, 0x63, 0xbd, 0x37, 0x60, 0xfb, 0x3e, 0x60, 0xa0, 0x2d, 0x60, 0xe7, 0xe9, 0x6c, 0xa5,
0xf9, 0x60, 0xe7, 0x29, 0x60, 0xdb, 0x37, 0x46, 0x73, 0xbf, 0x60, 0xfc, 0x19, 0xd0, 0x40, 0x75,
0xf0, 0x33, 0x37, 0x80, 0x04, 0xfb, 0x04, 0xbd, 0x04, 0x86, 0x46, 0xce, 0x3f, 0x06, 0xf8, 0x04,
0x9a, 0x46, 0x54, 0xbf, 0x9d, 0x98, 0xff, 0xe0, 0x00, 0x00, 0x47, 0x31, 0x9b, 0x0e, 0x5d, 0x60,
0xfc, 0x19, 0xd0, 0x41, 0x81, 0xd8, 0xd0, 0x00, 0x78, 0xa4, 0x60, 0xfb, 0xe9, 0xd0, 0x00, 0x70,
0x34, 0x60, 0xa3, 0xec, 0x64, 0xfc, 0xdf, 0x94, 0xc7, 0x00, 0x00, 0x01, 0x00, 0xd0, 0x00, 0x63,
0xb8, 0x94, 0xe7, 0xff, 0xff, 0xfe, 0xff, 0x03, 0x24, 0x02, 0xe8, 0x46, 0x4c, 0x3f, 0x60, 0xfc,
0x19, 0x41, 0x18, 0x7a, 0xd0, 0x40, 0x74, 0x88, 0x60, 0xfb, 0xe9, 0xd0, 0x00, 0x71, 0x6f, 0x04,
0xfb, 0x04, 0xbd, 0x04, 0x86, 0x03, 0x28, 0x02, 0xe0, 0x46, 0x28, 0x3f, 0x32, 0xe6, 0x07, 0x62,
0xfb, 0xbf, 0x00, 0xa0, 0x3c, 0x06, 0x04, 0x47, 0x23, 0x00, 0x38, 0xa0, 0x02, 0x60, 0xc5, 0x35,
0x60, 0xbb, 0x36, 0x60, 0xe5, 0xe9, 0x3e, 0x07, 0x3c, 0x60, 0xe0, 0x3d, 0x6c, 0xe7, 0xf9, 0x60,
0xe7, 0xb9, 0x00, 0xc0, 0x46, 0x8c, 0xbf, 0x60, 0xc0, 0x35, 0xd0, 0x41, 0x8e, 0x10, 0x60, 0xfc,
0x19, 0xd0, 0x40, 0x75, 0x58, 0x33, 0x37, 0x80, 0x04, 0xfb, 0x04, 0xbd, 0x46, 0x8b, 0xdf, 0xd0,
0x40, 0x7b, 0xb0, 0x60, 0xfb, 0xe9, 0x41, 0x07, 0x0c, 0x03, 0x40, 0xdb, 0x20, 0x00, 0x10, 0x98,
0xe0, 0xff, 0xff, 0xfe, 0x00, 0x00, 0xa1, 0xda, 0xe0, 0xff, 0xe0, 0x46, 0xdd, 0xdf, 0xda, 0xe0,
0xff, 0xe0, 0xdb, 0x20, 0x00, 0x10, 0x00, 0xe0, 0x00, 0xa0, 0x46, 0x35, 0xdf, 0x9d, 0x97, 0xff,
0xe0, 0x00, 0x00, 0x47, 0x34, 0x57, 0x04, 0xfb, 0x04, 0xbd, 0x04, 0x86, 0xdb, 0x20, 0x00, 0x10,
0xda, 0xe0, 0xff, 0xe0, 0x46, 0x91, 0xdf, 0x03, 0x3f, 0x41, 0x19, 0x27, 0x60, 0xbd, 0x1d, 0x68,
0xfb, 0xe0, 0x04, 0x86, 0x46, 0xe4, 0x3f, 0x63, 0x9c, 0x19, 0x3c, 0x3c, 0x00, 0x00, 0xe8, 0x03,
0x20, 0x64, 0xe7, 0x02, 0x0d, 0xe5, 0xdb, 0x20, 0x00, 0x10, 0x00, 0xe0, 0x00, 0xa0, 0x46, 0x16,
0xdf, 0x9d, 0x97, 0xff, 0xe0, 0x00, 0x00, 0x47, 0x2e, 0xe8, 0x9b, 0x9c, 0x00, 0x00, 0x01, 0x00,
0x3c, 0x86, 0x1c, 0x47, 0x2a, 0xc8, 0x3c, 0x86, 0xf8, 0x47, 0x25, 0x18, 0x38, 0xe0, 0x04, 0x60,
0xe7, 0x35, 0x63, 0x03, 0x3e, 0x3e, 0x18, 0xc4, 0x60, 0xbc, 0x3e, 0x60, 0x63, 0x37, 0x60, 0xe0,
0xc5, 0x60, 0xa5, 0x19, 0x6c, 0xe7, 0xf9, 0x60, 0xe5, 0x39, 0x60, 0xdc, 0x37, 0x60, 0xbd, 0x3c,
0x64, 0xfb, 0x37, 0x46, 0x56, 0x3f, 0x60, 0xfb, 0xe9, 0xd0, 0x00, 0x75, 0x50, 0x60, 0xa3, 0xed,
0x68, 0xfc, 0xd8, 0x94, 0x87, 0x00, 0x00, 0x01, 0x00, 0xd0, 0x00, 0x48, 0x28, 0x60, 0xbd, 0x1d,
0x68, 0xfb, 0xe0, 0x04, 0x86, 0x03, 0x28, 0x02, 0xe0, 0x46, 0x2f, 0x5f, 0x60, 0xfb, 0xe9, 0xd0,
0x00, 0x75, 0x30, 0x6c, 0xfc, 0xc1, 0x6c, 0x63, 0xc1, 0x6f, 0x9c, 0xb8, 0x94, 0x87, 0x00, 0x00,
0x10, 0x00, 0x60, 0xbc, 0x19, 0xd0, 0x00, 0x43, 0x70, 0x6c, 0x9b, 0xc1, 0x96, 0xe4, 0x00, 0x00,
0x10, 0x00, 0xd0, 0x41, 0x7f, 0xb0, 0x6f, 0xbd, 0xc1, 0x6c, 0xbb, 0xb8, 0x60, 0xa5, 0xe9, 0x04,
0xe4, 0x04, 0x86, 0x6c, 0xc5, 0xb9, 0x6c, 0xe7, 0xc0, 0x60, 0xe6, 0x39, 0x6c, 0xa5, 0xc0, 0xdb,
0x20, 0x00, 0x10, 0xda, 0xe0, 0xff, 0xe0, 0x46, 0x65, 0x5f, 0xd0, 0x00, 0x71, 0x50, 0x60, 0xfb,
0xe9, 0xd0, 0x00, 0x7e, 0x23, 0x6c, 0xfc, 0xc1, 0x6c, 0x63, 0xc1, 0x6c, 0xbc, 0xb8, 0x94, 0xc7,
0x00, 0x00, 0x10, 0x00, 0x60, 0xa5, 0x19, 0x40, 0x06, 0x33, 0x6c, 0xdb, 0xc1, 0x96, 0xe6, 0x00,
0x00, 0x10, 0x00, 0x41, 0x17, 0x03, 0x6f, 0xbd, 0xc1, 0x6c, 0xbb, 0xb8, 0x04, 0xe6, 0x60, 0xa5,
0xe9, 0x0d, 0x37, 0x04, 0xfc, 0x04, 0xa3, 0x04, 0x9a, 0x03, 0x28, 0x02, 0xe0, 0x46, 0x06, 0x5f,
0x30, 0xf9, 0x07, 0x60, 0xfc, 0x3f, 0x00, 0xa0, 0x3c, 0x19, 0x04, 0x47, 0x23, 0x00, 0x38, 0xa0,
0x02, 0x60, 0xa5, 0xcd, 0x60, 0xbc, 0x2e, 0x60, 0xa5, 0x19, 0x3e, 0x05, 0x2c, 0x60, 0xa0, 0x2d,
0x6c, 0xa5, 0xf9, 0x60, 0xe5, 0x39, 0x03, 0x20, 0x46, 0x56, 0xbf, 0x00, 0xdf, 0x41, 0x06, 0x12,
0x60, 0xbd, 0x1c, 0x64, 0xfb, 0xe7, 0x46, 0xee, 0xdf, 0xdb, 0x20, 0x00, 0x10, 0xda, 0xe0, 0xff,
0xe0, 0x04, 0xfc, 0x04, 0xa3, 0x46, 0x18, 0x5f, 0x63, 0x9c, 0x19, 0x3c, 0x3c, 0x00, 0x00, 0xe8,
0x00, 0xc0, 0x64, 0xe7, 0x02, 0x0c, 0x5d, 0x04, 0xfb, 0x04, 0xbd, 0x03, 0x28, 0x02, 0xe0, 0x46,
0x7f, 0x9f, 0x04, 0xfb, 0x04, 0xbd, 0xdb, 0x20, 0x00, 0x10, 0xda, 0xe0, 0xff, 0xe0, 0x46, 0xf7,
0x9f, 0x04, 0x9a, 0x0c, 0x33, 0x9d, 0x97, 0xff, 0xe0, 0x00, 0x00, 0x47, 0x3a, 0x97, 0x04, 0xfb,
0x04, 0xbd, 0xdb, 0x20, 0x00, 0x10, 0xda, 0xe0, 0xff, 0xe0, 0x46, 0xcb, 0x9f, 0x96, 0xf7, 0xff,
0xe0, 0x00, 0x00, 0x00, 0xe0, 0x00, 0xa0, 0x46, 0x98, 0x5f, 0x60, 0xc5, 0x39, 0xd0, 0x00, 0x66,
0x0b, 0x0d, 0xab, 0x30, 0xe6, 0x07, 0x60, 0xfc, 0x3f, 0x00, 0xa0, 0x3c, 0x06, 0x04, 0x47, 0x23,
0x00, 0x38, 0xa0, 0x02, 0x60, 0xc5, 0x35, 0x60, 0xbc, 0x36, 0x60, 0xc5, 0x19, 0x3e, 0x06, 0x34,
0x60, 0xc0, 0x35, 0x6c, 0xc6, 0xf9, 0x60, 0xe6, 0x39, 0x00, 0xc0, 0x0d, 0x39, 0x04, 0xfc, 0x04,
0xa3, 0x03, 0x28, 0x02, 0xe0, 0x46, 0x11, 0x9f, 0x6f, 0x24, 0x29, 0x97, 0x39, 0xff, 0xe0, 0x00,
0x00, 0x94, 0xe4, 0xff, 0xff, 0xf0, 0x00, 0x6c, 0x84, 0xf9, 0xd0, 0x41, 0x97, 0x30, 0x62, 0xe7,
0x19, 0xd0, 0x01, 0x72, 0x58, 0x3e, 0x07, 0xcd, 0x41, 0x07, 0x90, 0x3e, 0x03, 0xcd, 0x33, 0x39,
0x04, 0x3c, 0x99, 0xe4, 0x47, 0x28, 0x92, 0x3b, 0x00, 0x14, 0x32, 0xf9, 0x1f, 0x63, 0x18, 0xcd,
0x63, 0x03, 0xc7, 0x60, 0xe7, 0xbe, 0x60, 0xf8, 0x39, 0x60, 0x63, 0xbe, 0x6f, 0x46, 0x29, 0xda,
0xe0, 0xb0, 0x3f, 0x97, 0x5a, 0xff, 0xe0, 0x00, 0x00, 0x63, 0x37, 0xcd, 0x03, 0x80, 0x96, 0xe6,
0xff, 0xff, 0xf0, 0x00, 0x03, 0xe0, 0x6c, 0xc6, 0xf9, 0xd0, 0x01, 0xa1, 0xd0, 0x9d, 0x9a, 0xff,
0xe0, 0x00, 0x00, 0x47, 0x2f, 0x48, 0x9a, 0xf7, 0x00, 0x00, 0x08, 0x00, 0x6f, 0x05, 0xb9, 0x6e,
0xf7, 0xc0, 0x62, 0xf7, 0xc1, 0x6c, 0xa5, 0xc0, 0xdb, 0x5a, 0x80, 0x3f, 0x03, 0x60, 0x63, 0x9b,
0xe1, 0x6f, 0x9c, 0x40, 0x93, 0x9c, 0x13, 0x17, 0x00, 0x00, 0x63, 0x06, 0x22, 0x07, 0xd8, 0x2f,
0x9c, 0x40, 0x47, 0xd2, 0xe0, 0x00, 0x00, 0x00, 0xa5, 0xea, 0x00, 0x00, 0xa1, 0xe9, 0x00, 0x00,
0xc3, 0xea, 0x00, 0x00, 0x75, 0xea, 0x00, 0x00, 0xc3, 0xea, 0x00, 0x00, 0xef, 0xe9, 0x00, 0x00,
0xc3, 0xea, 0x00, 0x00, 0x75, 0xea, 0x00, 0x00, 0xa1, 0xe9, 0x00, 0x00, 0xa1, 0xe9, 0x00, 0x00,
0xef, 0xe9, 0x00, 0x00, 0x75, 0xea, 0x00, 0x00, 0x14, 0xea, 0x00, 0x00, 0x14, 0xea, 0x00, 0x00,
0x14, 0xea, 0x00, 0x00, 0x7d, 0xea, 0x00, 0x00, 0x9d, 0x99, 0xff, 0xe0, 0x00, 0x00, 0x47, 0x23,
0x60, 0x98, 0xe7, 0x00, 0x00, 0x08, 0x00, 0x6e, 0xe3, 0xb9, 0x6c, 0xe7, 0xc0, 0x60, 0xe7, 0xb9,
0x6c, 0x63, 0xc0, 0xdb, 0x39, 0x80, 0x3f, 0x03, 0x80, 0x03, 0xe0, 0x6f, 0x46, 0x29, 0x97, 0x5a,
0xff, 0xe0, 0x00, 0x00, 0x96, 0xe6, 0xff, 0xff, 0xf0, 0x00, 0x6c, 0xc6, 0xf9, 0xd0, 0x41, 0xa0,
0xaf, 0x63, 0x17, 0x29, 0xd0, 0x01, 0x89, 0x90, 0x3e, 0x17, 0xd5, 0x41, 0x17, 0x90, 0x3e, 0x05,
0xd5, 0x33, 0x5a, 0x04, 0x3c, 0x9a, 0xe4, 0x47, 0x2c, 0x1c, 0x3b, 0x60, 0x14, 0x33, 0x1a, 0x1f,
0x63, 0x7b, 0xd5, 0x63, 0x65, 0xdf, 0x62, 0xf7, 0xc6, 0x62, 0xfb, 0xb9, 0x60, 0xa5, 0xc6, 0xdb,
0x00, 0xb0, 0x3f, 0x63, 0x58, 0xd5, 0x03, 0x60, 0x0d, 0xb3, 0x62, 0xe7, 0x19, 0x3c, 0x37, 0x00,
0x3b, 0x00, 0x10, 0x3b, 0x80, 0x30, 0x67, 0x9c, 0xc2, 0x3c, 0x37, 0x00, 0x64, 0xe7, 0x02, 0x3c,
0x37, 0x00, 0x03, 0xec, 0x64, 0x63, 0x02, 0x3c, 0x37, 0x00, 0x02, 0xe4, 0x67, 0xff, 0xba, 0x0c,
0xc7, 0xd8, 0xc0, 0xff, 0xe0, 0x07, 0x1e, 0x00, 0xe0, 0x00, 0x60, 0x6c, 0xc6, 0x28, 0x94, 0xe7,
0xff, 0xff, 0xf0, 0x00, 0x60, 0xe7, 0x31, 0x6f, 0x18, 0xf8, 0x63, 0x07, 0xc1, 0x04, 0x98, 0x47,
0xd2, 0x48, 0x63, 0x17, 0x29, 0x3c, 0x38, 0x00, 0x66, 0xf7, 0x02, 0x3c, 0x38, 0x00, 0x03, 0x6c,
0x64, 0xa5, 0x02, 0x3c, 0x38, 0x00, 0x03, 0x04, 0x67, 0x7b, 0xc2, 0x0f, 0x2d, 0x02, 0xe0, 0x00,
0xa0, 0x03, 0x68, 0x0f, 0x4d, 0x03, 0x82, 0x00, 0xe0, 0x00, 0x60, 0x03, 0xe8, 0x0d, 0xf3, 0x98,
0xe0, 0xff, 0xff, 0xf0, 0x00, 0xd8, 0xc0, 0xff, 0xe0, 0x03, 0x00, 0x00, 0x6f, 0x6c, 0xc6, 0x28,
0x94, 0xe7, 0xff, 0xff, 0xf0, 0x00, 0x60, 0xe7, 0x31, 0x6f, 0x18, 0xf8, 0x63, 0x07, 0xc1, 0x04,
0x98, 0x47, 0xd2, 0x48, 0x07, 0xc4, 0x07, 0x7f, 0x40, 0x5b, 0x91, 0xd0, 0x31, 0xb1, 0x5c, 0xd0,
0x21, 0xb9, 0x4c, 0xd8, 0xdd, 0xff, 0xc0, 0xd1, 0x00, 0x69, 0x34, 0x34, 0xa3, 0xf0, 0x40, 0x25,
0xf0, 0x00, 0x82, 0x00, 0xa0, 0x62, 0xe3, 0x24, 0x64, 0xe7, 0x2f, 0x04, 0x77, 0x94, 0xa7, 0x00,
0x00, 0x00, 0x80, 0x40, 0x05, 0xb0, 0x94, 0xe7, 0xff, 0xff, 0xff, 0x7f, 0xd8, 0xdd, 0x00, 0x20,
0x9f, 0x06, 0x7f, 0xe0, 0x00, 0x00, 0x47, 0x3d, 0x2f, 0x6c, 0xa7, 0xb8, 0x6c, 0x63, 0xc1, 0x6c,
0xe7, 0xc1, 0x60, 0x65, 0x19, 0x94, 0xe7, 0xff, 0xff, 0xf0, 0x00, 0x94, 0xc6, 0xff, 0xe0, 0x00,
0x00, 0x07, 0x1e, 0x0c, 0x73, 0x04, 0xf7, 0x04, 0x65, 0x07, 0xc6, 0x0e, 0xe7, 0x97, 0x07, 0x00,
0x00, 0x10, 0x00, 0x40, 0x18, 0xba, 0x97, 0x17, 0x00, 0x00, 0x10, 0x00, 0x41, 0x18, 0x2a, 0x98,
0xf7, 0x00, 0x00, 0x10, 0x00, 0x07, 0x06, 0x94, 0xe7, 0xff, 0xff, 0xf0, 0x00, 0x04, 0x65, 0xd8,
0xc0, 0xff, 0xe0, 0x0d, 0x6b, 0x63, 0xb9, 0xd5, 0xd3, 0xcf, 0x73, 0x20, 0xd3, 0x8a, 0x3f, 0x00,
0x60, 0xc7, 0xba, 0x3e, 0x06, 0x34, 0x00, 0xdf, 0x45, 0x06, 0x3c, 0x07, 0xe3, 0x03, 0xbf, 0x00,
0x60, 0x0d, 0x08, 0x00, 0xc0, 0x00, 0xe0, 0x6c, 0xc6, 0x28, 0x94, 0xe7, 0xff, 0xff, 0xf0, 0x00,
0x60, 0xe7, 0x31, 0x6f, 0x18, 0xf8, 0x63, 0x07, 0xc1, 0x00, 0x60, 0x04, 0x98, 0x47, 0xd2, 0x48,
0x98, 0xe7, 0x00, 0x00, 0x10, 0x00, 0x94, 0xe7, 0xff, 0xff, 0xf0, 0x00, 0x07, 0x04, 0xd8, 0xc0,
0xff, 0xe0, 0x0f, 0x43, 0x6f, 0xe3, 0x81, 0x6c, 0xc7, 0xf8, 0x63, 0xff, 0x31, 0x6c, 0xe7, 0x81,
0x6c, 0x63, 0xf8, 0x6e, 0xf7, 0x10, 0x6c, 0xc5, 0x19, 0x60, 0xc6, 0xb9, 0x6c, 0x86, 0x09, 0x67,
0x87, 0x25, 0x68, 0xe7, 0x25, 0x97, 0x46, 0xff, 0xff, 0x00, 0x00, 0x6f, 0x27, 0x08, 0x6e, 0xff,
0x09, 0x63, 0x39, 0xb9, 0x6c, 0xa5, 0x10, 0x64, 0xfc, 0xd3, 0xd3, 0xb2, 0x72, 0x80, 0x0b, 0x26,
0x03, 0x9f, 0xd3, 0xcd, 0x93, 0x00, 0xd3, 0xb2, 0x71, 0x00, 0x03, 0x9f, 0x0b, 0x26, 0x60, 0xf9,
0x3d, 0x67, 0x67, 0x25, 0x68, 0xe7, 0x25, 0x97, 0xff, 0xff, 0xff, 0x00, 0x00, 0x6f, 0x07, 0x08,
0x63, 0x18, 0xf9, 0x67, 0xfb, 0xd3, 0xd3, 0xb1, 0xf2, 0x80, 0x0b, 0x06, 0x03, 0x7f, 0xd3, 0xcd,
0x83, 0x00, 0xd3, 0xb1, 0xf1, 0x00, 0x03, 0x7f, 0x0b, 0x06, 0x6c, 0xfc, 0x08, 0x60, 0xfb, 0x39,
0x6d, 0x05, 0xfa, 0x62, 0xe7, 0x40, 0x6f, 0x27, 0xfa, 0x6b, 0x67, 0x2b, 0x63, 0x39, 0x28, 0x0a,
0xfb, 0x63, 0x18, 0xfd, 0x0a, 0xf9, 0x67, 0x67, 0x2b, 0xd3, 0xef, 0x8c, 0x88, 0x63, 0x38, 0xba,
0x3e, 0x19, 0xcc, 0x03, 0x3f, 0xd1, 0x41, 0x9c, 0x08, 0x63, 0x23, 0xdd, 0x6a, 0xf8, 0xb8, 0x00,
0x6f, 0xd2, 0xae, 0x64, 0x17, 0x64, 0x77, 0x25, 0x6a, 0xf7, 0x25, 0x6f, 0x99, 0x09, 0x6e, 0xf7,
0x08, 0x62, 0xf7, 0xe1, 0x67, 0x03, 0xd3, 0xd3, 0xaf, 0x82, 0x80, 0x0a, 0xe6, 0x00, 0x7f, 0xd3,
0xcd, 0x73, 0x00, 0xd3, 0xaf, 0x81, 0x00, 0x00, 0x7f, 0x0a, 0xe6, 0x62, 0xf7, 0xc5, 0x67, 0x17,
0x25, 0x68, 0x97, 0x25, 0x97, 0x39, 0xff, 0xff, 0x00, 0x00, 0x6c, 0x84, 0x08, 0x60, 0x84, 0xc9,
0x67, 0x58, 0xd3, 0xd3, 0x89, 0xa2, 0x80, 0x08, 0x86, 0x03, 0x1f, 0xd3, 0xcc, 0x43, 0x00, 0xd3,
0x89, 0xa1, 0x00, 0x03, 0x1f, 0x08, 0x86, 0x6c, 0x63, 0x08, 0x60, 0x78, 0x19, 0x61, 0x03, 0x40,
0x6f, 0x03, 0xfa, 0x6b, 0x23, 0x2b, 0x63, 0x18, 0x28, 0x62, 0xe8, 0xcc, 0x60, 0x84, 0xd5, 0x0a,
0xf8, 0x67, 0x65, 0x1b, 0xd3, 0xee, 0x47, 0x40, 0x63, 0x24, 0xba, 0x3e, 0x1b, 0xc4, 0x3e, 0x19,
0xcc, 0x63, 0x00, 0xc5, 0x03, 0x3f, 0x6f, 0x18, 0xf9, 0x42, 0x19, 0x60, 0x41, 0x18, 0x68, 0x60,
0x84, 0xba, 0x3e, 0x04, 0x24, 0x41, 0x04, 0xe0, 0xd0, 0x01, 0x8d, 0x7b, 0x38, 0x63, 0x80, 0x46,
0x27, 0xbf, 0x03, 0x00, 0x00, 0x7f, 0x63, 0x25, 0xc4, 0x67, 0x06, 0x27, 0x04, 0x98, 0xd3, 0xf0,
0x68, 0x40, 0xd3, 0xcb, 0x9f, 0x00, 0x63, 0x58, 0x32, 0x3e, 0x1a, 0xd4, 0x03, 0x5f, 0x45, 0x1a,
0x88, 0x63, 0x1b, 0xca, 0x3e, 0x18, 0xc4, 0x63, 0x00, 0xc5, 0x6f, 0x18, 0xf9, 0x0d, 0x0f, 0xd3,
0xef, 0x8c, 0x80, 0xd3, 0xb3, 0xb7, 0x7f, 0x63, 0x57, 0xc2, 0x3e, 0x1a, 0xd4, 0x03, 0x5f, 0x42,
0x1a, 0x47, 0x63, 0x45, 0xcc, 0x64, 0x86, 0xc7, 0x63, 0x1b, 0xd2, 0x3e, 0x18, 0xc4, 0x63, 0x00,
0xc5, 0x00, 0x7f, 0x6f, 0x18, 0xf9, 0x0e, 0x67, 0xd3, 0x87, 0xb8, 0x0f, 0x63, 0x85, 0x1c, 0x67,
0x26, 0xc7, 0x00, 0xff, 0x07, 0x19, 0x04, 0x7c, 0xd3, 0xf2, 0x62, 0x80, 0xd3, 0xcb, 0xcb, 0x77,
0x63, 0xf9, 0x32, 0x3e, 0x1f, 0xfc, 0x03, 0xff, 0xd0, 0x81, 0xf8, 0x77, 0xd3, 0xef, 0x92, 0x80,
0xd3, 0xb9, 0xb9, 0xb7, 0x63, 0xf7, 0xca, 0x3e, 0x1f, 0xfc, 0x03, 0xff, 0xd0, 0x81, 0xfb, 0x37,
0x00, 0xff, 0x60, 0x65, 0xe4, 0x67, 0x06, 0xcf, 0x0e, 0x0d, 0x32, 0xfa, 0x1b, 0x62, 0xe5, 0xbe,
0x00, 0xa0, 0x46, 0xb1, 0x3f, 0x30, 0xf9, 0x1b, 0x60, 0xe3, 0x3e, 0x00, 0x60, 0x46, 0xfe, 0xdf,
0xd8, 0xc0, 0x40, 0x3f, 0x60, 0xc6, 0xed, 0x3c, 0x86, 0x1c, 0x47, 0x29, 0xa0, 0x3c, 0x86, 0xf8,
0x47, 0x24, 0x60, 0xdb, 0xbd, 0x78, 0x20, 0x60, 0xa3, 0xee, 0x3e, 0x05, 0x2c, 0x63, 0xa7, 0xee,
0x60, 0x83, 0x37, 0x60, 0xa0, 0x2d, 0x60, 0x84, 0xe9, 0x6c, 0xa5, 0xf9, 0x60, 0xa4, 0x29, 0x60,
0xe7, 0x37, 0x34, 0xc5, 0xf0, 0x40, 0x26, 0xf0, 0x00, 0x82, 0x00, 0xc0, 0x62, 0xe5, 0x24, 0x64,
0xe7, 0x37, 0x04, 0xb7, 0x94, 0xc7, 0x00, 0x00, 0x01, 0x00, 0x40, 0x06, 0x0e, 0x07, 0x1e, 0x00,
0xc8, 0x00, 0xe0, 0x00, 0x60, 0x46, 0x66, 0x3f, 0x07, 0x1e, 0x00, 0xc0, 0x00, 0xe0, 0x00, 0x60,
0x46, 0xda, 0x3f, 0x60, 0xe7, 0x19, 0x41, 0x07, 0x1c, 0x07, 0x1e, 0x00, 0xc0, 0x00, 0x60, 0x46,
0x32, 0x3f, 0xd8, 0xa0, 0x47, 0xdf, 0x60, 0xa5, 0xed, 0x60, 0xa7, 0x2f, 0x00, 0x80, 0x3c, 0x06,
0x04, 0x47, 0x25, 0x00, 0xd8, 0x9d, 0x7c, 0x20, 0x60, 0x87, 0x26, 0x60, 0xe4, 0x19, 0x3e, 0x07,
0x3c, 0x60, 0xe0, 0x3d, 0x6c, 0xe7, 0xf9, 0x60, 0xa7, 0x29, 0x00, 0xe0, 0x0d, 0xa7, 0x00, 0xc8,
0x00, 0xe0, 0x00, 0xa2, 0x07, 0x1e, 0x60, 0x66, 0x2c, 0x64, 0xe7, 0x3f, 0x00, 0xc0, 0x6c, 0x63,
0xc1, 0x94, 0xe7, 0xff, 0xff, 0xf0, 0x00, 0x46, 0x20, 0x3f, 0x6c, 0x67, 0xb8, 0x6c, 0xa5, 0xc1,
0x6c, 0xe7, 0xc1, 0x60, 0x63, 0x29, 0x94, 0xe7, 0xff, 0xff, 0xf0, 0x00, 0x07, 0x1e, 0x00, 0xc0,
0x46, 0xd7, 0xdf, 0x98, 0xe7, 0x00, 0x00, 0x10, 0x00, 0x94, 0xe7, 0xff, 0xff, 0xf0, 0x00, 0x07,
0x1e, 0xd8, 0xc0, 0xff, 0xe0, 0x46, 0x14, 0x3f, 0x6c, 0xe4, 0x29, 0x6e, 0xe6, 0x29, 0x94, 0xe7,
0xff, 0xe0, 0x00, 0x00, 0x97, 0x04, 0xff, 0xff, 0xf0, 0x00, 0x97, 0x26, 0xff, 0xff, 0xf0, 0x00,
0x07, 0x43, 0x6c, 0x84, 0xf9, 0x96, 0xf7, 0xff, 0xe0, 0x00, 0x00, 0x6c, 0xc6, 0xf9, 0x9d, 0xc7,
0xff, 0xe0, 0x00, 0x00, 0x47, 0x38, 0x20, 0x9d, 0xd7, 0xff, 0xe0, 0x00, 0x00, 0x47, 0x39, 0x20,
0x00, 0x68, 0xd2, 0x8f, 0x7e, 0x00, 0x47, 0xd2, 0x48, 0x63, 0x38, 0xca, 0x3e, 0x19, 0xcc, 0x41,
0x19, 0x42, 0x60, 0xba, 0x2a, 0x3e, 0x05, 0x2c, 0x41, 0x05, 0x9c, 0x00, 0x60, 0xd2, 0x88, 0x69,
0x7f, 0x00, 0x68, 0x41, 0x07, 0xc7, 0x60, 0x78, 0xd1, 0x3e, 0x03, 0x1c, 0x60, 0x60, 0x1d, 0x6c,
0x63, 0xf9, 0x47, 0xd2, 0x48, 0x63, 0x78, 0x19, 0x00, 0x68, 0x41, 0x1b, 0x33, 0x9d, 0xd7, 0xff,
0xe0, 0x00, 0x00, 0x47, 0x2b, 0xdf, 0x63, 0x79, 0x29, 0x00, 0x68, 0x40, 0x1b, 0xad, 0x47, 0xd2,
0x48, 0x00, 0x68, 0x47, 0xd2, 0x48, 0x6c, 0xe4, 0x29, 0x6e, 0xe6, 0x29, 0x94, 0xe7, 0xff, 0xe0,
0x00, 0x00, 0x97, 0x04, 0xff, 0xff, 0xf0, 0x00, 0x97, 0x26, 0xff, 0xff, 0xf0, 0x00, 0x6c, 0x84,
0xf9, 0x96, 0xf7, 0xff, 0xe0, 0x00, 0x00, 0x6c, 0xc6, 0xf9, 0x9d, 0xc7, 0xff, 0xe0, 0x00, 0x00,
0x47, 0x33, 0xc0, 0x9d, 0xd7, 0xff, 0xe0, 0x00, 0x00, 0x47, 0x37, 0xc0, 0x03, 0x40, 0x41, 0x07,
0x70, 0x63, 0x58, 0x19, 0x3e, 0x1a, 0xd4, 0x03, 0x5f, 0x6f, 0x5a, 0xf9, 0x41, 0x17, 0x90, 0x63,
0x79, 0x29, 0x40, 0x1b, 0xf4, 0x40, 0x1a, 0xd0, 0x00, 0x6f, 0x41, 0x06, 0xb0, 0x47, 0xd2, 0x48,
0xd2, 0x88, 0x6c, 0xc0, 0x41, 0x04, 0x54, 0x00, 0x68, 0x47, 0xd2, 0x48, 0x63, 0x58, 0x19, 0x40,
0x1a, 0x23, 0x00, 0x67, 0x47, 0xd2, 0x48, 0x63, 0x59, 0x29, 0x40, 0x1a, 0x43, 0x00, 0x67, 0x0e,
0xbf, 0x00, 0x60, 0x41, 0x1a, 0x5b, 0x41, 0x1a, 0x4b, 0x00, 0x68, 0x40, 0x04, 0x4b, 0x00, 0x6f,
0x47, 0xd2, 0x48, 0xd3, 0x4f, 0x78, 0xbf, 0xd3, 0x6e, 0x7a, 0x40, 0xd3, 0xf1, 0x99, 0x3f, 0x60,
0xf8, 0xca, 0x3e, 0x07, 0x3c, 0x00, 0xff, 0x6c, 0xe7, 0xf9, 0x40, 0x07, 0xe0, 0xd3, 0xc6, 0x5e,
0xdf, 0xd3, 0xf3, 0x8d, 0x00, 0x40, 0x07, 0x70, 0xd3, 0x86, 0x5d, 0x00, 0x41, 0x04, 0xd5, 0x00,
0x6f, 0x0f, 0xcf, 0x00, 0x60, 0x47, 0xd2, 0x48, 0x6c, 0xe4, 0x29, 0x6e, 0xe6, 0x29, 0x94, 0xe7,
0xff, 0xe0, 0x00, 0x00, 0x97, 0x04, 0xff, 0xff, 0xf0, 0x00, 0x97, 0x46, 0xff, 0xff, 0xf0, 0x00,
0x07, 0x23, 0x6c, 0x84, 0xf9, 0x96, 0xf7, 0xff, 0xe0, 0x00, 0x00, 0x6c, 0xc6, 0xf9, 0x9d, 0xc7,
0xff, 0xe0, 0x00, 0x00, 0x47, 0x36, 0x20, 0x9d, 0xd7, 0xff, 0xe0, 0x00, 0x00, 0x47, 0x31, 0x20,
0x03, 0x60, 0x41, 0x07, 0x70, 0x63, 0x78, 0xc9, 0x3e, 0x1b, 0xdc, 0x03, 0x7f, 0x6f, 0x7b, 0xf9,
0x40, 0x17, 0x48, 0x41, 0x1b, 0x4e, 0xd2, 0x88, 0x65, 0xc0, 0x41, 0x04, 0xd8, 0x00, 0x68, 0x47,
0xd2, 0x48, 0x63, 0x9a, 0x29, 0x41, 0x1c, 0x77, 0x00, 0x60, 0x41, 0x1b, 0xaf, 0x41, 0x1b, 0x1a,
0x00, 0x68, 0x40, 0x04, 0xb7, 0x00, 0x6f, 0x47, 0xd2, 0x48, 0x63, 0x78, 0x19, 0x00, 0x64, 0x40,
0x1b, 0x1d, 0x47, 0xd2, 0x48, 0x63, 0x7a, 0x29, 0x00, 0x64, 0x40, 0x1b, 0x6d, 0x47, 0xd2, 0x48,
0xd3, 0x4f, 0x75, 0x3f, 0xd3, 0x6e, 0x7a, 0x40, 0xd3, 0xf1, 0xa4, 0x3f, 0x60, 0xf8, 0xd2, 0x3e,
0x07, 0x3c, 0x00, 0xff, 0x6c, 0xe7, 0xf9, 0x40, 0x07, 0xe0, 0xd3, 0xf2, 0x50, 0xdf, 0xd3, 0xf5,
0x8d, 0x00, 0x40, 0x07, 0x70, 0xd3, 0xb2, 0x5d, 0x00, 0x41, 0x04, 0x25, 0x00, 0x6f, 0x0e, 0x77,
0x00, 0x60, 0x47, 0xd2, 0x48, 0x00, 0x6f, 0x41, 0x06, 0x69, 0x47, 0xd2, 0x48, 0x00, 0x00, 0x00,
0x6f, 0x04, 0x29, 0x97, 0x18, 0xff, 0xe0, 0x00, 0x00, 0x94, 0xe4, 0xff, 0xff, 0xf0, 0x00, 0x6c,
0x84, 0xf9, 0xcd, 0x41, 0x3f, 0xff, 0xcd, 0x61, 0x1f, 0xff, 0xd0, 0x41, 0x85, 0x30, 0x62, 0xe7,
0x19, 0xd0, 0x01, 0x77, 0xe8, 0x3e, 0x07, 0xc5, 0x41, 0x07, 0x90, 0x3e, 0x03, 0xc5, 0x33, 0x18,
0x04, 0x3c, 0x98, 0xe4, 0x47, 0x22, 0x2c, 0x3b, 0x20, 0x14, 0x32, 0xf8, 0x1f, 0x63, 0x39, 0xc5,
0x63, 0x23, 0xcf, 0x60, 0xe7, 0xbe, 0x60, 0xf9, 0x39, 0x60, 0x63, 0xbe, 0x6f, 0x26, 0x29, 0xda,
0xe0, 0xb0, 0x3f, 0x97, 0x39, 0xff, 0xe0, 0x00, 0x00, 0x63, 0x17, 0xc5, 0x03, 0x60, 0x96, 0xe6,
0xff, 0xff, 0xf0, 0x00, 0x03, 0xc0, 0x6c, 0xc6, 0xf9, 0xd0, 0x01, 0x92, 0xd0, 0x9d, 0x99, 0xff,
0xe0, 0x00, 0x00, 0x47, 0x29, 0x08, 0x9a, 0xf7, 0x00, 0x00, 0x08, 0x00, 0x6f, 0x45, 0xb9, 0x6e,
0xf7, 0xc0, 0x6c, 0xa5, 0xc0, 0xdb, 0x39, 0x80, 0x3f, 0x62, 0xf7, 0xd1, 0x03, 0x40, 0x63, 0x7a,
0xd9, 0x6f, 0x7b, 0x40, 0x93, 0x7b, 0x29, 0x0f, 0x00, 0x00, 0x63, 0xa6, 0x22, 0x2f, 0x7b, 0x40,
0x47, 0xd2, 0xd8, 0x00, 0xcb, 0xf1, 0x00, 0x00, 0xc5, 0xf1, 0x00, 0x00, 0xc5, 0xf1, 0x00, 0x00,
0x16, 0xf3, 0x00, 0x00, 0x99, 0xf1, 0x00, 0x00, 0x99, 0xf1, 0x00, 0x00, 0x46, 0xf3, 0x00, 0x00,
0x16, 0xf3, 0x00, 0x00, 0x99, 0xf1, 0x00, 0x00, 0x46, 0xf3, 0x00, 0x00, 0x99, 0xf1, 0x00, 0x00,
0x16, 0xf3, 0x00, 0x00, 0xb1, 0xf1, 0x00, 0x00, 0xb1, 0xf1, 0x00, 0x00, 0xb1, 0xf1, 0x00, 0x00,
0x1e, 0xf3, 0x00, 0x00, 0x9d, 0x98, 0xff, 0xe0, 0x00, 0x00, 0x47, 0x2d, 0x60, 0x98, 0xe7, 0x00,
0x00, 0x08, 0x00, 0x6e, 0xe3, 0xb9, 0x6c, 0xe7, 0xc0, 0x60, 0xe7, 0xb9, 0x6c, 0x63, 0xc0, 0xdb,
0x18, 0x80, 0x3f, 0x03, 0x60, 0x03, 0xc0, 0x6f, 0x26, 0x29, 0x97, 0x39, 0xff, 0xe0, 0x00, 0x00,
0x96, 0xe6, 0xff, 0xff, 0xf0, 0x00, 0x6c, 0xc6, 0xf9, 0xd0, 0x41, 0x92, 0xaf, 0x63, 0x57, 0x29,
0x40, 0x1a, 0xee, 0x3e, 0x17, 0xcd, 0x41, 0x17, 0x90, 0x3e, 0x05, 0xcd, 0x33, 0x39, 0x04, 0x3c,
0x99, 0xe4, 0x47, 0x28, 0xa4, 0x3b, 0xa0, 0x14, 0x33, 0x59, 0x1f, 0x63, 0xbd, 0xcd, 0x63, 0xa5,
0xef, 0x62, 0xf7, 0xd6, 0x62, 0xfd, 0xb9, 0x60, 0xa5, 0xd6, 0xdb, 0x40, 0xb0, 0x3f, 0x63, 0x3a,
0xcd, 0x03, 0x40, 0x0f, 0x73, 0x62, 0xe7, 0x19, 0x3c, 0x37, 0x00, 0x3b, 0x20, 0x10, 0x3b, 0x60,
0x30, 0x67, 0x7b, 0xca, 0x3c, 0x37, 0x00, 0x64, 0xe7, 0x02, 0x3c, 0x37, 0x00, 0x03, 0xcc, 0x64,
0x63, 0x02, 0x3c, 0x37, 0x00, 0x02, 0xe4, 0x67, 0xde, 0xba, 0x0e, 0xc7, 0x63, 0xb7, 0x29, 0x3c,
0x3d, 0x00, 0x66, 0xf7, 0x02, 0x3c, 0x3d, 0x00, 0x03, 0x44, 0x64, 0xa5, 0x02, 0x3c, 0x3d, 0x00,
0x03, 0xac, 0x67, 0x5d, 0xd2, 0x0e, 0x7d, 0x02, 0xe0, 0x00, 0xa0, 0x03, 0x48, 0x0e, 0x3d, 0x03,
0x62, 0x00, 0xe0, 0x00, 0x60, 0x03, 0xc8, 0x0c, 0x1b, 0x07, 0x5e, 0x40, 0x5a, 0xb8, 0xd0, 0x31,
0xa1, 0x54, 0xd0, 0x61, 0xa6, 0x08, 0x34, 0x9d, 0x80, 0x00, 0xc0, 0x00, 0xe0, 0x00, 0x60, 0x0d,
0x4a, 0x07, 0xa4, 0x07, 0x5e, 0x41, 0x5a, 0x97, 0x34, 0x9d, 0x80, 0xd8, 0xc0, 0xff, 0xe0, 0x00,
0xe0, 0x00, 0x60, 0x0d, 0xb2, 0x04, 0xf7, 0x04, 0x65, 0x0d, 0x2f, 0x67, 0xe3, 0xbb, 0x6c, 0x83,
0xfa, 0x6f, 0xc5, 0xfa, 0x6d, 0x57, 0xfa, 0x60, 0xc5, 0x20, 0x63, 0x5e, 0x18, 0x61, 0x0a, 0x18,
0x60, 0x97, 0x20, 0x08, 0xdf, 0x6f, 0x67, 0xfa, 0x09, 0x04, 0x08, 0xda, 0x68, 0x83, 0x2b, 0x67,
0x85, 0x3b, 0x67, 0x57, 0x3b, 0x69, 0x63, 0xbb, 0x08, 0xc4, 0x09, 0x0b, 0x63, 0xde, 0x38, 0x61,
0x65, 0xd8, 0x60, 0x86, 0xe4, 0x3d, 0xff, 0x30, 0x0b, 0x48, 0x0b, 0xcb, 0x00, 0xc8, 0x64, 0xc6,
0x02, 0x61, 0x66, 0xd4, 0x3d, 0xfc, 0x20, 0x6b, 0x87, 0x2b, 0x0b, 0xdc, 0x63, 0x8b, 0xf4, 0x03,
0xe8, 0x67, 0xff, 0x02, 0x3d, 0xe6, 0x58, 0x61, 0x4a, 0x38, 0x60, 0xdc, 0xfc, 0x61, 0x77, 0xd8,
0x03, 0x68, 0x67, 0x7b, 0x02, 0x3d, 0xe8, 0xd0, 0x64, 0x63, 0x2b, 0x03, 0x48, 0x09, 0x4b, 0x65,
0x1a, 0x02, 0x3d, 0xff, 0x30, 0x6a, 0xe7, 0xbb, 0x67, 0xfa, 0x02, 0x60, 0xea, 0xbc, 0x3d, 0xfe,
0xe0, 0x6c, 0xa4, 0x90, 0x63, 0x7b, 0x41, 0x67, 0x5a, 0x02, 0x3e, 0x1b, 0xd8, 0x63, 0x5f, 0xd1,
0x08, 0xfb, 0x60, 0x65, 0x19, 0x3e, 0x1a, 0xd0, 0x3e, 0x03, 0x1c, 0x08, 0xfa, 0x6e, 0xe6, 0xe9,
0x6c, 0xe7, 0x90, 0x60, 0x60, 0x1d, 0x60, 0xe7, 0xb9, 0x6c, 0x63, 0xf9, 0x6c, 0x84, 0xe9, 0x60,
0x63, 0x21, 0x6c, 0xc6, 0x90, 0x96, 0xe7, 0x00, 0x00, 0x00, 0x80, 0x63, 0x98, 0xcc, 0x60, 0x63,
0x31, 0x40, 0x17, 0xe8, 0x34, 0xa3, 0x80, 0x6c, 0x63, 0x81, 0x6c, 0xc7, 0xf8, 0x60, 0x65, 0x19,
0x03, 0x98, 0x60, 0x63, 0x31, 0x6c, 0xe7, 0x81, 0xd8, 0xdc, 0xff, 0xc0, 0xd1, 0x00, 0x64, 0xb0,
0x34, 0xa3, 0xf0, 0x40, 0x25, 0xf0, 0x00, 0x82, 0x00, 0xa0, 0x62, 0xe3, 0x24, 0x64, 0xe7, 0x2f,
0x04, 0x77, 0x94, 0xa7, 0x00, 0x00, 0x00, 0x80, 0x40, 0x05, 0xb0, 0x94, 0xe7, 0xff, 0xff, 0xff,
0x7f, 0xd8, 0xdc, 0x00, 0x20, 0x9f, 0x06, 0x7f, 0xe0, 0x00, 0x00, 0x47, 0x3b, 0xb7, 0x6c, 0xa7,
0xb8, 0x6c, 0x63, 0xc1, 0x6c, 0xe7, 0xc1, 0x60, 0x65, 0x19, 0x94, 0xe7, 0xff, 0xff, 0xf0, 0x00,
0x94, 0xc6, 0xff, 0xe0, 0x00, 0x00, 0x34, 0x9d, 0x80, 0x6c, 0xc6, 0x28, 0x94, 0xe7, 0xff, 0xff,
0xf0, 0x00, 0x6c, 0x84, 0xf8, 0x60, 0xe7, 0x31, 0x60, 0x87, 0x21, 0xcd, 0x61, 0x5f, 0xff, 0xcd,
0x41, 0x7f, 0xff, 0x47, 0xd2, 0x48, 0x04, 0xf7, 0x04, 0x65, 0x07, 0xa6, 0x0f, 0xf9, 0x97, 0x07,
0x00, 0x00, 0x10, 0x00, 0x40, 0x18, 0x4c, 0x97, 0x17, 0x00, 0x00, 0x10, 0x00, 0x41, 0x18, 0x94,
0x98, 0xf7, 0x00, 0x00, 0x10, 0x00, 0x94, 0xe7, 0xff, 0xff, 0xf0, 0x00, 0x04, 0x86, 0x04, 0x65,
0xd8, 0xc0, 0xff, 0xe0, 0x0e, 0xb7, 0x00, 0x80, 0x98, 0xe0, 0xff, 0xff, 0xf0, 0x00, 0x00, 0x6f,
0xd8, 0xc0, 0xff, 0xe0, 0x0e, 0x97, 0x98, 0xe7, 0x00, 0x00, 0x10, 0x00, 0x94, 0xe7, 0xff, 0xff,
0xf0, 0x00, 0xd8, 0xc0, 0xff, 0xe0, 0x0f, 0x27, 0x30, 0xf8, 0x1b, 0x60, 0xe3, 0x3e, 0x00, 0x60,
0x46, 0x33, 0x3f, 0x32, 0xf9, 0x1b, 0x62, 0xe5, 0xbe, 0x00, 0xa0, 0x46, 0xfd, 0xbf, 0xd8, 0xc0,
0x40, 0x3f, 0x60, 0xc6, 0xe5, 0x3c, 0x86, 0x1c, 0x47, 0x27, 0x20, 0x3c, 0x86, 0xf8, 0x47, 0x2e,
0xa0, 0xdb, 0x9c, 0x78, 0x20, 0x60, 0xa3, 0xe6, 0x3e, 0x05, 0x2c, 0x63, 0x87, 0xe6, 0x60, 0x83,
0x37, 0x60, 0xa0, 0x2d, 0x60, 0x84, 0xe1, 0x6c, 0xa5, 0xf9, 0x60, 0xa4, 0x29, 0x60, 0xe7, 0x37,
0x34, 0xc5, 0xf0, 0x40, 0x26, 0xf0, 0x00, 0x82, 0x00, 0xc0, 0x62, 0xe5, 0x24, 0x64, 0xe7, 0x37,
0x04, 0xb7, 0x94, 0xc7, 0x00, 0x00, 0x01, 0x00, 0x40, 0x06, 0xa6, 0x34, 0x9d, 0x80, 0x00, 0xc8,
0x00, 0xe0, 0x00, 0x60, 0x0e, 0x93, 0x60, 0xe7, 0x19, 0x41, 0x07, 0x1c, 0x34, 0x9d, 0x80, 0x00,
0xc0, 0x00, 0x60, 0x0d, 0xa3, 0xd8, 0xa0, 0x47, 0xdf, 0x60, 0xa5, 0xe5, 0x60, 0xa7, 0x2f, 0x00,
0x80, 0x3c, 0x06, 0x04, 0x47, 0x25, 0x00, 0xd8, 0x9c, 0x7c, 0x20, 0x60, 0x87, 0x26, 0x60, 0xe4,
0x19, 0x3e, 0x07, 0x3c, 0x60, 0xe0, 0x3d, 0x6c, 0xe7, 0xf9, 0x60, 0xa7, 0x29, 0x00, 0xe0, 0x0e,
0x17, 0x00, 0xc8, 0x00, 0xe0, 0x00, 0xa2, 0x34, 0x9d, 0x80, 0x60, 0x66, 0x2c, 0x64, 0xe7, 0x3f,
0x00, 0xc0, 0x6c, 0x63, 0xc1, 0x94, 0xe7, 0xff, 0xff, 0xf0, 0x00, 0x0d, 0xcd, 0x6c, 0x67, 0xb8,
0x6c, 0xa5, 0xc1, 0x6c, 0xe7, 0xc1, 0x60, 0x63, 0x29, 0x94, 0xe7, 0xff, 0xff, 0xf0, 0x00, 0x34,
0x9d, 0x80, 0x00, 0xc0, 0x0e, 0xb5, 0x98, 0xe7, 0x00, 0x00, 0x10, 0x00, 0x94, 0xe7, 0xff, 0xff,
0xf0, 0x00, 0x34, 0x9d, 0x80, 0x0f, 0x5d, 0x00, 0x97, 0x84, 0xff, 0xff, 0xf0, 0x00, 0x97, 0x26,
0xff, 0xff, 0xf0, 0x00, 0x6e, 0xe6, 0x29, 0x6f, 0x04, 0x29, 0x6c, 0xe3, 0xb9, 0x6f, 0x9c, 0xc0,
0x96, 0xf7, 0xff, 0xe0, 0x00, 0x00, 0x6f, 0x39, 0xc0, 0x6f, 0xa5, 0xb9, 0x97, 0x18, 0xff, 0xe0,
0x00, 0x00, 0x6c, 0x84, 0xf9, 0x63, 0x9c, 0x39, 0x6c, 0x63, 0xc0, 0x6c, 0xc6, 0xf9, 0x63, 0x59,
0xe9, 0x6f, 0x65, 0xc0, 0x9d, 0xd7, 0xff, 0xe0, 0x00, 0x00, 0x47, 0x3b, 0x58, 0x00, 0xe8, 0x60,
0xc6, 0x3a, 0x3e, 0x06, 0x30, 0xd2, 0x88, 0x65, 0xc8, 0x63, 0x38, 0xbd, 0xd1, 0x01, 0x98, 0x04,
0x41, 0x17, 0xbe, 0x60, 0xfa, 0xd9, 0xd0, 0x40, 0x75, 0x98, 0x33, 0x38, 0x80, 0x04, 0xfc, 0x04,
0xa3, 0x06, 0xf8, 0x37, 0x05, 0xf0, 0x34, 0x84, 0x80, 0x40, 0x38, 0xf0, 0x03, 0x02, 0x00, 0xc0,
0x63, 0x45, 0xc4, 0x64, 0xe7, 0x37, 0x04, 0xba, 0x94, 0xc7, 0x00, 0x00, 0x01, 0x00, 0x40, 0x06,
0x68, 0x9d, 0x99, 0xff, 0xe0, 0x00, 0x00, 0x47, 0x2c, 0xf8, 0x06, 0xf9, 0x94, 0xe7, 0xff, 0xff,
0xfe, 0xff, 0x03, 0x38, 0x6c, 0xc7, 0xb8, 0x6c, 0xa5, 0xc1, 0x97, 0x39, 0xff, 0xe0, 0x00, 0x00,
0x60, 0xa6, 0x29, 0x6c, 0xe7, 0xc1, 0xd1, 0x21, 0x9a, 0x98, 0x94, 0xe7, 0xff, 0xff, 0xf0, 0x00,
0x96, 0xf7, 0xff, 0xe0, 0x00, 0x00, 0x6e, 0xf7, 0x28, 0x94, 0xe7, 0xff, 0xff, 0xf0, 0x00, 0x60,
0xe7, 0xb9, 0x6c, 0x84, 0xf8, 0x60, 0x87, 0x21, 0x04, 0x65, 0x47, 0xd2, 0x48, 0x9d, 0x98, 0xff,
0xe0, 0x00, 0x00, 0x47, 0x23, 0x28, 0x9b, 0x5a, 0x00, 0x00, 0x01, 0x00, 0x3c, 0x99, 0x1c, 0x47,
0x22, 0x38, 0x3c, 0x99, 0xf8, 0x47, 0x21, 0x24, 0x38, 0xe0, 0x04, 0x60, 0xe7, 0xcd, 0x60, 0xdb,
0x3e, 0x3e, 0x06, 0x34, 0x63, 0x7b, 0xcf, 0x60, 0xfa, 0x3e, 0x60, 0xc0, 0x35, 0x60, 0xe7, 0xd9,
0x6c, 0xc6, 0xf9, 0x60, 0xe7, 0x31, 0x63, 0x3a, 0xcf, 0x60, 0xa3, 0x3d, 0x68, 0xfc, 0xc8, 0x06,
0xf8, 0x94, 0xc7, 0x00, 0x00, 0x01, 0x00, 0xd0, 0x00, 0x6f, 0x88, 0x94, 0xe7, 0xff, 0xff, 0xfe,
0x00, 0x3e, 0x07, 0xc5, 0x41, 0x07, 0x90, 0x3e, 0x05, 0xc5, 0x33, 0x18, 0x04, 0x30, 0xd8, 0x1f,
0x3c, 0x86, 0xf8, 0x47, 0x26, 0x68, 0x3b, 0x20, 0x14, 0x63, 0x19, 0xc5, 0x63, 0x05, 0xc7, 0x60,
0xe7, 0x36, 0x60, 0xf8, 0x39, 0x60, 0xa5, 0x36, 0xd3, 0x6e, 0x6a, 0x70, 0x62, 0xe6, 0xbd, 0x33,
0x17, 0x80, 0x3c, 0x98, 0xf8, 0x47, 0x29, 0x58, 0x38, 0xc0, 0xf8, 0x62, 0xe6, 0xbd, 0x60, 0xc5,
0xbe, 0x3e, 0x06, 0x34, 0x62, 0xe7, 0xbe, 0x60, 0xa5, 0xc7, 0x60, 0xc0, 0x35, 0x60, 0xa5, 0xb9,
0x6c, 0xc6, 0xf9, 0x60, 0xa5, 0x31, 0x60, 0xe7, 0xc7, 0x03, 0x28, 0x02, 0xe0, 0x0d, 0x9d, 0x60,
0xd8, 0xbd, 0xd1, 0x00, 0x69, 0xc8, 0x40, 0x17, 0x5e, 0x9d, 0x98, 0xff, 0xe0, 0x00, 0x00, 0x47,
0x20, 0x90, 0x9b, 0x5a, 0x00, 0x00, 0x01, 0x00, 0x3c, 0x86, 0x1c, 0x47, 0x38, 0x44, 0x63, 0x5a,
0xd9, 0x3c, 0x3a, 0x00, 0x00, 0xe8, 0x64, 0xe7, 0x02, 0x00, 0xc0, 0x60, 0xa3, 0x3c, 0x64, 0xfc,
0x37, 0x06, 0xf8, 0x94, 0xc7, 0x00, 0x00, 0x01, 0x00, 0x40, 0x06, 0xbe, 0x30, 0xd7, 0x80, 0x9d,
0x86, 0xff, 0xe0, 0x00, 0x00, 0x47, 0x2c, 0x74, 0x37, 0x05, 0x80, 0x94, 0xe7, 0xff, 0xff, 0xfe,
0xff, 0x6c, 0xa5, 0x81, 0x60, 0xb8, 0x29, 0x6f, 0x07, 0xf8, 0x33, 0x37, 0x40, 0x60, 0xa5, 0xc1,
0x6c, 0xe7, 0x81, 0x06, 0xe6, 0x0d, 0xf9, 0x60, 0xfa, 0xd9, 0xd0, 0x40, 0x7d, 0xa7, 0x0f, 0xc9,
0x03, 0x3f, 0xd0, 0x41, 0x98, 0x08, 0x60, 0xa3, 0xdd, 0x68, 0xfc, 0xd0, 0x06, 0xf8, 0x0f, 0x23,
0x60, 0xfa, 0xd9, 0xd0, 0x00, 0x7e, 0xa7, 0x00, 0xdf, 0x41, 0x06, 0xb0, 0x60, 0xa3, 0xdc, 0x64,
0xfc, 0xd7, 0x06, 0xf8, 0x0f, 0xe7, 0x9d, 0x98, 0xff, 0xe0, 0x00, 0x00, 0x47, 0x33, 0xef, 0x04,
0xfc, 0x04, 0xa3, 0xdb, 0x20, 0x00, 0x10, 0xda, 0xe0, 0xff, 0xe0, 0x0c, 0x71, 0x62, 0xf7, 0x35,
0x94, 0xe7, 0xff, 0xff, 0xfe, 0xff, 0x33, 0x37, 0x80, 0x0d, 0x51, 0x60, 0xc5, 0x39, 0xd0, 0x00,
0x60, 0xc2, 0x40, 0x17, 0x0e, 0x98, 0xe7, 0x00, 0x00, 0x10, 0x00, 0x0f, 0xe9, 0xd0, 0x41, 0x9d,
0x08, 0x30, 0xf8, 0x80, 0x94, 0xe7, 0xff, 0xe0, 0x00, 0x00, 0xd1, 0x20, 0x77, 0x38, 0x60, 0xa3,
0xdd, 0x68, 0xfc, 0xd0, 0x96, 0xe7, 0x00, 0x00, 0x01, 0x00, 0xd0, 0x01, 0x73, 0xc8, 0x60, 0xbb,
0x1d, 0x68, 0xfa, 0xe0, 0x06, 0xf8, 0x04, 0x86, 0x0e, 0x55, 0xda, 0xe0, 0xff, 0xe0, 0x6e, 0xf7,
0x28, 0x00, 0xe0, 0x94, 0xe7, 0xff, 0xff, 0xf0, 0x00, 0x60, 0xe7, 0xb9, 0x6c, 0x84, 0xf8, 0x00,
0xa0, 0x60, 0x87, 0x21, 0x04, 0x65, 0x47, 0xd2, 0x48, 0x30, 0xf8, 0x1b, 0x60, 0xe5, 0x3e, 0x00,
0xa0, 0x0f, 0x95, 0x63, 0x5a, 0xd9, 0x3c, 0x3a, 0x00, 0x00, 0xe8, 0x03, 0x20, 0x64, 0xe7, 0x02,
0x0e, 0x69, 0x94, 0xe7, 0xff, 0xff, 0xf0, 0x00, 0x46, 0x7f, 0xbf, 0xd0, 0x40, 0x66, 0xd8, 0x32,
0xf8, 0x80, 0x94, 0xf7, 0xff, 0xe0, 0x00, 0x00, 0xd1, 0x20, 0x78, 0xc8, 0x60, 0xe3, 0xdc, 0x64,
0x7c, 0xd7, 0x9d, 0x97, 0xff, 0xe0, 0x00, 0x00, 0x47, 0x21, 0x84, 0x6c, 0xa7, 0x81, 0x6c, 0xc3,
0xf8, 0x34, 0xe7, 0x80, 0x60, 0xa5, 0x31, 0x60, 0xa5, 0x39, 0x33, 0x38, 0x40, 0x6c, 0xe3, 0x81,
0x46, 0xce, 0xbf, 0x9d, 0x98, 0xff, 0xe0, 0x00, 0x00, 0x47, 0x3c, 0x7b, 0x0f, 0x13, 0x33, 0x37,
0x87, 0x63, 0x27, 0xcf, 0x00, 0xc0, 0x3c, 0x18, 0x04, 0x47, 0x23, 0x00, 0x38, 0xc0, 0xfc, 0x60,
0xc6, 0xbd, 0x60, 0xc7, 0x36, 0x60, 0xa6, 0x29, 0x3e, 0x05, 0x2c, 0x60, 0xa0, 0x2d, 0x6c, 0xa5,
0xf9, 0x60, 0xa5, 0xc9, 0x00, 0xe0, 0x03, 0x28, 0x02, 0xe0, 0x46, 0x9c, 0xbf, 0x32, 0xf9, 0x07,
0x62, 0xfa, 0xbf, 0x00, 0xc0, 0x3c, 0x19, 0x04, 0x47, 0x23, 0x00, 0x38, 0xc0, 0x02, 0x60, 0xc6,
0xcd, 0x60, 0xda, 0x36, 0x60, 0xe6, 0xd9, 0x3e, 0x07, 0x3c, 0x60, 0xe0, 0x3d, 0x6c, 0xe7, 0xf9,
0x60, 0xe7, 0xb9, 0x03, 0x20, 0x46, 0x2d, 0xbf, 0x63, 0x20, 0xcd, 0xd0, 0x01, 0x8d, 0x10, 0x9d,
0x97, 0xff, 0xe0, 0x00, 0x00, 0x47, 0x2d, 0xa8, 0x9b, 0x9c, 0x00, 0x00, 0x01, 0x00, 0x3c, 0x99,
0x1c, 0x47, 0x20, 0xe8, 0x3c, 0x99, 0xf8, 0x47, 0x2a, 0x94, 0x38, 0xe0, 0x04, 0x60, 0xe7, 0xcd,
0x60, 0x83, 0x3e, 0x3e, 0x04, 0x24, 0x60, 0xbc, 0x3e, 0x60, 0x63, 0xcf, 0x60, 0xe0, 0x25, 0x60,
0xa5, 0x19, 0x6c, 0xe7, 0xf9, 0x60, 0xe5, 0x39, 0x63, 0x3c, 0xcf, 0x60, 0xbb, 0x3d, 0x68, 0xfa,
0xc8, 0x04, 0x86, 0x46, 0x76, 0xbf, 0x60, 0xc5, 0x39, 0x06, 0xf8, 0xd0, 0x40, 0x66, 0xeb, 0x00,
0x80, 0x03, 0x28, 0x00, 0xe0, 0x00, 0xa0, 0x02, 0xe0, 0x46, 0xcd, 0x3f, 0x3c, 0x86, 0xf8, 0x47,
0x2e, 0x10, 0x38, 0xe0, 0x04, 0x60, 0xe7, 0x35, 0x60, 0xbb, 0x3e, 0x3e, 0x05, 0x2c, 0x63, 0x7b,
0x37, 0x60, 0xfa, 0x3e, 0x60, 0xa0, 0x2d, 0x60, 0xe7, 0xd9, 0x6c, 0xa5, 0xf9, 0x60, 0xe7, 0x29,
0x60, 0xda, 0x37, 0x46, 0x13, 0xbf, 0x60, 0xfc, 0x19, 0xd0, 0x40, 0x71, 0x70, 0x33, 0x37, 0x80,
0x04, 0xfa, 0x04, 0xbb, 0x04, 0x86, 0x46, 0xb6, 0x3f, 0x60, 0xfc, 0x19, 0xd0, 0x41, 0x80, 0x38,
0xd0, 0x00, 0x7c, 0x64, 0x60, 0xfa, 0xd9, 0xd0, 0x00, 0x75, 0x58, 0x60, 0xa3, 0xdc, 0x64, 0xfc,
0xd7, 0x94, 0xc7, 0x00, 0x00, 0x01, 0x00, 0xd0, 0x00, 0x67, 0x98, 0x94, 0xe7, 0xff, 0xff, 0xfe,
0xff, 0x03, 0x24, 0x02, 0xe8, 0x46, 0x7c, 0x3f, 0x60, 0xfc, 0x19, 0x41, 0x18, 0x7a, 0xd0, 0x40,
0x77, 0xa8, 0x60, 0xfa, 0xd9, 0xd0, 0x00, 0x75, 0xef, 0x04, 0xfa, 0x04, 0xbb, 0x04, 0x86, 0x03,
0x28, 0x02, 0xe0, 0x46, 0x04, 0x3f, 0x32, 0xe6, 0x07, 0x62, 0xfa, 0xbf, 0x00, 0xa0, 0x3c, 0x06,
0x04, 0x47, 0x23, 0x00, 0x38, 0xa0, 0x02, 0x60, 0xc5, 0x35, 0x60, 0xba, 0x36, 0x60, 0xe5, 0xd9,
0x3e, 0x07, 0x3c, 0x60, 0xe0, 0x3d, 0x6c, 0xe7, 0xf9, 0x60, 0xe7, 0xb9, 0x00, 0xc0, 0x46, 0xbc,
0xbf, 0x60, 0xc0, 0x35, 0xd0, 0x41, 0x8e, 0x10, 0x60, 0xfc, 0x19, 0xd0, 0x40, 0x73, 0xd8, 0x33,
0x37, 0x80, 0x04, 0xfa, 0x04, 0xbb, 0x46, 0xbb, 0xdf, 0xd0, 0x40, 0x7e, 0xd0, 0x60, 0xfa, 0xd9,
0x41, 0x07, 0x0c, 0x00, 0x80, 0xdb, 0x20, 0x00, 0x10, 0x98, 0xe0, 0xff, 0xff, 0xfe, 0x00, 0x00,
0xa1, 0xda, 0xe0, 0xff, 0xe0, 0x46, 0xe3, 0xdf, 0xda, 0xe0, 0xff, 0xe0, 0xdb, 0x20, 0x00, 0x10,
0x00, 0xe0, 0x00, 0xa0, 0x46, 0x1d, 0xdf, 0x9d, 0x97, 0xff, 0xe0, 0x00, 0x00, 0x47, 0x38, 0xd7,
0x04, 0xfa, 0x04, 0xbb, 0x04, 0x86, 0xdb, 0x20, 0x00, 0x10, 0xda, 0xe0, 0xff, 0xe0, 0x46, 0xa9,
0xdf, 0x03, 0x3f, 0x41, 0x19, 0x27, 0x60, 0xbb, 0x1d, 0x68, 0xfa, 0xe0, 0x04, 0x86, 0x46, 0xcc,
0x3f, 0x63, 0x9c, 0x19, 0x3c, 0x3c, 0x00, 0x00, 0xe8, 0x03, 0x20, 0x64, 0xe7, 0x02, 0x0e, 0xd5,
0xdb, 0x20, 0x00, 0x10, 0x00, 0xe0, 0x00, 0xa0, 0x46, 0x2e, 0xdf, 0x9d, 0x97, 0xff, 0xe0, 0x00,
0x00, 0x47, 0x23, 0xf0, 0x9b, 0x9c, 0x00, 0x00, 0x01, 0x00, 0x3c, 0x86, 0x1c, 0x47, 0x2e, 0x28,
0x3c, 0x86, 0xf8, 0x47, 0x28, 0xe8, 0x38, 0xe0, 0x04, 0x60, 0xe7, 0x35, 0x63, 0x03, 0x3e, 0x3e,
0x18, 0xc4, 0x60, 0xbc, 0x3e, 0x60, 0x63, 0x37, 0x60, 0xe0, 0xc5, 0x60, 0xa5, 0x19, 0x6c, 0xe7,
0xf9, 0x60, 0xe5, 0x39, 0x60, 0xdc, 0x37, 0x60, 0xbb, 0x3c, 0x64, 0xfa, 0x37, 0x46, 0x6e, 0x3f,
0x60, 0xfa, 0xd9, 0xd0, 0x00, 0x74, 0x08, 0x6c, 0xfc, 0xc1, 0x6c, 0x63, 0xc1, 0x6f, 0x9c, 0xb8,
0x96, 0xe7, 0x00, 0x00, 0x10, 0x00, 0x60, 0xbc, 0x19, 0x40, 0x17, 0x38, 0x6e, 0xfa, 0xc1, 0x97,
0x17, 0x00, 0x00, 0x10, 0x00, 0x41, 0x18, 0x08, 0x6f, 0x7b, 0xc1, 0x6c, 0xba, 0xb8, 0x60, 0xa5,
0xd9, 0x04, 0xf7, 0x04, 0x86, 0x6c, 0xc5, 0xb9, 0x6c, 0xe7, 0xc0, 0x60, 0xe6, 0x39, 0x6c, 0xa5,
0xc0, 0xdb, 0x20, 0x00, 0x10, 0xda, 0xe0, 0xff, 0xe0, 0x46, 0x5b, 0x5f, 0x60, 0xfa, 0xd9, 0x40,
0x07, 0x44, 0x60, 0xa3, 0xdd, 0x68, 0xfc, 0xd0, 0x96, 0xe7, 0x00, 0x00, 0x01, 0x00, 0xd0, 0x01,
0x7b, 0xb0, 0x60, 0xbb, 0x1d, 0x68, 0xfa, 0xe0, 0x04, 0x86, 0x03, 0x28, 0x02, 0xe0, 0x46, 0xad,
0x5f, 0x04, 0xfc, 0x04, 0xa3, 0x03, 0x28, 0x02, 0xe0, 0x46, 0x55, 0x5f, 0x40, 0x07, 0x82, 0x60,
0xfa, 0xd9, 0xd0, 0x00, 0x7b, 0xa3, 0x6c, 0xfc, 0xc1, 0x6c, 0x63, 0xc1, 0x6c, 0xbc, 0xb8, 0x94,
0xc7, 0x00, 0x00, 0x10, 0x00, 0x60, 0xa5, 0x19, 0x40, 0x06, 0xb9, 0x6c, 0xda, 0xc1, 0x96, 0xe6,
0x00, 0x00, 0x10, 0x00, 0x41, 0x17, 0x89, 0x6f, 0x7b, 0xc1, 0x6c, 0xba, 0xb8, 0x04, 0xe6, 0x60,
0xa5, 0xd9, 0x0f, 0x07, 0x9d, 0x97, 0xff, 0xe0, 0x00, 0x00, 0x47, 0x30, 0x8f, 0x04, 0xfa, 0x04,
0xbb, 0xdb, 0x20, 0x00, 0x10, 0xda, 0xe0, 0xff, 0xe0, 0x46, 0x5a, 0x5f, 0x30, 0xf9, 0x07, 0x60,
0xfc, 0x3f, 0x00, 0xa0, 0x3c, 0x19, 0x04, 0x47, 0x23, 0x00, 0x38, 0xa0, 0x02, 0x60, 0xa5, 0xcd,
0x60, 0xbc, 0x2e, 0x60, 0xa5, 0x19, 0x3e, 0x05, 0x2c, 0x60, 0xa0, 0x2d, 0x6c, 0xa5, 0xf9, 0x60,
0xe5, 0x39, 0x03, 0x20, 0x46, 0xe6, 0xbf, 0x00, 0xdf, 0x41, 0x06, 0xdd, 0x60, 0xbb, 0x1c, 0x64,
0xfa, 0xe7, 0x46, 0x8e, 0xdf, 0xdb, 0x20, 0x00, 0x10, 0xda, 0xe0, 0xff, 0xe0, 0x04, 0xfc, 0x04,
0xa3, 0x46, 0x48, 0x5f, 0x63, 0x9c, 0x19, 0x3c, 0x3c, 0x00, 0x00, 0xe8, 0x00, 0xc0, 0x64, 0xe7,
0x02, 0x0d, 0xad, 0x04, 0xfa, 0x04, 0xbb, 0x03, 0x28, 0x02, 0xe0, 0x46, 0x1f, 0x9f, 0x96, 0xf7,
0xff, 0xe0, 0x00, 0x00, 0x00, 0xe0, 0x00, 0xa0, 0x46, 0x7c, 0x5f, 0x60, 0xc5, 0x39, 0xd0, 0x00,
0x68, 0xcb, 0x0f, 0x33, 0x30, 0xe6, 0x07, 0x60, 0xfc, 0x3f, 0x00, 0xa0, 0x3c, 0x06, 0x04, 0x47,
0x23, 0x00, 0x38, 0xa0, 0x02, 0x60, 0xc5, 0x35, 0x60, 0xbc, 0x36, 0x60, 0xc5, 0x19, 0x3e, 0x06,
0x34, 0x60, 0xc0, 0x35, 0x6c, 0xc6, 0xf9, 0x60, 0xe6, 0x39, 0x00, 0xc0, 0x0f, 0x45, 0x6c, 0xe4,
0x29, 0x94, 0xe7, 0xff, 0xe0, 0x00, 0x00, 0x94, 0xc4, 0xff, 0xff, 0xf0, 0x00, 0x04, 0xa3, 0x6c,
0x84, 0xf9, 0x00, 0x60, 0x9f, 0x07, 0x7f, 0xc0, 0x00, 0x00, 0x47, 0x21, 0xc0, 0x90, 0x64, 0xff,
0xff, 0xff, 0xfe, 0x9f, 0x07, 0xb8, 0x20, 0x00, 0x00, 0x47, 0x39, 0x40, 0xda, 0xe0, 0xcc, 0x20,
0x62, 0xf7, 0x3d, 0x98, 0xc6, 0x00, 0x00, 0x08, 0x00, 0x3c, 0x97, 0xf8, 0x47, 0x39, 0x80, 0xd8,
0x60, 0xc8, 0x20, 0x60, 0xe3, 0x3d, 0x60, 0xe6, 0x3f, 0x60, 0x60, 0x3d, 0x3c, 0x24, 0x00, 0x64,
0x63, 0x3a, 0x47, 0xd2, 0x48, 0xd8, 0xe7, 0xb7, 0xdf, 0x60, 0xa5, 0xbf, 0x60, 0xc6, 0x3e, 0x60,
0xe5, 0x31, 0x0f, 0x9f, 0x40, 0x03, 0x3e, 0x6c, 0xa3, 0xf9, 0x60, 0xe0, 0x1d, 0x3c, 0x25, 0x00,
0x64, 0x67, 0x1a, 0x3e, 0x03, 0x35, 0xd8, 0x80, 0x78, 0x20, 0x60, 0x84, 0x35, 0x3c, 0x86, 0x50,
0x47, 0x37, 0x40, 0x30, 0xe6, 0xaf, 0x60, 0xe3, 0x3e, 0x94, 0xc4, 0xff, 0xe0, 0x00, 0x00, 0x94,
0xe7, 0xff, 0xff, 0xf0, 0x00, 0x6c, 0xc6, 0x28, 0x94, 0xe7, 0xff, 0xff, 0xf0, 0x00, 0x60, 0xe7,
0x31, 0x6c, 0xa5, 0xf8, 0x60, 0xa7, 0x29, 0x00, 0x60, 0x04, 0x85, 0x47, 0xd2, 0x48, 0x38, 0xe0,
0xd0, 0x60, 0xe7, 0x35, 0x60, 0xe3, 0x3f, 0x30, 0xc6, 0xa8, 0x60, 0x63, 0x36, 0x94, 0xe7, 0xff,
0xff, 0xf0, 0x00, 0x94, 0xc4, 0xff, 0xe0, 0x00, 0x00, 0x6c, 0xc6, 0x28, 0x94, 0xe7, 0xff, 0xff,
0xf0, 0x00, 0x60, 0xe7, 0x31, 0x6c, 0xa5, 0xf8, 0x60, 0xa7, 0x29, 0x04, 0x85, 0x47, 0xd2, 0x48,
0x00, 0xc0, 0x00, 0xe0, 0x6c, 0xc6, 0x28, 0x94, 0xe7, 0xff, 0xff, 0xf0, 0x00, 0x60, 0xe7, 0x31,
0x00, 0xa0, 0x6c, 0xa5, 0xf8, 0x60, 0xa7, 0x29, 0x00, 0x60, 0x04, 0x85, 0x47, 0xd2, 0x48, 0x40,
0x03, 0x26, 0x3e, 0x03, 0x35, 0xd8, 0xa0, 0x78, 0x20, 0x60, 0xa5, 0x35, 0x3c, 0x86, 0x50, 0x47,
0x31, 0x40, 0x30, 0xe6, 0xaf, 0x60, 0xe3, 0x3e, 0x94, 0xe7, 0xff, 0xff, 0xf0, 0x00, 0x94, 0xa5,
0xff, 0xe0, 0x00, 0x00, 0x94, 0xe7, 0xff, 0xff, 0xf0, 0x00, 0x6c, 0xa5, 0x28, 0x60, 0xa7, 0x29,
0x00, 0x60, 0x04, 0x85, 0x47, 0xd2, 0x48, 0x38, 0xe0, 0xd0, 0x60, 0xe7, 0x35, 0x60, 0xe3, 0x3f,
0x94, 0xe7, 0xff, 0xff, 0xf0, 0x00, 0x94, 0xa5, 0xff, 0xe0, 0x00, 0x00, 0x94, 0xe7, 0xff, 0xff,
0xf0, 0x00, 0x6c, 0xa5, 0x28, 0x30, 0xc6, 0xa8, 0x60, 0xa7, 0x29, 0x60, 0x63, 0x36, 0x04, 0x85,
0x47, 0xd2, 0x48, 0x00, 0xa0, 0x00, 0xe0, 0x6c, 0xa5, 0x28, 0x94, 0xe7, 0xff, 0xff, 0xf0, 0x00,
0x60, 0xa7, 0x29, 0x00, 0x60, 0x04, 0x85, 0x47, 0xd2, 0x48, 0x00, 0x00, 0x00, 0x00, 0x00, 0x00,
0x64, 0x69, 0x73, 0x6b, 0x5f, 0x72, 0x65, 0x61, 0x64, 0x5f, 0x66, 0x61, 0x69, 0x6c, 0x3a, 0x25,
0x70, 0x0d, 0x0a, 0x00, 0x66, 0x61, 0x74, 0x5f, 0x66, 0x69, 0x6c, 0x65, 0x5f, 0x73, 0x79, 0x73,
0x74, 0x65, 0x6d, 0x5f, 0x69, 0x6e, 0x69, 0x74, 0x5f, 0x6f, 0x6b, 0x0d, 0x0a, 0x00, 0x46, 0x61,
0x74, 0x20, 0x49, 0x6e, 0x69, 0x74, 0x20, 0x45, 0x72, 0x72, 0x3a, 0x25, 0x64, 0x21, 0x21, 0x21,
0x0d, 0x0a, 0x00, 0x66, 0x6e, 0x61, 0x6d, 0x65, 0x3a, 0x25, 0x73, 0x0d, 0x0a, 0x00, 0x20, 0x20,
0x20, 0x20, 0x20, 0x66, 0x6c, 0x5f, 0x63, 0x75, 0x72, 0x6e, 0x6f, 0x64, 0x65, 0x3a, 0x25, 0x70,
0x0d, 0x0a, 0x00, 0x0d, 0x0a, 0x46, 0x4c, 0x41, 0x53, 0x48, 0x20, 0x6d, 0x49, 0x44, 0x3a, 0x20,
0x30, 0x78, 0x25, 0x78, 0x0d, 0x0a, 0x00, 0x0d, 0x0a, 0x46, 0x4c, 0x41, 0x53, 0x48, 0x20, 0x53,
0x52, 0x3a, 0x20, 0x30, 0x78, 0x25, 0x30, 0x38, 0x78, 0x0d, 0x0a, 0x00, 0x65, 0x72, 0x61, 0x73,
0x65, 0x5f, 0x73, 0x65, 0x63, 0x74, 0x6f, 0x72, 0x0d, 0x0a, 0x00, 0x72, 0x65, 0x67, 0x5f, 0x46,
0x4c, 0x41, 0x53, 0x48, 0x5f, 0x43, 0x4f, 0x4e, 0x46, 0x3a, 0x25, 0x78, 0x0d, 0x0a, 0x00, 0x70,
0x72, 0x74, 0x3a, 0x25, 0x70, 0x2c, 0x66, 0x6c, 0x61, 0x73, 0x68, 0x3a, 0x25, 0x78, 0x2c, 0x66,
0x69, 0x6c, 0x65, 0x3a, 0x25, 0x78, 0x0d, 0x0a, 0x00, 0x2a, 0x2a, 0x2a, 0x2a, 0x2a, 0x2a, 0x2a,
0x2a, 0x2a, 0x2a, 0x2a, 0x2a, 0x2a, 0x2a, 0x2a, 0x2a, 0x2a, 0x2a, 0x0d, 0x0a, 0x00, 0x66, 0x5f,
0x72, 0x65, 0x61, 0x64, 0x5f, 0x66, 0x61, 0x69, 0x6c, 0x65, 0x64, 0x5f, 0x61, 0x74, 0x5f, 0x62,
0x75, 0x72, 0x6e, 0x69, 0x6e, 0x67, 0x3a, 0x25, 0x78, 0x0d, 0x0a, 0x00, 0x66, 0x5f, 0x6c, 0x73,
0x65, 0x65, 0x6b, 0x3a, 0x25, 0x70, 0x3a, 0x25, 0x70, 0x3a, 0x25, 0x70, 0x0d, 0x0a, 0x00, 0x76,
0x65, 0x72, 0x69, 0x66, 0x79, 0x5f, 0x6f, 0x6b, 0x3a, 0x25, 0x70, 0x3a, 0x25, 0x70, 0x0d, 0x0a,
0x00, 0x76, 0x65, 0x72, 0x69, 0x66, 0x79, 0x5f, 0x66, 0x61, 0x69, 0x6c, 0x65, 0x64, 0x3a, 0x25,
0x70, 0x0d, 0x0a, 0x00, 0x66, 0x5f, 0x72, 0x65, 0x61, 0x64, 0x5f, 0x66, 0x61, 0x69, 0x6c, 0x65,
0x64, 0x5f, 0x61, 0x74, 0x5f, 0x76, 0x65, 0x72, 0x69, 0x66, 0x79, 0x0d, 0x0a, 0x00, 0x42, 0x54,
0x20, 0x61, 0x64, 0x64, 0x72, 0x65, 0x73, 0x73, 0x20, 0x69, 0x6e, 0x20, 0x66, 0x6c, 0x61, 0x73,
0x68, 0x20, 0x62, 0x69, 0x6e, 0x3a, 0x62, 0x74, 0x5b, 0x25, 0x64, 0x5d, 0x3d, 0x25, 0x78, 0x0d,
0x0a, 0x00, 0x68, 0x61, 0x73, 0x20, 0x63, 0x68, 0x61, 0x6e, 0x67, 0x65, 0x64, 0x20, 0x62, 0x74,
0x20, 0x61, 0x64, 0x64, 0x72, 0x65, 0x73, 0x73, 0x0d, 0x0a, 0x00, 0x73, 0x64, 0x5f, 0x66, 0x73,
0x5f, 0x69, 0x6e, 0x69, 0x74, 0x5f, 0x6f, 0x6b, 0x0d, 0x0a, 0x00, 0x43, 0x52, 0x43, 0x5f, 0x33,
0x32, 0x36, 0x30, 0x2e, 0x42, 0x4b, 0x30, 0x4e, 0x00, 0x73, 0x64, 0x5f, 0x66, 0x73, 0x5f, 0x69,
0x6e, 0x69, 0x74, 0x5f, 0x66, 0x61, 0x69, 0x6c, 0x31, 0x0d, 0x0a, 0x00, 0x73, 0x64, 0x5f, 0x66,
0x73, 0x5f, 0x69, 0x6e, 0x69, 0x74, 0x5f, 0x66, 0x61, 0x69, 0x6c, 0x32, 0x0d, 0x0a, 0x00, 0x20,
0x20, 0x20, 0x20, 0x20, 0x41, 0x54, 0x54, 0x45, 0x4e, 0x54, 0x49, 0x4f, 0x4e, 0x3a, 0x20, 0x69,
0x6d, 0x61, 0x67, 0x65, 0x20, 0x66, 0x69, 0x6c, 0x65, 0x20, 0x73, 0x69, 0x7a, 0x65, 0x20, 0x43,
0x41, 0x4e, 0x20, 0x4e, 0x4f, 0x54, 0x20, 0x6d, 0x6f, 0x72, 0x65, 0x20, 0x74, 0x68, 0x61, 0x6e,
0x20, 0x66, 0x6c, 0x61, 0x73, 0x68, 0x20, 0x63, 0x61, 0x70, 0x61, 0x63, 0x69, 0x74, 0x79, 0x21,
0x21, 0x21, 0x0d, 0x0a, 0x00, 0x20, 0x20, 0x20, 0x20, 0x20, 0x69, 0x6d, 0x61, 0x67, 0x65, 0x5f,
0x66, 0x69, 0x6c, 0x65, 0x5f, 0x73, 0x69, 0x7a, 0x65, 0x3a, 0x25, 0x70, 0x20, 0x62, 0x6c, 0x6f,
0x63, 0x6b, 0x28, 0x36, 0x34, 0x6b, 0x29, 0x20, 0x63, 0x6f, 0x75, 0x6e, 0x74, 0x3a, 0x25, 0x70,
0x0d, 0x0a, 0x00, 0x0d, 0x0a, 0x00, 0x62, 0x6f, 0x6f, 0x74, 0x5f, 0x76, 0x65, 0x72, 0x73, 0x69,
0x6f, 0x6e, 0x3a, 0x25, 0x73, 0x0d, 0x0a, 0x00, 0x32, 0x30, 0x31, 0x36, 0x2d, 0x30, 0x38, 0x2d,
0x30, 0x35, 0x2d, 0x33, 0x38, 0x36, 0x00, 0x62, 0x6c, 0x5f, 0x64, 0x6f, 0x77, 0x6e, 0x6c, 0x6f,
0x61, 0x64, 0x3a, 0x25, 0x64, 0x0d, 0x0a, 0x00, 0x62, 0x6c, 0x5f, 0x64, 0x6f, 0x77, 0x6e, 0x6c,
0x6f, 0x61, 0x64, 0x5f, 0x76, 0x65, 0x72, 0x69, 0x66, 0x79, 0x3a, 0x25, 0x64, 0x0d, 0x0a, 0x00,
0x64, 0x6f, 0x77, 0x6e, 0x6c, 0x6f, 0x61, 0x64, 0x5f, 0x76, 0x65, 0x72, 0x69, 0x66, 0x79, 0x5f,
0x66, 0x61, 0x69, 0x6c, 0x65, 0x64, 0x0d, 0x0a, 0x00, 0x76, 0x65, 0x72, 0x69, 0x66, 0x79, 0x5f,
0x62, 0x79, 0x70, 0x61, 0x73, 0x73, 0x0d, 0x0a, 0x00, 0x61, 0x6c, 0x6c, 0x5f, 0x76, 0x65, 0x72,
0x69, 0x66, 0x79, 0x5f, 0x73, 0x75, 0x63, 0x63, 0x65, 0x73, 0x73, 0x66, 0x75, 0x6c, 0x6c, 0x79,
0x0d, 0x0a, 0x00, 0x4f, 0x4b, 0x00, 0x46, 0x00, 0x4f, 0x00, 0x59, 0x00, 0x4e, 0x00, 0x64, 0x61,
0x63, 0x20, 0x6f, 0x66, 0x66, 0x73, 0x65, 0x74, 0x20, 0x6f, 0x6b, 0x31, 0x2e, 0x2e, 0x2e, 0x0d,
0x0a, 0x00, 0x42, 0x6f, 0x6f, 0x74, 0x6c, 0x6f, 0x61, 0x64, 0x65, 0x72, 0x5f, 0x45, 0x6e, 0x64,
0x0d, 0x0a, 0x00, 0x64, 0x61, 0x63, 0x20, 0x6f, 0x66, 0x66, 0x73, 0x65, 0x74, 0x20, 0x6f, 0x6b,
0x32, 0x2e, 0x2e, 0x2e, 0x0d, 0x0a, 0x00, 0x6e, 0x6f, 0x74, 0x20, 0x75, 0x70, 0x61, 0x64, 0x74,
0x65, 0x0d, 0x0a, 0x00, 0xd7, 0x51, 0x00, 0x00, 0xdc, 0x51, 0x00, 0x00, 0xe1, 0x51, 0x00, 0x00,
0xe6, 0x51, 0x00, 0x00, 0xeb, 0x51, 0x00, 0x00, 0xf0, 0x51, 0x00, 0x00, 0xf5, 0x51, 0x00, 0x00,
0x72, 0x65, 0x61, 0x64, 0x5f, 0x56, 0x3a, 0x25, 0x64, 0x2c, 0x25, 0x78, 0x0d, 0x0a, 0x00, 0x56,
0x5f, 0x45, 0x72, 0x72, 0x6f, 0x72, 0x2a, 0x2a, 0x2a, 0x2a, 0x2a, 0x2a, 0x2a, 0x2a, 0x2a, 0x2a,
0x2a, 0x2a, 0x2a, 0x2a, 0x2a, 0x2a, 0x3a, 0x25, 0x64, 0x0d, 0x0a, 0x00, 0x2d, 0x2d, 0x2d, 0x61,
0x64, 0x63, 0x20, 0x61, 0x64, 0x6a, 0x75, 0x73, 0x74, 0x20, 0x73, 0x74, 0x61, 0x72, 0x74, 0x2d,
0x2d, 0x2d, 0x2d, 0x0d, 0x0a, 0x00, 0x2d, 0x2d, 0x20, 0x61, 0x64, 0x63, 0x20, 0x76, 0x61, 0x6c,
0x3a, 0x25, 0x64, 0x20, 0x2d, 0x2d, 0x0d, 0x0a, 0x00, 0x61, 0x64, 0x63, 0x20, 0x76, 0x61, 0x6c,
0x3a, 0x25, 0x64, 0x2c, 0x25, 0x78, 0x0d, 0x0a, 0x00, 0x41, 0x44, 0x43, 0x20, 0x20, 0x45, 0x72,
0x72, 0x6f, 0x72, 0x2a, 0x2a, 0x2a, 0x2a, 0x2a, 0x2a, 0x2a, 0x2a, 0x2a, 0x2a, 0x2a, 0x2a, 0x2a,
0x2a, 0x2a, 0x2a, 0x2a, 0x2a, 0x2a, 0x2a, 0x2a, 0x2a, 0x2a, 0x2a, 0x2a, 0x2a, 0x2a, 0x2a, 0x2a,
0x2a, 0x2a, 0x2a, 0x2e, 0x2e, 0x2e, 0x2e, 0x2e, 0x2e, 0x0d, 0x0a, 0x00, 0x66, 0x6c, 0x61, 0x73,
0x68, 0x5f, 0x65, 0x72, 0x61, 0x73, 0x65, 0x5f, 0x73, 0x65, 0x63, 0x74, 0x6f, 0x72, 0x20, 0x66,
0x61, 0x69, 0x6c, 0x65, 0x64, 0x21, 0x0d, 0x0a, 0x00, 0x64, 0x61, 0x63, 0x20, 0x63, 0x61, 0x6c,
0x20, 0x72, 0x65, 0x73, 0x75, 0x6c, 0x74, 0x3a, 0x20, 0x30, 0x78, 0x25, 0x78, 0x2c, 0x20, 0x25,
0x64, 0x2c, 0x20, 0x25, 0x64, 0x0d, 0x0a, 0x00, 0x67, 0x5f, 0x64, 0x61, 0x63, 0x5f, 0x64, 0x63,
0x5f, 0x6f, 0x66, 0x66, 0x73, 0x65, 0x74, 0x5f, 0x4c, 0x20, 0x3d, 0x20, 0x25, 0x64, 0x2c, 0x20,
0x67, 0x5f, 0x64, 0x61, 0x63, 0x5f, 0x64, 0x63, 0x5f, 0x6f, 0x66, 0x66, 0x73, 0x65, 0x74, 0x5f,
0x52, 0x20, 0x3d, 0x20, 0x25, 0x64, 0x0d, 0x0a, 0x00, 0x00, 0x00, 0x00, 0x8c, 0x69, 0x00, 0x00,
0xb2, 0x69, 0x00, 0x00, 0xd8, 0x69, 0x00, 0x00, 0xfe, 0x69, 0x00, 0x00, 0x24, 0x6a, 0x00, 0x00,
0x4a, 0x6a, 0x00, 0x00, 0x69, 0x6e, 0x73, 0x74, 0x72, 0x75, 0x63, 0x74, 0x69, 0x6f, 0x6e, 0x5f,
0x62, 0x75, 0x73, 0x5f, 0x65, 0x72, 0x72, 0x6f, 0x72, 0x0d, 0x0a, 0x00, 0x61, 0x6c, 0x69, 0x67,
0x6d, 0x65, 0x6e, 0x74, 0x5f, 0x65, 0x78, 0x63, 0x65, 0x70, 0x74, 0x69, 0x6f, 0x6e, 0x3a, 0x25,
0x70, 0x0d, 0x0a, 0x00, 0x69, 0x6c, 0x6c, 0x65, 0x67, 0x61, 0x6c, 0x5f, 0x69, 0x6e, 0x73, 0x6e,
0x5f, 0x65, 0x78, 0x63, 0x65, 0x70, 0x74, 0x69, 0x6f, 0x6e, 0x3a, 0x25, 0x70, 0x0d, 0x0a, 0x00,
0x74, 0x72, 0x61, 0x70, 0x5f, 0x65, 0x78, 0x63, 0x65, 0x74, 0x69, 0x6f, 0x6e, 0x3a, 0x25, 0x70,
0x0d, 0x0a, 0x00, 0x74, 0x69, 0x6d, 0x65, 0x72, 0x5f, 0x65, 0x78, 0x63, 0x65, 0x70, 0x74, 0x69,
0x6f, 0x6e, 0x0d, 0x0a, 0x00, 0x65, 0x78, 0x74, 0x65, 0x72, 0x6e, 0x61, 0x6c, 0x5f, 0x69, 0x6e,
0x74, 0x65, 0x72, 0x72, 0x75, 0x70, 0x74, 0x5f, 0x65, 0x78, 0x63, 0x65, 0x70, 0x74, 0x69, 0x6f,
0x6e, 0x0d, 0x0a, 0x00, 0x73, 0x79, 0x73, 0x63, 0x61, 0x6c, 0x6c, 0x5f, 0x65, 0x78, 0x63, 0x65,
0x70, 0x74, 0x69, 0x6f, 0x6e, 0x0d, 0x0a, 0x00, 0x66, 0x6c, 0x6f, 0x61, 0x74, 0x69, 0x6e, 0x67,
0x5f, 0x70, 0x6f, 0x69, 0x6e, 0x74, 0x5f, 0x65, 0x78, 0x63, 0x65, 0x70, 0x74, 0x69, 0x6f, 0x6e,
0x0d, 0x0a, 0x00, 0x69, 0x6e, 0x73, 0x74, 0x72, 0x75, 0x63, 0x74, 0x69, 0x6f, 0x6e, 0x5f, 0x70,
0x61, 0x67, 0x65, 0x5f, 0x66, 0x61, 0x75, 0x6c, 0x74, 0x0d, 0x0a, 0x00, 0x64, 0x61, 0x74, 0x61,
0x5f, 0x70, 0x61, 0x67, 0x65, 0x5f, 0x66, 0x61, 0x75, 0x6c, 0x74, 0x0d, 0x0a, 0x00, 0x69, 0x6e,
0x73, 0x74, 0x72, 0x75, 0x63, 0x74, 0x69, 0x6f, 0x6e, 0x5f, 0x74, 0x6c, 0x62, 0x5f, 0x6d, 0x69,
0x73, 0x73, 0x5f, 0x76, 0x65, 0x63, 0x74, 0x6f, 0x72, 0x0d, 0x0a, 0x00, 0x64, 0x61, 0x74, 0x61,
0x5f, 0x74, 0x6c, 0x62, 0x5f, 0x6d, 0x69, 0x73, 0x73, 0x5f, 0x76, 0x65, 0x63, 0x74, 0x6f, 0x72,
0x0d, 0x0a, 0x00, 0x00, 0x70, 0x6f, 0x69, 0x6e, 0x74, 0x65, 0x72, 0x20, 0x69, 0x73, 0x20, 0x6e,
0x75, 0x6c, 0x6c, 0x0d, 0x0a, 0x00, 0x00, 0x00, 0x2f, 0x7f, 0x00, 0x00, 0x65, 0x7f, 0x00, 0x00,
0x9e, 0x7f, 0x00, 0x00, 0xd6, 0x7f, 0x00, 0x00, 0x11, 0x80, 0x00, 0x00, 0x4c, 0x80, 0x00, 0x00,
0x88, 0x80, 0x00, 0x00, 0x99, 0x80, 0x00, 0x00, 0xaa, 0x80, 0x00, 0x00, 0xe7, 0x80, 0x00, 0x00,
0x24, 0x81, 0x00, 0x00, 0x2a, 0x2a, 0x2a, 0x2a, 0x70, 0x6f, 0x77, 0x65, 0x72, 0x20, 0x6f, 0x66,
0x66, 0x3a, 0x25, 0x78, 0x2c, 0x25, 0x78, 0x2c, 0x25, 0x78, 0x2a, 0x2a, 0x2a, 0x2a, 0x0d, 0x0a,
0x00, 0x6c, 0x65, 0x64, 0x5f, 0x70, 0x69, 0x6e, 0x3a, 0x25, 0x78, 0x2c, 0x6c, 0x65, 0x64, 0x5f,
0x72, 0x65, 0x76, 0x65, 0x72, 0x73, 0x65, 0x5f, 0x66, 0x6c, 0x61, 0x67, 0x3d, 0x25, 0x78, 0x2c,
0x70, 0x6f, 0x77, 0x65, 0x72, 0x5f, 0x70, 0x69, 0x6e, 0x3d, 0x25, 0x78, 0x2c, 0x70, 0x6f, 0x77,
0x65, 0x72, 0x5f, 0x66, 0x6c, 0x61, 0x67, 0x3d, 0x25, 0x78, 0x2c, 0x6d, 0x6f, 0x73, 0x5f, 0x73,
0x6f, 0x66, 0x74, 0x5f, 0x66, 0x6c, 0x61, 0x67, 0x3d, 0x25, 0x78, 0x0d, 0x0a, 0x00, 0x00, 0x00,
0x08, 0x00, 0x40, 0x00, 0x20, 0x20, 0x20, 0x20, 0x20, 0x20, 0x20, 0x20, 0x20, 0x20, 0x20, 0x20,
0x20, 0x20, 0x20, 0x20, 0x30, 0x30, 0x30, 0x30, 0x30, 0x30, 0x30, 0x30, 0x30, 0x30, 0x30, 0x30,
0x30, 0x30, 0x30, 0x30, 0x00, 0x00, 0x00, 0x00, 0xbc, 0x89, 0xd8, 0x97, 0xb2, 0xd2, 0x9c, 0x3c,
0x33, 0xa7, 0xa8, 0xd5, 0x23, 0xf6, 0x49, 0x39, 0x3d, 0xa7, 0xf4, 0x44, 0xfd, 0x0f, 0xa5, 0x32,
0x9d, 0x97, 0x8c, 0xcf, 0x08, 0xba, 0x5b, 0x25, 0x43, 0x6f, 0xac, 0x64, 0x28, 0x06, 0xc8, 0x0a,
0x00, 0x80, 0xe0, 0x37, 0x79, 0xc3, 0x41, 0x43, 0x17, 0x6e, 0x05, 0xb5, 0xb5, 0xb8, 0x93, 0x46,
0xf5, 0xf9, 0x3f, 0xe9, 0x03, 0x4f, 0x38, 0x4d, 0x32, 0x1d, 0x30, 0xf9, 0x48, 0x77, 0x82, 0x5a,
0x3c, 0xbf, 0x73, 0x7f, 0xdd, 0x4f, 0x15, 0x75, 0x00, 0x00, 0x00, 0x00, 0x00, 0x00, 0xf0, 0x3f,
0x00, 0x00, 0x00, 0x00, 0x00, 0x00, 0x24, 0x40, 0x00, 0x00, 0x00, 0x00, 0x00, 0x00, 0x59, 0x40,
0x00, 0x00, 0x00, 0x00, 0x00, 0x40, 0x8f, 0x40, 0x00, 0x00, 0x00, 0x00, 0x00, 0x88, 0xc3, 0x40,
0x00, 0x00, 0x00, 0x00, 0x00, 0x6a, 0xf8, 0x40, 0x00, 0x00, 0x00, 0x00, 0x80, 0x84, 0x2e, 0x41,
0x00, 0x00, 0x00, 0x00, 0xd0, 0x12, 0x63, 0x41, 0x00, 0x00, 0x00, 0x00, 0x84, 0xd7, 0x97, 0x41,
0x00, 0x00, 0x00, 0x00, 0x65, 0xcd, 0xcd, 0x41, 0x00, 0x00, 0x00, 0x20, 0x5f, 0xa0, 0x02, 0x42,
0x00, 0x00, 0x00, 0xe8, 0x76, 0x48, 0x37, 0x42, 0x00, 0x00, 0x00, 0xa2, 0x94, 0x1a, 0x6d, 0x42,
0x00, 0x00, 0x40, 0xe5, 0x9c, 0x30, 0xa2, 0x42, 0x00, 0x00, 0x90, 0x1e, 0xc4, 0xbc, 0xd6, 0x42,
0x00, 0x00, 0x34, 0x26, 0xf5, 0x6b, 0x0c, 0x43, 0x00, 0x80, 0xe0, 0x37, 0x79, 0xc3, 0x41, 0x43,
0x00, 0xa0, 0xd8, 0x85, 0x57, 0x34, 0x76, 0x43, 0x00, 0xc8, 0x4e, 0x67, 0x6d, 0xc1, 0xab, 0x43,
0x00, 0x3d, 0x91, 0x60, 0xe4, 0x58, 0xe1, 0x43, 0x40, 0x8c, 0xb5, 0x78, 0x1d, 0xaf, 0x15, 0x44,
0x50, 0xef, 0xe2, 0xd6, 0xe4, 0x1a, 0x4b, 0x44, 0x92, 0xd5, 0x4d, 0x06, 0xcf, 0xf0, 0x80, 0x44,
0xf6, 0x4a, 0xe1, 0xc7, 0x02, 0x2d, 0xb5, 0x44, 0xb4, 0x9d, 0xd9, 0x79, 0x43, 0x78, 0xea, 0x44,
0x05, 0x00, 0x00, 0x00, 0x19, 0x00, 0x00, 0x00, 0x7d, 0x00, 0x00, 0x00, 0x00, 0x00, 0x00, 0x00,
0x20, 0x20, 0x20, 0x20, 0x20, 0x20, 0x20, 0x20, 0x20, 0x20, 0x20, 0x20, 0x20, 0x20, 0x20, 0x20,
0x30, 0x30, 0x30, 0x30, 0x30, 0x30, 0x30, 0x30, 0x30, 0x30, 0x30, 0x30, 0x30, 0x30, 0x30, 0x30,
0x57, 0x41, 0x52, 0x4e, 0x49, 0x4e, 0x47, 0x3a, 0x20, 0x48, 0x65, 0x61, 0x70, 0x20, 0x6f, 0x76,
0x65, 0x72, 0x66, 0x6c, 0x6f, 0x77, 0x21, 0x0a, 0x00, 0x00, 0x00, 0x00, 0x43, 0x00, 0x49, 0x4e,
0x46, 0x00, 0x69, 0x6e, 0x66, 0x00, 0x4e, 0x41, 0x4e, 0x00, 0x6e, 0x61, 0x6e, 0x00, 0x30, 0x31,
0x32, 0x33, 0x34, 0x35, 0x36, 0x37, 0x38, 0x39, 0x41, 0x42, 0x43, 0x44, 0x45, 0x46, 0x00, 0x30,
0x31, 0x32, 0x33, 0x34, 0x35, 0x36, 0x37, 0x38, 0x39, 0x61, 0x62, 0x63, 0x64, 0x65, 0x66, 0x00,
0x28, 0x6e, 0x75, 0x6c, 0x6c, 0x29, 0x00, 0x30, 0x00, 0x49, 0x6e, 0x66, 0x69, 0x6e, 0x69, 0x74,
0x79, 0x00, 0x4e, 0x61, 0x4e, 0x00, 0x50, 0x4f, 0x53, 0x49, 0x58, 0x00, 0x2e, 0x00, 0x00, 0x00,
0x08, 0x00, 0x40, 0x00, 0x00, 0x00, 0x00, 0x00, 0x00, 0x00, 0x00, 0x00, 0xf4, 0x02, 0x40, 0x00,
0x5c, 0x03, 0x40, 0x00, 0xc4, 0x03, 0x40, 0x00, 0x00, 0x00, 0x00, 0x00, 0x00, 0x00, 0x00, 0x00,
0x00, 0x00, 0x00, 0x00, 0x00, 0x00, 0x00, 0x00, 0x00, 0x00, 0x00, 0x00, 0x00, 0x00, 0x00, 0x00,
0x00, 0x00, 0x00, 0x00, 0x00, 0x00, 0x00, 0x00, 0x00, 0x00, 0x00, 0x00, 0x4c, 0x04, 0x01, 0x00,
0x00, 0x00, 0x00, 0x00, 0x00, 0x00, 0x00, 0x00, 0x00, 0x00, 0x00, 0x00, 0x00, 0x00, 0x00, 0x00,
0x00, 0x00, 0x00, 0x00, 0x00, 0x00, 0x00, 0x00, 0x00, 0x00, 0x00, 0x00, 0x00, 0x00, 0x00, 0x00,
0x00, 0x00, 0x00, 0x00, 0x00, 0x00, 0x00, 0x00, 0x00, 0x00, 0x00, 0x00, 0x00, 0x00, 0x00, 0x00,
0x00, 0x00, 0x00, 0x00, 0x00, 0x00, 0x00, 0x00, 0x00, 0x00, 0x00, 0x00, 0x00, 0x00, 0x00, 0x00,
0x00, 0x00, 0x00, 0x00, 0x00, 0x00, 0x00, 0x00, 0x00, 0x00, 0x00, 0x00, 0x00, 0x00, 0x00, 0x00,
0x00, 0x00, 0x00, 0x00, 0x00, 0x00, 0x00, 0x00, 0x00, 0x00, 0x00, 0x00, 0x00, 0x00, 0x00, 0x00,
0x00, 0x00, 0x00, 0x00, 0x00, 0x00, 0x00, 0x00, 0x00, 0x00, 0x00, 0x00, 0x00, 0x00, 0x00, 0x00,
0x01, 0x00, 0x00, 0x00, 0x00, 0x00, 0x00, 0x00, 0x0e, 0x33, 0xcd, 0xab, 0x34, 0x12, 0x6d, 0xe6,
0xec, 0xde, 0x05, 0x00, 0x0b, 0x00, 0x00, 0x00, 0x00, 0x00, 0x00, 0x00, 0x00, 0x00, 0x00, 0x00,
0x00, 0x00, 0x00, 0x00, 0x00, 0x00, 0x00, 0x00, 0x00, 0x00, 0x00, 0x00, 0x00, 0x00, 0x00, 0x00,
0x00, 0x00, 0x00, 0x00, 0x00, 0x00, 0x00, 0x00, 0x00, 0x00, 0x00, 0x00, 0x00, 0x00, 0x00, 0x00,
0x00, 0x00, 0x00, 0x00, 0x00, 0x00, 0x00, 0x00, 0x00, 0x00, 0x00, 0x00, 0x00, 0x00, 0x00, 0x00,
0x00, 0x00, 0x00, 0x00, 0x00, 0x00, 0x00, 0x00, 0x00, 0x00, 0x00, 0x00, 0x00, 0x00, 0x00, 0x00,
0x00, 0x00, 0x00, 0x00, 0x00, 0x00, 0x00, 0x00, 0x00, 0x00, 0x00, 0x00, 0x00, 0x00, 0x00, 0x00,
0x00, 0x00, 0x00, 0x00, 0x00, 0x00, 0x00, 0x00, 0x00, 0x00, 0x00, 0x00, 0x00, 0x00, 0x00, 0x00,
0x00, 0x00, 0x00, 0x00, 0x00, 0x00, 0x00, 0x00, 0x00, 0x00, 0x00, 0x00, 0x00, 0x00, 0x00, 0x00,
0x00, 0x00, 0x00, 0x00, 0x00, 0x00, 0x00, 0x00, 0x00, 0x00, 0x00, 0x00, 0x00, 0x00, 0x00, 0x00,
0x00, 0x00, 0x00, 0x00, 0x00, 0x00, 0x00, 0x00, 0x00, 0x00, 0x00, 0x00, 0x00, 0x00, 0x00, 0x00,
0x00, 0x00, 0x00, 0x00, 0x00, 0x00, 0x00, 0x00, 0x00, 0x00, 0x00, 0x00, 0x00, 0x00, 0x00, 0x00,
0x00, 0x00, 0x00, 0x00, 0x00, 0x00, 0x00, 0x00, 0x00, 0x00, 0x00, 0x00, 0x00, 0x00, 0x00, 0x00,
0x00, 0x00, 0x00, 0x00, 0x00, 0x00, 0x00, 0x00, 0x00, 0x00, 0x00, 0x00, 0x00, 0x00, 0x00, 0x00,
0x00, 0x00, 0x00, 0x00, 0x00, 0x00, 0x00, 0x00, 0x00, 0x00, 0x00, 0x00, 0x00, 0x00, 0x00, 0x00,
0x00, 0x00, 0x00, 0x00, 0x00, 0x00, 0x00, 0x00, 0x00, 0x00, 0x00, 0x00, 0x00, 0x00, 0x00, 0x00,
0x00, 0x00, 0x00, 0x00, 0x00, 0x00, 0x00, 0x00, 0x00, 0x00, 0x00, 0x00, 0x00, 0x00, 0x00, 0x00,
0x00, 0x00, 0x00, 0x00, 0x00, 0x00, 0x00, 0x00, 0x00, 0x00, 0x00, 0x00, 0x00, 0x00, 0x00, 0x00,
0x00, 0x00, 0x00, 0x00, 0x00, 0x00, 0x00, 0x00, 0x00, 0x00, 0x00, 0x00, 0x00, 0x00, 0x00, 0x00,
0x00, 0x00, 0x00, 0x00, 0x00, 0x00, 0x00, 0x00, 0x00, 0x00, 0x00, 0x00, 0x00, 0x00, 0x00, 0x00,
0x00, 0x00, 0x00, 0x00, 0x00, 0x00, 0x00, 0x00, 0x00, 0x00, 0x00, 0x00, 0x00, 0x00, 0x00, 0x00,
0x00, 0x00, 0x00, 0x00, 0x00, 0x00, 0x00, 0x00, 0x00, 0x00, 0x00, 0x00, 0x00, 0x00, 0x00, 0x00,
0x00, 0x00, 0x00, 0x00, 0x00, 0x00, 0x00, 0x00, 0x00, 0x00, 0x00, 0x00, 0x00, 0x00, 0x00, 0x00,
0x00, 0x00, 0x00, 0x00, 0x00, 0x00, 0x00, 0x00, 0x00, 0x00, 0x00, 0x00, 0x00, 0x00, 0x00, 0x00,
0x00, 0x00, 0x00, 0x00, 0x00, 0x00, 0x00, 0x00, 0x00, 0x00, 0x00, 0x00, 0x00, 0x00, 0x00, 0x00,
0x00, 0x00, 0x00, 0x00, 0x00, 0x00, 0x00, 0x00, 0x00, 0x00, 0x00, 0x00, 0x00, 0x00, 0x00, 0x00,
0x00, 0x00, 0x00, 0x00, 0x00, 0x00, 0x00, 0x00, 0x00, 0x00, 0x00, 0x00, 0x00, 0x00, 0x00, 0x00,
0x00, 0x00, 0x00, 0x00, 0x00, 0x00, 0x00, 0x00, 0x00, 0x00, 0x00, 0x00, 0x00, 0x00, 0x00, 0x00,
0x00, 0x00, 0x00, 0x00, 0x00, 0x00, 0x00, 0x00, 0x00, 0x00, 0x00, 0x00, 0x00, 0x00, 0x00, 0x00,
0x00, 0x00, 0x00, 0x00, 0x00, 0x00, 0x00, 0x00, 0x00, 0x00, 0x00, 0x00, 0x00, 0x00, 0x00, 0x00,
0x00, 0x00, 0x00, 0x00, 0x00, 0x00, 0x00, 0x00, 0x00, 0x00, 0x00, 0x00, 0x00, 0x00, 0x00, 0x00,
0x00, 0x00, 0x00, 0x00, 0x00, 0x00, 0x00, 0x00, 0x00, 0x00, 0x00, 0x00, 0x00, 0x00, 0x00, 0x00,
0x00, 0x00, 0x00, 0x00, 0x00, 0x00, 0x00, 0x00, 0x00, 0x00, 0x00, 0x00, 0x00, 0x00, 0x00, 0x00,
0x00, 0x00, 0x00, 0x00, 0x00, 0x00, 0x00, 0x00, 0x00, 0x00, 0x00, 0x00, 0x00, 0x00, 0x00, 0x00,
0x00, 0x00, 0x00, 0x00, 0x00, 0x00, 0x00, 0x00, 0x00, 0x00, 0x00, 0x00, 0x00, 0x00, 0x00, 0x00,
0x00, 0x00, 0x00, 0x00, 0x00, 0x00, 0x00, 0x00, 0x00, 0x00, 0x00, 0x00, 0x00, 0x00, 0x00, 0x00,
0x00, 0x00, 0x00, 0x00, 0x00, 0x00, 0x00, 0x00, 0x00, 0x00, 0x00, 0x00, 0x00, 0x00, 0x00, 0x00,
0x00, 0x00, 0x00, 0x00, 0x00, 0x00, 0x00, 0x00, 0x00, 0x00, 0x00, 0x00, 0x00, 0x00, 0x00, 0x00,
0x00, 0x00, 0x00, 0x00, 0x00, 0x00, 0x00, 0x00, 0x00, 0x00, 0x00, 0x00, 0x00, 0x00, 0x00, 0x00,
0x00, 0x00, 0x00, 0x00, 0x00, 0x00, 0x00, 0x00, 0x00, 0x00, 0x00, 0x00, 0x00, 0x00, 0x00, 0x00,
0x00, 0x00, 0x00, 0x00, 0x00, 0x00, 0x00, 0x00, 0x00, 0x00, 0x00, 0x00, 0x00, 0x00, 0x00, 0x00,
0x00, 0x00, 0x00, 0x00, 0x00, 0x00, 0x00, 0x00, 0x00, 0x00, 0x00, 0x00, 0x00, 0x00, 0x00, 0x00,
0x00, 0x00, 0x00, 0x00, 0x00, 0x00, 0x00, 0x00, 0x00, 0x00, 0x00, 0x00, 0x00, 0x00, 0x00, 0x00,
0x00, 0x00, 0x00, 0x00, 0x00, 0x00, 0x00, 0x00, 0x00, 0x00, 0x00, 0x00, 0x00, 0x00, 0x00, 0x00,
0x00, 0x00, 0x00, 0x00, 0x00, 0x00, 0x00, 0x00, 0x00, 0x00, 0x00, 0x00, 0x00, 0x00, 0x00, 0x00,
0x00, 0x00, 0x00, 0x00, 0x00, 0x00, 0x00, 0x00, 0x00, 0x00, 0x00, 0x00, 0x00, 0x00, 0x00, 0x00,
0x00, 0x00, 0x00, 0x00, 0x00, 0x00, 0x00, 0x00, 0x00, 0x00, 0x00, 0x00, 0x00, 0x00, 0x00, 0x00,
0x00, 0x00, 0x00, 0x00, 0x00, 0x00, 0x00, 0x00, 0x00, 0x00, 0x00, 0x00, 0x00, 0x00, 0x00, 0x00,
0x00, 0x00, 0x00, 0x00, 0x00, 0x00, 0x00, 0x00, 0x00, 0x00, 0x00, 0x00, 0x00, 0x00, 0x00, 0x00,
0x00, 0x00, 0x00, 0x00, 0x00, 0x00, 0x00, 0x00, 0x00, 0x00, 0x00, 0x00, 0x00, 0x00, 0x00, 0x00,
0x00, 0x00, 0x00, 0x00, 0x00, 0x00, 0x00, 0x00, 0x00, 0x00, 0x00, 0x00, 0x00, 0x00, 0x00, 0x00,
0x00, 0x00, 0x00, 0x00, 0x00, 0x00, 0x00, 0x00, 0x00, 0x00, 0x00, 0x00, 0x00, 0x00, 0x00, 0x00,
0x00, 0x00, 0x00, 0x00, 0x00, 0x00, 0x00, 0x00, 0x00, 0x00, 0x00, 0x00, 0x00, 0x00, 0x00, 0x00,
0x00, 0x00, 0x00, 0x00, 0x00, 0x00, 0x00, 0x00, 0x00, 0x00, 0x00, 0x00, 0x00, 0x00, 0x00, 0x00,
0x00, 0x00, 0x00, 0x00, 0x00, 0x00, 0x00, 0x00, 0x00, 0x00, 0x00, 0x00, 0x00, 0x00, 0x00, 0x00,
0x00, 0x00, 0x00, 0x00, 0x00, 0x00, 0x00, 0x00, 0x00, 0x00, 0x00, 0x00, 0x00, 0x00, 0x00, 0x00,
0x01, 0x00, 0x00, 0x00, 0x41, 0x53, 0x43, 0x49, 0x49, 0x00, 0x00, 0x00, 0x00, 0x00, 0x00, 0x00,
0x00, 0x00, 0x00, 0x00, 0x00, 0x00, 0x00, 0x00, 0x00, 0x00, 0x00, 0x00, 0x00, 0x00, 0x00, 0x00,
0x00, 0x00, 0x00, 0x00, 0x41, 0x53, 0x43, 0x49, 0x49, 0x00, 0x00, 0x00, 0x00, 0x00, 0x00, 0x00,
0x00, 0x00, 0x00, 0x00, 0x00, 0x00, 0x00, 0x00, 0x00, 0x00, 0x00, 0x00, 0x00, 0x00, 0x00, 0x00,
0x00, 0x00, 0x00, 0x00, 0x9c, 0x04, 0x01, 0x00, 0x86, 0x04, 0x01, 0x00, 0x86, 0x04, 0x01, 0x00,
0x86, 0x04, 0x01, 0x00, 0x86, 0x04, 0x01, 0x00, 0x86, 0x04, 0x01, 0x00, 0x86, 0x04, 0x01, 0x00,
0x86, 0x04, 0x01, 0x00, 0x86, 0x04, 0x01, 0x00, 0x86, 0x04, 0x01, 0x00, 0x7f, 0x7f, 0x7f, 0x7f,
0x7f, 0x7f, 0x7f, 0x7f, 0x7f, 0x7f, 0x7f, 0x7f, 0x7f, 0x7f, 0x00, 0x00, 0xff, 0xff, 0xff, 0xff,
0x00, 0x00, 0x02, 0x00, 0x00, 0x00, 0x00, 0x00, 0x00, 0x00, 0x00, 0x00, 0xb4, 0x04, 0x40, 0x00,
0xb4, 0x04, 0x40, 0x00, 0xbc, 0x04, 0x40, 0x00, 0xbc, 0x04, 0x40, 0x00, 0xc4, 0x04, 0x40, 0x00,
0xc4, 0x04, 0x40, 0x00, 0xcc, 0x04, 0x40, 0x00, 0xcc, 0x04, 0x40, 0x00, 0xd4, 0x04, 0x40, 0x00,
0xd4, 0x04, 0x40, 0x00, 0xdc, 0x04, 0x40, 0x00, 0xdc, 0x04, 0x40, 0x00, 0xe4, 0x04, 0x40, 0x00,
0xe4, 0x04, 0x40, 0x00, 0xec, 0x04, 0x40, 0x00, 0xec, 0x04, 0x40, 0x00, 0xf4, 0x04, 0x40, 0x00,
0xf4, 0x04, 0x40, 0x00, 0xfc, 0x04, 0x40, 0x00, 0xfc, 0x04, 0x40, 0x00, 0x04, 0x05, 0x40, 0x00,
0x04, 0x05, 0x40, 0x00, 0x0c, 0x05, 0x40, 0x00, 0x0c, 0x05, 0x40, 0x00, 0x14, 0x05, 0x40, 0x00,
0x14, 0x05, 0x40, 0x00, 0x1c, 0x05, 0x40, 0x00, 0x1c, 0x05, 0x40, 0x00, 0x24, 0x05, 0x40, 0x00,
0x24, 0x05, 0x40, 0x00, 0x2c, 0x05, 0x40, 0x00, 0x2c, 0x05, 0x40, 0x00, 0x34, 0x05, 0x40, 0x00,
0x34, 0x05, 0x40, 0x00, 0x3c, 0x05, 0x40, 0x00, 0x3c, 0x05, 0x40, 0x00, 0x44, 0x05, 0x40, 0x00,
0x44, 0x05, 0x40, 0x00, 0x4c, 0x05, 0x40, 0x00, 0x4c, 0x05, 0x40, 0x00, 0x54, 0x05, 0x40, 0x00,
0x54, 0x05, 0x40, 0x00, 0x5c, 0x05, 0x40, 0x00, 0x5c, 0x05, 0x40, 0x00, 0x64, 0x05, 0x40, 0x00,
0x64, 0x05, 0x40, 0x00, 0x6c, 0x05, 0x40, 0x00, 0x6c, 0x05, 0x40, 0x00, 0x74, 0x05, 0x40, 0x00,
0x74, 0x05, 0x40, 0x00, 0x7c, 0x05, 0x40, 0x00, 0x7c, 0x05, 0x40, 0x00, 0x84, 0x05, 0x40, 0x00,
0x84, 0x05, 0x40, 0x00, 0x8c, 0x05, 0x40, 0x00, 0x8c, 0x05, 0x40, 0x00, 0x94, 0x05, 0x40, 0x00,
0x94, 0x05, 0x40, 0x00, 0x9c, 0x05, 0x40, 0x00, 0x9c, 0x05, 0x40, 0x00, 0xa4, 0x05, 0x40, 0x00,
0xa4, 0x05, 0x40, 0x00, 0xac, 0x05, 0x40, 0x00, 0xac, 0x05, 0x40, 0x00, 0xb4, 0x05, 0x40, 0x00,
0xb4, 0x05, 0x40, 0x00, 0xbc, 0x05, 0x40, 0x00, 0xbc, 0x05, 0x40, 0x00, 0xc4, 0x05, 0x40, 0x00,
0xc4, 0x05, 0x40, 0x00, 0xcc, 0x05, 0x40, 0x00, 0xcc, 0x05, 0x40, 0x00, 0xd4, 0x05, 0x40, 0x00,
0xd4, 0x05, 0x40, 0x00, 0xdc, 0x05, 0x40, 0x00, 0xdc, 0x05, 0x40, 0x00, 0xe4, 0x05, 0x40, 0x00,
0xe4, 0x05, 0x40, 0x00, 0xec, 0x05, 0x40, 0x00, 0xec, 0x05, 0x40, 0x00, 0xf4, 0x05, 0x40, 0x00,
0xf4, 0x05, 0x40, 0x00, 0xfc, 0x05, 0x40, 0x00, 0xfc, 0x05, 0x40, 0x00, 0x04, 0x06, 0x40, 0x00,
0x04, 0x06, 0x40, 0x00, 0x0c, 0x06, 0x40, 0x00, 0x0c, 0x06, 0x40, 0x00, 0x14, 0x06, 0x40, 0x00,
0x14, 0x06, 0x40, 0x00, 0x1c, 0x06, 0x40, 0x00, 0x1c, 0x06, 0x40, 0x00, 0x24, 0x06, 0x40, 0x00,
0x24, 0x06, 0x40, 0x00, 0x2c, 0x06, 0x40, 0x00, 0x2c, 0x06, 0x40, 0x00, 0x34, 0x06, 0x40, 0x00,
0x34, 0x06, 0x40, 0x00, 0x3c, 0x06, 0x40, 0x00, 0x3c, 0x06, 0x40, 0x00, 0x44, 0x06, 0x40, 0x00,
0x44, 0x06, 0x40, 0x00, 0x4c, 0x06, 0x40, 0x00, 0x4c, 0x06, 0x40, 0x00, 0x54, 0x06, 0x40, 0x00,
0x54, 0x06, 0x40, 0x00, 0x5c, 0x06, 0x40, 0x00, 0x5c, 0x06, 0x40, 0x00, 0x64, 0x06, 0x40, 0x00,
0x64, 0x06, 0x40, 0x00, 0x6c, 0x06, 0x40, 0x00, 0x6c, 0x06, 0x40, 0x00, 0x74, 0x06, 0x40, 0x00,
0x74, 0x06, 0x40, 0x00, 0x7c, 0x06, 0x40, 0x00, 0x7c, 0x06, 0x40, 0x00, 0x84, 0x06, 0x40, 0x00,
0x84, 0x06, 0x40, 0x00, 0x8c, 0x06, 0x40, 0x00, 0x8c, 0x06, 0x40, 0x00, 0x94, 0x06, 0x40, 0x00,
0x94, 0x06, 0x40, 0x00, 0x9c, 0x06, 0x40, 0x00, 0x9c, 0x06, 0x40, 0x00, 0xa4, 0x06, 0x40, 0x00,
0xa4, 0x06, 0x40, 0x00, 0xac, 0x06, 0x40, 0x00, 0xac, 0x06, 0x40, 0x00, 0xb4, 0x06, 0x40, 0x00,
0xb4, 0x06, 0x40, 0x00, 0xbc, 0x06, 0x40, 0x00, 0xbc, 0x06, 0x40, 0x00, 0xc4, 0x06, 0x40, 0x00,
0xc4, 0x06, 0x40, 0x00, 0xcc, 0x06, 0x40, 0x00, 0xcc, 0x06, 0x40, 0x00, 0xd4, 0x06, 0x40, 0x00,
0xd4, 0x06, 0x40, 0x00, 0xdc, 0x06, 0x40, 0x00, 0xdc, 0x06, 0x40, 0x00, 0xe4, 0x06, 0x40, 0x00,
0xe4, 0x06, 0x40, 0x00, 0xec, 0x06, 0x40, 0x00, 0xec, 0x06, 0x40, 0x00, 0xf4, 0x06, 0x40, 0x00,
0xf4, 0x06, 0x40, 0x00, 0xfc, 0x06, 0x40, 0x00, 0xfc, 0x06, 0x40, 0x00, 0x04, 0x07, 0x40, 0x00,
0x04, 0x07, 0x40, 0x00, 0x0c, 0x07, 0x40, 0x00, 0x0c, 0x07, 0x40, 0x00, 0x14, 0x07, 0x40, 0x00,
0x14, 0x07, 0x40, 0x00, 0x1c, 0x07, 0x40, 0x00, 0x1c, 0x07, 0x40, 0x00, 0x24, 0x07, 0x40, 0x00,
0x24, 0x07, 0x40, 0x00, 0x2c, 0x07, 0x40, 0x00, 0x2c, 0x07, 0x40, 0x00, 0x34, 0x07, 0x40, 0x00,
0x34, 0x07, 0x40, 0x00, 0x3c, 0x07, 0x40, 0x00, 0x3c, 0x07, 0x40, 0x00, 0x44, 0x07, 0x40, 0x00,
0x44, 0x07, 0x40, 0x00, 0x4c, 0x07, 0x40, 0x00, 0x4c, 0x07, 0x40, 0x00, 0x54, 0x07, 0x40, 0x00,
0x54, 0x07, 0x40, 0x00, 0x5c, 0x07, 0x40, 0x00, 0x5c, 0x07, 0x40, 0x00, 0x64, 0x07, 0x40, 0x00,
0x64, 0x07, 0x40, 0x00, 0x6c, 0x07, 0x40, 0x00, 0x6c, 0x07, 0x40, 0x00, 0x74, 0x07, 0x40, 0x00,
0x74, 0x07, 0x40, 0x00, 0x7c, 0x07, 0x40, 0x00, 0x7c, 0x07, 0x40, 0x00, 0x84, 0x07, 0x40, 0x00,
0x84, 0x07, 0x40, 0x00, 0x8c, 0x07, 0x40, 0x00, 0x8c, 0x07, 0x40, 0x00, 0x94, 0x07, 0x40, 0x00,
0x94, 0x07, 0x40, 0x00, 0x9c, 0x07, 0x40, 0x00, 0x9c, 0x07, 0x40, 0x00, 0xa4, 0x07, 0x40, 0x00,
0xa4, 0x07, 0x40, 0x00, 0xac, 0x07, 0x40, 0x00, 0xac, 0x07, 0x40, 0x00, 0xb4, 0x07, 0x40, 0x00,
0xb4, 0x07, 0x40, 0x00, 0xbc, 0x07, 0x40, 0x00, 0xbc, 0x07, 0x40, 0x00, 0xc4, 0x07, 0x40, 0x00,
0xc4, 0x07, 0x40, 0x00, 0xcc, 0x07, 0x40, 0x00, 0xcc, 0x07, 0x40, 0x00, 0xd4, 0x07, 0x40, 0x00,
0xd4, 0x07, 0x40, 0x00, 0xdc, 0x07, 0x40, 0x00, 0xdc, 0x07, 0x40, 0x00, 0xe4, 0x07, 0x40, 0x00,
0xe4, 0x07, 0x40, 0x00, 0xec, 0x07, 0x40, 0x00, 0xec, 0x07, 0x40, 0x00, 0xf4, 0x07, 0x40, 0x00,
0xf4, 0x07, 0x40, 0x00, 0xfc, 0x07, 0x40, 0x00, 0xfc, 0x07, 0x40, 0x00, 0x04, 0x08, 0x40, 0x00,
0x04, 0x08, 0x40, 0x00, 0x0c, 0x08, 0x40, 0x00, 0x0c, 0x08, 0x40, 0x00, 0x14, 0x08, 0x40, 0x00,
0x14, 0x08, 0x40, 0x00, 0x1c, 0x08, 0x40, 0x00, 0x1c, 0x08, 0x40, 0x00, 0x24, 0x08, 0x40, 0x00,
0x24, 0x08, 0x40, 0x00, 0x2c, 0x08, 0x40, 0x00, 0x2c, 0x08, 0x40, 0x00, 0x34, 0x08, 0x40, 0x00,
0x34, 0x08, 0x40, 0x00, 0x3c, 0x08, 0x40, 0x00, 0x3c, 0x08, 0x40, 0x00, 0x44, 0x08, 0x40, 0x00,
0x44, 0x08, 0x40, 0x00, 0x4c, 0x08, 0x40, 0x00, 0x4c, 0x08, 0x40, 0x00, 0x54, 0x08, 0x40, 0x00,
0x54, 0x08, 0x40, 0x00, 0x5c, 0x08, 0x40, 0x00, 0x5c, 0x08, 0x40, 0x00, 0x64, 0x08, 0x40, 0x00,
0x64, 0x08, 0x40, 0x00, 0x6c, 0x08, 0x40, 0x00, 0x6c, 0x08, 0x40, 0x00, 0x74, 0x08, 0x40, 0x00,
0x74, 0x08, 0x40, 0x00, 0x7c, 0x08, 0x40, 0x00, 0x7c, 0x08, 0x40, 0x00, 0x84, 0x08, 0x40, 0x00,
0x84, 0x08, 0x40, 0x00, 0x8c, 0x08, 0x40, 0x00, 0x8c, 0x08, 0x40, 0x00, 0x94, 0x08, 0x40, 0x00,
0x94, 0x08, 0x40, 0x00, 0x9c, 0x08, 0x40, 0x00, 0x9c, 0x08, 0x40, 0x00, 0xa4, 0x08, 0x40, 0x00,
0xa4, 0x08, 0x40, 0x00, 0xac, 0x08, 0x40, 0x00, 0xac, 0x08, 0x40, 0x00, 0xff, 0xff, 0xff, 0x00,
0x00, 0x00, 0x89, 0x11, 0x12, 0x23, 0x9b, 0x32, 0x24, 0x46, 0xad, 0x57, 0x36, 0x65, 0xbf, 0x74,
0x48, 0x8c, 0xc1, 0x9d, 0x5a, 0xaf, 0xd3, 0xbe, 0x6c, 0xca, 0xe5, 0xdb, 0x7e, 0xe9, 0xf7, 0xf8,
0x81, 0x10, 0x08, 0x01, 0x93, 0x33, 0x1a, 0x22, 0xa5, 0x56, 0x2c, 0x47, 0xb7, 0x75, 0x3e, 0x64,
0xc9, 0x9c, 0x40, 0x8d, 0xdb, 0xbf, 0x52, 0xae, 0xed, 0xda, 0x64, 0xcb, 0xff, 0xf9, 0x76, 0xe8,
0x02, 0x21, 0x8b, 0x30, 0x10, 0x02, 0x99, 0x13, 0x26, 0x67, 0xaf, 0x76, 0x34, 0x44, 0xbd, 0x55,
0x4a, 0xad, 0xc3, 0xbc, 0x58, 0x8e, 0xd1, 0x9f, 0x6e, 0xeb, 0xe7, 0xfa, 0x7c, 0xc8, 0xf5, 0xd9,
0x83, 0x31, 0x0a, 0x20, 0x91, 0x12, 0x18, 0x03, 0xa7, 0x77, 0x2e, 0x66, 0xb5, 0x54, 0x3c, 0x45,
0xcb, 0xbd, 0x42, 0xac, 0xd9, 0x9e, 0x50, 0x8f, 0xef, 0xfb, 0x66, 0xea, 0xfd, 0xd8, 0x74, 0xc9,
0x04, 0x42, 0x8d, 0x53, 0x16, 0x61, 0x9f, 0x70, 0x20, 0x04, 0xa9, 0x15, 0x32, 0x27, 0xbb, 0x36,
0x4c, 0xce, 0xc5, 0xdf, 0x5e, 0xed, 0xd7, 0xfc, 0x68, 0x88, 0xe1, 0x99, 0x7a, 0xab, 0xf3, 0xba,
0x85, 0x52, 0x0c, 0x43, 0x97, 0x71, 0x1e, 0x60, 0xa1, 0x14, 0x28, 0x05, 0xb3, 0x37, 0x3a, 0x26,
0xcd, 0xde, 0x44, 0xcf, 0xdf, 0xfd, 0x56, 0xec, 0xe9, 0x98, 0x60, 0x89, 0xfb, 0xbb, 0x72, 0xaa,
0x06, 0x63, 0x8f, 0x72, 0x14, 0x40, 0x9d, 0x51, 0x22, 0x25, 0xab, 0x34, 0x30, 0x06, 0xb9, 0x17,
0x4e, 0xef, 0xc7, 0xfe, 0x5c, 0xcc, 0xd5, 0xdd, 0x6a, 0xa9, 0xe3, 0xb8, 0x78, 0x8a, 0xf1, 0x9b,
0x87, 0x73, 0x0e, 0x62, 0x95, 0x50, 0x1c, 0x41, 0xa3, 0x35, 0x2a, 0x24, 0xb1, 0x16, 0x38, 0x07,
0xcf, 0xff, 0x46, 0xee, 0xdd, 0xdc, 0x54, 0xcd, 0xeb, 0xb9, 0x62, 0xa8, 0xf9, 0x9a, 0x70, 0x8b,
0x08, 0x84, 0x81, 0x95, 0x1a, 0xa7, 0x93, 0xb6, 0x2c, 0xc2, 0xa5, 0xd3, 0x3e, 0xe1, 0xb7, 0xf0,
0x40, 0x08, 0xc9, 0x19, 0x52, 0x2b, 0xdb, 0x3a, 0x64, 0x4e, 0xed, 0x5f, 0x76, 0x6d, 0xff, 0x7c,
0x89, 0x94, 0x00, 0x85, 0x9b, 0xb7, 0x12, 0xa6, 0xad, 0xd2, 0x24, 0xc3, 0xbf, 0xf1, 0x36, 0xe0,
0xc1, 0x18, 0x48, 0x09, 0xd3, 0x3b, 0x5a, 0x2a, 0xe5, 0x5e, 0x6c, 0x4f, 0xf7, 0x7d, 0x7e, 0x6c,
0x0a, 0xa5, 0x83, 0xb4, 0x18, 0x86, 0x91, 0x97, 0x2e, 0xe3, 0xa7, 0xf2, 0x3c, 0xc0, 0xb5, 0xd1,
0x42, 0x29, 0xcb, 0x38, 0x50, 0x0a, 0xd9, 0x1b, 0x66, 0x6f, 0xef, 0x7e, 0x74, 0x4c, 0xfd, 0x5d,
0x8b, 0xb5, 0x02, 0xa4, 0x99, 0x96, 0x10, 0x87, 0xaf, 0xf3, 0x26, 0xe2, 0xbd, 0xd0, 0x34, 0xc1,
0xc3, 0x39, 0x4a, 0x28, 0xd1, 0x1a, 0x58, 0x0b, 0xe7, 0x7f, 0x6e, 0x6e, 0xf5, 0x5c, 0x7c, 0x4d,
0x0c, 0xc6, 0x85, 0xd7, 0x1e, 0xe5, 0x97, 0xf4, 0x28, 0x80, 0xa1, 0x91, 0x3a, 0xa3, 0xb3, 0xb2,
0x44, 0x4a, 0xcd, 0x5b, 0x56, 0x69, 0xdf, 0x78, 0x60, 0x0c, 0xe9, 0x1d, 0x72, 0x2f, 0xfb, 0x3e,
0x8d, 0xd6, 0x04, 0xc7, 0x9f, 0xf5, 0x16, 0xe4, 0xa9, 0x90, 0x20, 0x81, 0xbb, 0xb3, 0x32, 0xa2,
0xc5, 0x5a, 0x4c, 0x4b, 0xd7, 0x79, 0x5e, 0x68, 0xe1, 0x1c, 0x68, 0x0d, 0xf3, 0x3f, 0x7a, 0x2e,
0x0e, 0xe7, 0x87, 0xf6, 0x1c, 0xc4, 0x95, 0xd5, 0x2a, 0xa1, 0xa3, 0xb0, 0x38, 0x82, 0xb1, 0x93,
0x46, 0x6b, 0xcf, 0x7a, 0x54, 0x48, 0xdd, 0x59, 0x62, 0x2d, 0xeb, 0x3c, 0x70, 0x0e, 0xf9, 0x1f,
0x8f, 0xf7, 0x06, 0xe6, 0x9d, 0xd4, 0x14, 0xc5, 0xab, 0xb1, 0x22, 0xa0, 0xb9, 0x92, 0x30, 0x83,
0xc7, 0x7b, 0x4e, 0x6a, 0xd5, 0x58, 0x5c, 0x49, 0xe3, 0x3d, 0x6a, 0x2c, 0xf1, 0x1e, 0x78, 0x0f,
0x01, 0x00, 0x00, 0x00, 0xff, 0xff, 0x00, 0x00, 0x00, 0x00, 0xfb, 0x30, 0xfb, 0x30, 0x82, 0x5a,
0x82, 0x5a, 0x41, 0x76, 0x41, 0x76, 0xff, 0x7f, 0xff, 0x7f, 0x41, 0x76, 0x41, 0x76, 0x82, 0x5a,
0x82, 0x5a, 0xfb, 0x30, 0xfb, 0x30, 0x00, 0x00, 0x00, 0x00, 0x05, 0xcf, 0x05, 0xcf, 0x7e, 0xa5,
0x7e, 0xa5, 0xbf, 0x89, 0xbf, 0x89, 0x01, 0x80, 0x01, 0x80, 0xbf, 0x89, 0xbf, 0x89, 0x7e, 0xa5,
0x7e, 0xa5, 0x05, 0xcf, 0x05, 0xcf, 0x00, 0x00, 0x00, 0x00, 0xfb, 0x30, 0xfb, 0x30, 0x82, 0x5a,
0x82, 0x5a, 0x41, 0x76, 0x41, 0x76, 0xff, 0x7f, 0xff, 0x7f, 0x41, 0x76, 0x41, 0x76, 0x82, 0x5a,
0x82, 0x5a, 0xfb, 0x30, 0xfb, 0x30, 0x00, 0x00, 0x00, 0x00, 0x05, 0xcf, 0x05, 0xcf, 0x7e, 0xa5,
0x7e, 0xa5, 0xbf, 0x89, 0xbf, 0x89, 0x01, 0x80, 0x01, 0x80, 0xbf, 0x89, 0xbf, 0x89, 0x7e, 0xa5,
0x7e, 0xa5, 0x05, 0xcf, 0x05, 0xcf, 0x00, 0x00, 0x00, 0x00, 0xfb, 0x30, 0xfb, 0x30, 0x82, 0x5a,
0x82, 0x5a, 0x41, 0x76, 0x41, 0x76, 0xff, 0x7f, 0xff, 0x7f, 0x41, 0x76, 0x41, 0x76, 0x82, 0x5a,
0x82, 0x5a, 0xfb, 0x30, 0xfb, 0x30, 0x00, 0x00, 0x00, 0x00, 0x05, 0xcf, 0x05, 0xcf, 0x7e, 0xa5,
0x7e, 0xa5, 0xbf, 0x89, 0xbf, 0x89, 0x01, 0x80, 0x01, 0x80, 0xbf, 0x89, 0xbf, 0x89, 0x7e, 0xa5,
0x7e, 0xa5, 0x05, 0xcf, 0x05, 0xcf, 0x00, 0x00, 0x00, 0x00, 0xfb, 0x30, 0xfb, 0x30, 0x82, 0x5a,
0x82, 0x5a, 0x41, 0x76, 0x41, 0x76, 0xff, 0x7f, 0xff, 0x7f, 0x41, 0x76, 0x41, 0x76, 0x82, 0x5a,
0x82, 0x5a, 0xfb, 0x30, 0xfb, 0x30, 0x00, 0x00, 0x00, 0x00, 0x05, 0xcf, 0x05, 0xcf, 0x7e, 0xa5,
0x7e, 0xa5, 0xbf, 0x89, 0xbf, 0x89, 0x01, 0x80, 0x01, 0x80, 0xbf, 0x89, 0xbf, 0x89, 0x7e, 0xa5,
0x7e, 0xa5, 0x05, 0xcf, 0x05, 0xcf, 0x00, 0x00, 0x00, 0x00, 0xfb, 0x30, 0xfb, 0x30, 0x82, 0x5a,
0x82, 0x5a, 0x41, 0x76, 0x41, 0x76, 0xff, 0x7f, 0xff, 0x7f, 0x41, 0x76, 0x41, 0x76, 0x82, 0x5a,
0x82, 0x5a, 0xfb, 0x30, 0xfb, 0x30, 0x00, 0x00, 0x00, 0x00, 0x05, 0xcf, 0x05, 0xcf, 0x7e, 0xa5,
0x7e, 0xa5, 0xbf, 0x89, 0xbf, 0x89, 0x01, 0x80, 0x01, 0x80, 0xbf, 0x89, 0xbf, 0x89, 0x7e, 0xa5,
0x7e, 0xa5, 0x05, 0xcf, 0x05, 0xcf, 0x00, 0x00, 0x00, 0x00, 0xfb, 0x30, 0xfb, 0x30, 0x82, 0x5a,
0x82, 0x5a, 0x41, 0x76, 0x41, 0x76, 0xff, 0x7f, 0xff, 0x7f, 0x41, 0x76, 0x41, 0x76, 0x82, 0x5a,
0x82, 0x5a, 0xfb, 0x30, 0xfb, 0x30, 0x00, 0x00, 0x00, 0x00, 0x05, 0xcf, 0x05, 0xcf, 0x7e, 0xa5,
0x7e, 0xa5, 0xbf, 0x89, 0xbf, 0x89, 0x01, 0x80, 0x01, 0x80, 0xbf, 0x89, 0xbf, 0x89, 0x7e, 0xa5,
0x7e, 0xa5, 0x05, 0xcf, 0x05, 0xcf, 0x00, 0x00, 0x00, 0x00, 0xfb, 0x30, 0xfb, 0x30, 0x82, 0x5a,
0x82, 0x5a, 0x41, 0x76, 0x41, 0x76, 0xff, 0x7f, 0xff, 0x7f, 0x41, 0x76, 0x41, 0x76, 0x82, 0x5a,
0x82, 0x5a, 0xfb, 0x30, 0xfb, 0x30, 0x00, 0x00, 0x00, 0x00, 0x05, 0xcf, 0x05, 0xcf, 0x7e, 0xa5,
0x7e, 0xa5, 0xbf, 0x89, 0xbf, 0x89, 0x01, 0x80, 0x01, 0x80, 0xbf, 0x89, 0xbf, 0x89, 0x7e, 0xa5,
0x7e, 0xa5, 0x05, 0xcf, 0x05, 0xcf, 0x00, 0x00, 0x00, 0x00, 0xfb, 0x30, 0xfb, 0x30, 0x82, 0x5a,
0x82, 0x5a, 0x41, 0x76, 0x41, 0x76, 0xff, 0x7f, 0xff, 0x7f, 0x41, 0x76, 0x41, 0x76, 0x82, 0x5a,
0x82, 0x5a, 0xfb, 0x30, 0xfb, 0x30, 0x00, 0x00, 0x00, 0x00, 0x05, 0xcf, 0x05, 0xcf, 0x7e, 0xa5,
0x7e, 0xa5, 0xbf, 0x89, 0xbf, 0x89, 0x01, 0x80, 0x01, 0x80, 0xbf, 0x89, 0xbf, 0x89, 0x7e, 0xa5,
0x7e, 0xa5, 0x05, 0xcf, 0x05, 0xcf, 0x00, 0x00, 0x00, 0x00, 0xfb, 0x30, 0xfb, 0x30, 0x82, 0x5a,
0x82, 0x5a, 0x41, 0x76, 0x41, 0x76, 0xff, 0x7f, 0xff, 0x7f, 0x41, 0x76, 0x41, 0x76, 0x82, 0x5a,
0x82, 0x5a, 0xfb, 0x30, 0xfb, 0x30, 0x00, 0x00, 0x00, 0x00, 0x05, 0xcf, 0x05, 0xcf, 0x7e, 0xa5,
0x7e, 0xa5, 0xbf, 0x89, 0xbf, 0x89, 0x01, 0x80, 0x01, 0x80, 0xbf, 0x89, 0xbf, 0x89, 0x7e, 0xa5,
0x7e, 0xa5, 0x05, 0xcf, 0x05, 0xcf, 0x00, 0x00, 0x00, 0x00, 0xfb, 0x30, 0xfb, 0x30, 0x82, 0x5a,
0x82, 0x5a, 0x41, 0x76, 0x41, 0x76, 0xff, 0x7f, 0xff, 0x7f, 0x41, 0x76, 0x41, 0x76, 0x82, 0x5a,
0x82, 0x5a, 0xfb, 0x30, 0xfb, 0x30, 0x00, 0x00, 0x00, 0x00, 0x05, 0xcf, 0x05, 0xcf, 0x7e, 0xa5,
0x7e, 0xa5, 0xbf, 0x89, 0xbf, 0x89, 0x01, 0x80, 0x01, 0x80, 0xbf, 0x89, 0xbf, 0x89, 0x7e, 0xa5,
0x7e, 0xa5, 0x05, 0xcf, 0x05, 0xcf, 0x00, 0x00, 0x00, 0x00, 0xfb, 0x30, 0xfb, 0x30, 0x82, 0x5a,
0x82, 0x5a, 0x41, 0x76, 0x41, 0x76, 0xff, 0x7f, 0xff, 0x7f, 0x41, 0x76, 0x41, 0x76, 0x82, 0x5a,
0x82, 0x5a, 0xfb, 0x30, 0xfb, 0x30, 0x00, 0x00, 0x00, 0x00, 0x05, 0xcf, 0x05, 0xcf, 0x7e, 0xa5,
0x7e, 0xa5, 0xbf, 0x89, 0xbf, 0x89, 0x01, 0x80, 0x01, 0x80, 0xbf, 0x89, 0xbf, 0x89, 0x7e, 0xa5,
0x7e, 0xa5, 0x05, 0xcf, 0x05, 0xcf, 0x00, 0x00, 0x00, 0x00, 0xfb, 0x30, 0xfb, 0x30, 0x82, 0x5a,
0x82, 0x5a, 0x41, 0x76, 0x41, 0x76, 0xff, 0x7f, 0xff, 0x7f, 0x41, 0x76, 0x41, 0x76, 0x82, 0x5a,
0x82, 0x5a, 0xfb, 0x30, 0xfb, 0x30, 0x00, 0x00, 0x00, 0x00, 0x05, 0xcf, 0x05, 0xcf, 0x7e, 0xa5,
0x7e, 0xa5, 0xbf, 0x89, 0xbf, 0x89, 0x01, 0x80, 0x01, 0x80, 0xbf, 0x89, 0xbf, 0x89, 0x7e, 0xa5,
0x7e, 0xa5, 0x05, 0xcf, 0x05, 0xcf, 0x00, 0x00, 0x00, 0x00, 0xfb, 0x30, 0xfb, 0x30, 0x82, 0x5a,
0x82, 0x5a, 0x41, 0x76, 0x41, 0x76, 0xff, 0x7f, 0xff, 0x7f, 0x41, 0x76, 0x41, 0x76, 0x82, 0x5a,
0x82, 0x5a, 0xfb, 0x30, 0xfb, 0x30, 0x00, 0x00, 0x00, 0x00, 0x05, 0xcf, 0x05, 0xcf, 0x7e, 0xa5,
0x7e, 0xa5, 0xbf, 0x89, 0xbf, 0x89, 0x01, 0x80, 0x01, 0x80, 0xbf, 0x89, 0xbf, 0x89, 0x7e, 0xa5,
0x7e, 0xa5, 0x05, 0xcf, 0x05, 0xcf, 0x00, 0x00, 0x00, 0x00, 0xfb, 0x30, 0xfb, 0x30, 0x82, 0x5a,
0x82, 0x5a, 0x41, 0x76, 0x41, 0x76, 0xff, 0x7f, 0xff, 0x7f, 0x41, 0x76, 0x41, 0x76, 0x82, 0x5a,
0x82, 0x5a, 0xfb, 0x30, 0xfb, 0x30, 0x00, 0x00, 0x00, 0x00, 0x05, 0xcf, 0x05, 0xcf, 0x7e, 0xa5,
0x7e, 0xa5, 0xbf, 0x89, 0xbf, 0x89, 0x01, 0x80, 0x01, 0x80, 0xbf, 0x89, 0xbf, 0x89, 0x7e, 0xa5,
0x7e, 0xa5, 0x05, 0xcf, 0x05, 0xcf, 0x00, 0x00, 0x00, 0x00, 0xfb, 0x30, 0xfb, 0x30, 0x82, 0x5a,
0x82, 0x5a, 0x41, 0x76, 0x41, 0x76, 0xff, 0x7f, 0xff, 0x7f, 0x41, 0x76, 0x41, 0x76, 0x82, 0x5a,
0x82, 0x5a, 0xfb, 0x30, 0xfb, 0x30, 0x00, 0x00, 0x00, 0x00, 0x05, 0xcf, 0x05, 0xcf, 0x7e, 0xa5,
0x7e, 0xa5, 0xbf, 0x89, 0xbf, 0x89, 0x01, 0x80, 0x01, 0x80, 0xbf, 0x89, 0xbf, 0x89, 0x7e, 0xa5,
0x7e, 0xa5, 0x05, 0xcf, 0x05, 0xcf, 0x00, 0x00, 0x00, 0x00, 0xfb, 0x30, 0xfb, 0x30, 0x82, 0x5a,
0x82, 0x5a, 0x41, 0x76, 0x41, 0x76, 0xff, 0x7f, 0xff, 0x7f, 0x41, 0x76, 0x41, 0x76, 0x82, 0x5a,
0x82, 0x5a, 0xfb, 0x30, 0xfb, 0x30, 0x00, 0x00, 0x00, 0x00, 0x05, 0xcf, 0x05, 0xcf, 0x7e, 0xa5,
0x7e, 0xa5, 0xbf, 0x89, 0xbf, 0x89, 0x01, 0x80, 0x01, 0x80, 0xbf, 0x89, 0xbf, 0x89, 0x7e, 0xa5,
0x7e, 0xa5, 0x05, 0xcf, 0x05, 0xcf, 0x00, 0x00, 0x00, 0x00, 0xfb, 0x30, 0xfb, 0x30, 0x82, 0x5a,
0x82, 0x5a, 0x41, 0x76, 0x41, 0x76, 0xff, 0x7f, 0xff, 0x7f, 0x41, 0x76, 0x41, 0x76, 0x82, 0x5a,
0x82, 0x5a, 0xfb, 0x30, 0xfb, 0x30, 0x00, 0x00, 0x00, 0x00, 0x05, 0xcf, 0x05, 0xcf, 0x7e, 0xa5,
0x7e, 0xa5, 0xbf, 0x89, 0xbf, 0x89, 0x01, 0x80, 0x01, 0x80, 0xbf, 0x89, 0xbf, 0x89, 0x7e, 0xa5,
0x7e, 0xa5, 0x05, 0xcf, 0x05, 0xcf, 0x00, 0x00, 0x00, 0x00, 0xfb, 0x30, 0xfb, 0x30, 0x82, 0x5a,
0x82, 0x5a, 0x41, 0x76, 0x41, 0x76, 0xff, 0x7f, 0xff, 0x7f, 0x41, 0x76, 0x41, 0x76, 0x82, 0x5a,
0x82, 0x5a, 0xfb, 0x30, 0xfb, 0x30, 0x00, 0x00, 0x00, 0x00, 0x05, 0xcf, 0x05, 0xcf, 0x7e, 0xa5,
0x7e, 0xa5, 0xbf, 0x89, 0xbf, 0x89, 0x01, 0x80, 0x01, 0x80, 0xbf, 0x89, 0xbf, 0x89, 0x7e, 0xa5,
0x7e, 0xa5, 0x05, 0xcf, 0x05, 0xcf, 0x00, 0x00, 0x00, 0x00, 0xfb, 0x30, 0xfb, 0x30, 0x82, 0x5a,
0x82, 0x5a, 0x41, 0x76, 0x41, 0x76, 0xff, 0x7f, 0xff, 0x7f, 0x41, 0x76, 0x41, 0x76, 0x82, 0x5a,
0x82, 0x5a, 0xfb, 0x30, 0xfb, 0x30, 0x00, 0x00, 0x00, 0x00, 0x05, 0xcf, 0x05, 0xcf, 0x7e, 0xa5,
0x7e, 0xa5, 0xbf, 0x89, 0xbf, 0x89, 0x01, 0x80, 0x01, 0x80, 0xbf, 0x89, 0xbf, 0x89, 0x7e, 0xa5,
0x7e, 0xa5, 0x05, 0xcf, 0x05, 0xcf, 0x00, 0x00, 0x00, 0x00, 0xfb, 0x30, 0xfb, 0x30, 0x82, 0x5a,
0x82, 0x5a, 0x41, 0x76, 0x41, 0x76, 0xff, 0x7f, 0xff, 0x7f, 0x41, 0x76, 0x41, 0x76, 0x82, 0x5a,
0x82, 0x5a, 0xfb, 0x30, 0xfb, 0x30, 0x00, 0x00, 0x00, 0x00, 0x05, 0xcf, 0x05, 0xcf, 0x7e, 0xa5,
0x7e, 0xa5, 0xbf, 0x89, 0xbf, 0x89, 0x01, 0x80, 0x01, 0x80, 0xbf, 0x89, 0xbf, 0x89, 0x7e, 0xa5,
0x7e, 0xa5, 0x05, 0xcf, 0x05, 0xcf, 0x00, 0x00, 0xc0, 0x00, 0xf4, 0x00, 0xc4, 0x00, 0xf4, 0x00,
0xc8, 0x00, 0xf4, 0x00, 0xcc, 0x00, 0xf4, 0x00, 0xd0, 0x00, 0xf4, 0x00, 0xd4, 0x00, 0xf4, 0x00,
0xd8, 0x00, 0xf4, 0x00, 0xdc, 0x00, 0xf4, 0x00
};
//#define STRING_IMAGE_VERSION                     "2016-03-25-116"
//volatile char const __attribute__((section(".version"))) image_version_string[] = {STRING_IMAGE_VERSION};	
#endif
#endif
